Database,Keyword,Seed keyword,Page,Topic,Page type,Tags,Volume,Keyword Difficulty,CPC (USD),Competitive Density,Number of Results,Intent,SERP Features,Trend,Click potential,Content references,Competitors
ca,average basement renovation cost,basement renovation,,,,,90,14,2.85,0.31,131,Informational,"Short Videos, Discussions And Forums, AI Overview, Site Links, Video, Video Carousel, People Also Ask, Related Searches","0.07,0.26,0.26,1.00,0.26,0.42,0.34,0.19,0.19,0.19,0.19,0.19",20,,
ca,average cost of basement renovation,basement renovation,,,,,90,5,6.44,0.33,135,Informational,"Video Carousel, People Also Ask, Related Searches, Discussions And Forums, AI Overview, Site Links, Reviews, Video","0.14,0.78,1.00,1.00,1.00,1.00,1.00,0.50,0.50,0.35,0.21,0.21",20,,
ca,basement conversion,basement renovation,,,,,90,17,0.00,0.22,133,Informational,"People Also Ask, Related Searches, Image Pack, Site Links, Reviews, Video Carousel, AI Overview, Video, Adwords Bottom","0.15,0.42,0.34,0.15,0.11,0.34,0.80,1.00,0.65,0.34,0.07,0.07",20,,
ca,cost estimate for finishing basement,basement renovation,,,,,90,14,1.82,0.04,130,Informational,"People Also Ask, Related Searches, Discussions And Forums, AI Overview, Site Links, Reviews, Video, Video Carousel","0.00,0.19,0.33,1.00,0.23,0.33,0.23,0.52,0.52,0.66,1.00,0.66",20,,
ca,finish a basement,basement renovation,,,,,90,31,6.45,0.35,163,Informational,"Image Pack, Site Links, Video Carousel, People Also Ask, Related Searches, AI Overview, Reviews, Video, Discussions And Forums","0.03,0.06,0.06,0.09,0.09,0.28,0.65,0.34,0.34,1.00,0.21,0.21",20,,
ca,how basement renovation can improve your living,basement renovation,,,,,90,0,0.00,0.00,132,Informational,"Reviews, Video, Video Carousel, People Also Ask, Discussions And Forums, AI Overview","0.33,0.33,0.23,0.04,0.19,0.66,0.66,1.00,0.42,0.42,0.42",,,
ca,refinishing basement,basement renovation,,,,,90,28,5.77,0.40,163,Informational,"Knowledge Panel, Site Links, Video, Adwords Bottom, Related Searches, Discussions And Forums, AI Overview, Image Pack, Reviews, Video Carousel, People Also Ask","0.00,0.00,0.00,0.00,0.00,0.12,1.00,0.09,0.12,0.15,0.09,0.15",20,,
ca,renovating basement,basement renovation,,,,,90,18,5.85,0.31,190,Informational,"Video Carousel, People Also Ask, Related Searches, AI Overview, Local Pack, Image Pack, Reviews, Video","0.23,0.64,0.64,0.82,0.64,0.64,0.52,0.52,0.52,0.41,0.29,0.41",75,,
ca,basement bathroom renovation cost,basement renovation,,,,,70,6,1.93,0.04,192,Informational,"Site Links, Reviews, Video, Video Carousel, People Also Ask, Related Searches, AI Overview","0.07,0.07,0.07,0.07,0.07,0.07,0.07,0.42,0.42,0.42,0.80,0.65",20,,
ca,basement refinishing,basement renovation,,,,,70,36,5.77,0.40,190,Informational,"AI Overview, Local Pack, Image Pack, Reviews, Video, Video Carousel, People Also Ask, Related Searches","0.09,0.12,0.09,0.09,0.06,0.28,0.43,0.43,0.53,0.28,0.43,0.34",75,,
ca,complete basement renovation,basement renovation,,,,,70,22,6.67,0.66,170,Informational,"Reviews, Video, Video Carousel, People Also Ask, Related Searches, AI Overview, Site Links","0.09,0.00,0.00,0.09,0.09,0.33,1.00,1.00,0.52,0.52,0.66,0.52",20,,
ca,average cost of basement remodel,basement renovation,,,,,50,24,2.85,0.31,134,Informational,"Video, People Also Ask, Related Searches, Short Videos, Discussions And Forums, AI Overview, Site Links","0.07,0.15,0.11,0.53,0.15,0.19,0.26,0.19,0.15,0.07,0.07,0.15",20,,
ca,basement finishing cost per sq ft,basement renovation,,,,,50,15,2.93,0.25,133,Informational,"People Also Ask, Related Searches, AI Overview, Site Links, Video, Video Carousel","0.03,0.15,0.19,1.00,0.19,0.15,0.26,0.19,0.26,0.19,0.11,0.15",20,,
ca,basement renovation estimate,basement renovation,,,,,50,5,8.40,0.26,135,Informational,"People Also Ask, Related Searches, Discussions And Forums, AI Overview, Site Links, Reviews, Video, Video Carousel","0.22,0.77,0.77,0.55,0.55,1.00,0.33,0.44,0.55,0.55,0.77,0.55",20,,
ca,basement renovation permit,basement renovation,,,,,50,13,2.05,0.05,133,Informational,"Video, People Also Ask, Related Searches, Site Links, Reviews","0.05,0.11,0.11,0.41,0.29,0.41,0.29,0.41,0.05,1.00,0.05,0.23",20,,
ca,cost of basement remodel per square foot,basement renovation,,,,,50,17,2.93,0.25,132,Informational,"AI Overview, Site Links, Video, People Also Ask, Related Searches, Discussions And Forums","0.00,0.00,0.00,1.00,0.29,0.00,0.00,0.00,0.14,0.00,0.08,0.00",20,,
ca,how to redo a basement,basement renovation,,,,,50,37,1.14,0.13,104,Informational,"Site Links, Reviews, Video, Video Carousel, People Also Ask, Related Searches","0.09,0.09,0.09,0.52,0.09,0.09,0.09,0.52,0.52,0.52,0.09,0.09",20,,
ca,how to remodel a basement,basement renovation,,,,,50,39,1.14,0.33,103,Informational,"Site Links, Reviews, Video, Video Carousel, People Also Ask, Related Searches","0.09,0.09,0.09,0.52,0.09,0.09,0.09,0.52,0.52,0.52,0.09,0.09",20,,
ca,renovate basement,basement renovation,,,,,50,27,5.20,0.28,108,Informational,"Video, Adwords Top, Adwords Bottom, Video Carousel, People Also Ask, Related Searches, Image Pack, Site Links, Short Videos, AI Overview, Local Pack","0.28,0.78,0.35,0.78,0.35,0.28,0.28,0.21,0.21,0.21,0.28,0.35",20,,
ca,small basement renovation,basement renovation,,,,,50,34,4.04,0.15,189,Informational,"Image, Video Carousel, People Also Ask, Related Searches, Short Videos, Image Pack, Reviews, Video","0.07,0.14,0.35,0.50,0.21,0.21,0.14,0.50,0.78,1.00,0.64,0.78",90,,
ca,basement apartment renovation,basement renovation,,,,,70,12,2.38,0.13,136,Informational,"Local Pack, Reviews, Video, Related Searches, Adwords Middle, AI Overview, Video Carousel, People Also Ask, Discussions And Forums","0.18,0.63,0.45,0.45,0.45,0.63,0.27,0.81,0.81,1.00,1.00,1.00",90,,
ca,basements renovations,basement renovation,,,,,70,34,7.42,0.49,143,Informational,"Related Searches, Local Pack, Image Pack, Reviews, Video, Adwords Bottom, Video Carousel, People Also Ask","0.00,0.22,0.18,0.22,0.18,0.18,0.18,0.10,0.08,0.06,0.08,0.10",75,,
ca,remodel basement,basement renovation,,,,,70,36,5.85,0.31,169,Informational,"Reviews, Video Carousel, Discussions And Forums, Knowledge Panel, Image Pack, Video, People Also Ask, Related Searches, AI Overview","0.28,0.12,0.12,0.43,0.28,0.12,0.09,0.28,0.21,0.15,0.15,0.15",70,,
ca,remodeling a basement,basement renovation,,,,,50,46,5.78,0.29,107,Informational,"Reviews, Video, People Also Ask, Discussions And Forums, Local Pack, Image Pack, Site Links, Video Carousel, Related Searches, AI Overview","0.12,0.43,0.43,0.21,0.12,0.12,0.12,0.09,0.12,0.09,0.06,0.12",20,,
ca,affordable basement finishing toronto,basement renovation,,,,,90,29,0.00,0.00,183,Informational,"Related Searches, Discussions And Forums, AI Overview, Local Pack, Site Links, Video, People Also Ask","0.27,0.63,0.81,0.81,0.81,0.81,1.00,1.00",20,,
ca,contractors to finish a basement,basement renovation,,,,,90,14,13.68,0.15,139,Informational,"People Also Ask, Related Searches, AI Overview, Reviews, Video","0.14,0.14,0.14,0.78,0.28,0.78,0.78,0.78,0.64,1.00,1.00,0.78",90,,
ca,legal basement apartment contractors,basement renovation,,,,,90,15,0.00,0.00,143,Informational,"Reviews, Video, Adwords Bottom, People Also Ask, Related Searches, Discussions And Forums, AI Overview, Knowledge Panel","0.14,0.64,0.35,0.64,0.50,0.64,1.00,1.00,0.50,0.78,1.00,0.78",70,,
ca,basement renovation gta,basement renovation,,,,,70,45,0.00,0.68,127,Informational,"AI Overview, Site Links, Reviews, Video, People Also Ask, Related Searches, Discussions And Forums","0.11,0.11,0.23,0.29,0.23,0.17,0.29,0.82,0.82,1.00,1.00,0.64",20,,
ca,basement renovations nobleton,basement renovation,,,,,70,5,0.00,0.33,120,Informational,"Local Pack, Reviews, Video, People Also Ask, AI Overview","0.05,0.41,0.29,1.00,0.41,0.52,0.52,0.64,0.41,0.52,0.52,0.41",90,,
ca,basement bathroom renovations,basement renovation,,,,,70,10,5.44,0.36,196,Informational,"People Also Ask, Discussions And Forums, Local Pack, Image Pack, Reviews, Video, Video Carousel, Related Searches, AI Overview","0.18,0.63,0.63,0.63,0.63,1.00,0.63,0.81,1.00,0.63,0.63,0.81",90,,
ca,small basement renovations,basement renovation,,,,,50,32,4.04,0.15,178,Informational,"People Also Ask, Related Searches, Short Videos, Image Pack, Reviews, Video, Image, Video Carousel","0.63,0.81,0.45,0.81,0.81,0.27,0.36,0.45,0.27,0.45,0.27,0.27",90,,
ca,basement renovation before and after,basement renovation,,,,,90,30,2.61,0.08,128,Informational,"Video, Video Carousel, Related Searches, Image Pack, Site Links, Image, People Also Ask, Short Videos, AI Overview","0.41,0.41,0.41,0.64,0.52,0.52,0.41,0.52,0.41,0.52,0.41,0.23",20,,
ca,basement renovation steps,basement renovation,,,,,70,33,1.28,0.21,121,Informational,"Video Carousel, Related Searches, Discussions And Forums, AI Overview, Site Links, Reviews, Video","0.50,0.50,0.50,0.50,0.64,0.50,0.50,0.64,0.50,0.64,0.50,0.50",20,,
ca,permit to finish basement,basement renovation,,,,,70,12,1.40,0.06,137,Informational,"People Also Ask, Related Searches, Discussions And Forums, AI Overview, Site Links, Reviews, Video","0.07,0.07,0.07,0.07,0.42,0.42,0.07,0.42,0.42,0.42,0.42,0.26",20,,
ca,remodel a basement,basement renovation,,,,,50,28,5.78,0.29,162,Informational,"Video, Short Videos, Image Pack, Reviews, Video Carousel, People Also Ask, Related Searches, AI Overview, Local Pack","0.00,0.21,0.21,0.21,0.34,0.06,0.12,0.15,0.12,0.21,0.15,0.12",90,,
ca,basement renos before and after,basement renovation,,,,,90,24,2.61,0.08,110,Informational,"Image Pack, Site Links, Reviews, Video, Image, Video Carousel, Related Searches, AI Overview","0.50,0.50,0.50,1.00,0.78,0.50,0.50,0.64,0.50,0.64,0.50,0.28",20,,
ca,how much does a basement renovation cost,basement renovation,,,,,90,10,2.22,0.17,132,Informational,"People Also Ask, Related Searches, Discussions And Forums, AI Overview, Site Links, Reviews, Video","0.50,0.50,0.64,1.00,0.50,0.78,0.64,0.50,0.50,0.64,0.50,0.50",20,,
ca,finishing basements,basement renovation,,,,,70,26,4.85,0.30,193,Informational,"People Also Ask, Related Searches, Discussions And Forums, Local Pack, Site Links, Reviews, Video, Video Carousel","0.10,0.28,0.28,0.12,0.17,0.17,0.23,0.23,0.17,0.17,0.17,0.17",20,,
ca,basement renovations ideas,basement renovation,,,,,90,27,0.43,0.24,185,Informational,"AI Overview, Image Pack, Reviews, Video, Image, Video Carousel, People Also Ask, Related Searches","0.23,0.35,0.28,0.28,0.23,0.17,0.23,0.23,0.23,0.28,0.23,0.23",90,,
ca,finished basement cost,basement renovation,,,,,90,24,3.19,0.27,87,"Informational, Commercial","Related Searches, Discussions And Forums, AI Overview, Site Links, Reviews, People Also Ask","0.17,1.00,0.52,0.82,0.64,0.64,1.00,0.64,0.41,0.41,0.29,0.41",20,,
ca,basement finish cost,basement renovation,,,,,50,22,3.19,0.27,185,"Informational, Commercial","Video Carousel, People Also Ask, Related Searches, Discussions And Forums, AI Overview, Site Links, Reviews, Video","0.11,0.64,0.17,1.00,0.17,0.11,0.05,0.11,0.11,0.05,0.05,0.23",20,,
ca,basement remodel before and after,basement renovation,,,,,90,34,2.61,0.08,124,Informational,"Video, Image, Video Carousel, People Also Ask, Related Searches, Short Videos, Image Pack, Site Links","0.50,0.50,0.50,1.00,0.78,0.50,0.50,0.64,0.50,0.64,0.50,0.28",20,,
ca,home renovation courses toronto,basement renovation,,,,,90,23,0.69,0.52,116,Informational,"Knowledge Panel, Site Links, Video, Related Searches, Discussions And Forums","0.06,0.09,0.12,0.12,0.09,0.12,0.15,0.65,0.65,0.81,0.65,0.34",20,,
ca,interior renovation toronto,basement renovation,,,,,90,50,0.00,0.66,135,Informational,"Discussions And Forums, AI Overview, Local Pack, Reviews, Video, People Also Ask, Related Searches","0.00,0.35,1.00,1.00,0.50,0.64,0.64,0.78,1.00,1.00,0.78,0.78",90,,
ca,small basement renovation ideas,basement renovation,,,,,90,23,0.00,0.03,60,Informational,"Image, People Also Ask, Related Searches, Image Pack","0.03,0.18,0.11,0.23,0.15,0.08,0.08,0.11,0.18,0.23,0.11,0.08",90,,
ca,toronto full home renovation cost,basement renovation,,,,,90,4,0.00,0.86,116,Informational,"Site Links, Reviews, Video, People Also Ask, Related Searches","0.09,0.23,0.33,0.19,0.09,0.23,0.14,0.80,1.00,1.00,1.00,0.52",20,,
ca,toronto investment property renovations,basement renovation,,,,,90,5,0.00,0.00,132,Informational,"People Also Ask, Related Searches, Discussions And Forums, AI Overview, Reviews, Video","0.18,0.81,0.81,1.00,0.81,0.81,0.81,0.63",90,,
ca,apartment in basement,basement renovation,,,,,70,32,0.23,0.11,84300000,Informational,"AI Overview, Site Links, Reviews, Video, Video Carousel, People Also Ask, Related Searches, Discussions And Forums","0.00,0.00,0.00,0.00,0.00,0.00,0.00,1.00,0.00,0.00,0.54,0.00",20,,
ca,basement remodel permits,basement renovation,,,,,70,15,1.40,0.06,141,Informational,"Site Links, Reviews, Video, Video Carousel, People Also Ask, Related Searches","0.18,0.18,0.18,0.18,1.00,1.00,0.18,1.00,1.00,1.00,1.00,0.63",20,,
ca,home renovation show toronto,basement renovation,,,,,70,15,0.00,0.10,107,"Informational, Transactional","Site Links, Reviews, Video, People Also Ask, Related Searches, Knowledge Panel","0.11,0.11,0.11,0.11,0.11,0.17,0.29,0.82,1.00,1.00,0.82,0.64",20,,
ca,home renovation workshops toronto,basement renovation,,,,,70,14,0.00,0.00,122,Informational,"Local Pack, Site Links, Video, People Also Ask, Related Searches, AI Overview","0.00,0.00,0.07,0.07,0.11,0.15,0.11,0.65,0.80,1.00,0.65,0.65",20,,
ca,ontario home remodeler,basement renovation,,,,,70,12,0.00,0.00,141,Informational,"Video, People Also Ask, Related Searches, Discussions And Forums, AI Overview, Local Pack, Reviews","0.00,0.77,1.00,1.00,1.00,1.00",90,,
ca,ontario home remodelling,basement renovation,,,,,70,9,0.00,0.00,142,Informational,"Video, Related Searches, Discussions And Forums, AI Overview, Local Pack, Reviews","0.09,0.63,1.00,1.00,0.81,0.81",90,,
ca,renovate basement cost,basement renovation,,,,,70,17,2.51,0.15,135,Informational,"Short Videos, Discussions And Forums, AI Overview, Site Links, Video, Video Carousel, People Also Ask, Related Searches","0.21,0.21,0.35,0.50,0.35,1.00,0.50,0.64,0.35,0.64,0.35,1.00",20,,
ca,toronto renovates,basement renovation,,,,,70,12,6.89,0.47,137,Informational,"Reviews, Video, Video Carousel, People Also Ask, Related Searches, AI Overview","0.00,0.50,0.50,1.00,0.14,0.21,0.50,0.78,0.64,1.00,0.64,0.64",75,,
ca,basement suit,basement renovation,,,,,50,16,0.26,0.07,165,Informational,"Image Pack, Site Links, Reviews, Video, People Also Ask, Related Searches","0.23,0.14,1.00,0.14,0.19,0.14,0.14,0.23,0.09,0.14,0.09,0.14",20,,
ca,decorating basement apartment,basement renovation,,,,,50,22,0.42,0.27,188,Informational,"Image Pack, Site Links, Video, Image, Video Carousel, Related Searches","0.27,0.81,0.63,0.81,0.45,0.36,0.36,0.45,0.36,0.27,0.27,0.18",20,,
ca,exterior home renovations toronto,basement renovation,,,,,50,4,3.88,1.00,139,Informational,"Local Pack, Video, People Also Ask, Related Searches, AI Overview","0.14,0.50,1.00,1.00,0.50,0.64,0.21,0.14,0.14,0.14,0.14,0.21",90,,
ca,finishing the basement,basement renovation,,,,,50,25,6.45,0.35,103,Informational,"Video Carousel, People Also Ask, Related Searches, Discussions And Forums, Site Links, Reviews, Video","0.05,0.05,0.05,0.08,0.05,0.01,0.00,0.01,0.54,0.08,0.01,0.06",20,,
ca,basement floor layout,basement renovation,,,,,90,12,0.00,0.33,188,Informational,"People Also Ask, Related Searches, Image Pack, Reviews, Video, Image, Video Carousel","0.66,0.66,0.66,0.52,0.42,0.66,0.52,0.04,0.09,0.09,0.09,0.00",90,,
ca,basement idea,basement renovation,,,,,90,37,0.40,0.12,137,Informational,"Image Pack, Reviews, Video, Image, Video Carousel, People Also Ask, Related Searches","0.65,0.34,0.42,0.53,0.26,0.42,0.26,0.42,0.19,0.34,0.15,0.07",75,,
ca,basement renovation cost calculator canada,basement renovation,,,,,90,5,1.18,0.42,116,Informational,"Site Links, Reviews, Video, People Also Ask, Related Searches, AI Overview","0.01,0.02,0.03,0.03,0.02,0.04,0.02,0.05,0.07,0.08,0.07,0.05",20,,
ca,basement renovation cost mississauga,basement renovation,,,,,90,8,0.00,0.05,122,Informational,"Related Searches, Discussions And Forums, AI Overview, Site Links, Video, People Also Ask","0.11,0.29,0.41,0.64,0.41,1.00,1.00,1.00,0.82,0.82,1.00,0.52",20,,
ca,basement shower,basement renovation,,,,,90,27,0.58,1.00,165,Informational,"Site Links, Video, Video Carousel, People Also Ask, Related Searches, Discussions And Forums, AI Overview","0.11,0.34,0.42,0.34,0.42,0.34,0.26,0.42,0.34,0.42,0.34,0.26",20,,
ca,steps to finishing a basement,basement renovation,,,,,90,30,1.15,0.21,127,Informational,"Reviews, Video, Video Carousel, People Also Ask, Discussions And Forums, AI Overview, Site Links","0.33,0.42,0.33,0.42,0.52,0.52,0.33,0.52,0.42,0.52,0.33,0.33",20,,
ca,basement apartment contractor,basement renovation,,,,,70,4,0.00,0.08,140,Informational,"AI Overview, Reviews, Video, People Also Ask, Related Searches","0.50,1.00,1.00,0.50,0.50,0.35,0.78,0.50,0.14,0.50,0.50,0.50",90,,
ca,small basement remodeling,basement renovation,,,,,70,35,4.04,0.15,200,Informational,"Related Searches, Image Pack, Reviews, Video, Image, Video Carousel, People Also Ask, Popular Products","0.23,0.33,0.09,1.00,0.52,0.09,0.14,0.09,0.14,0.42,0.14,0.09",90,,
ca,cost of finishing basement ontario,basement renovation,,,,,50,2,1.50,0.32,124,Informational,"Discussions And Forums, AI Overview, Site Links, Video, People Also Ask, Related Searches","0.44,1.00,1.00,1.00,0.77,0.55,0.55,0.77,0.44,0.55,0.33,0.33",20,,
ca,design basement,basement renovation,,,,,50,37,1.36,0.29,66,Informational,"Image, People Also Ask, Related Searches, Image Pack, Reviews","0.06,0.06,0.06,0.15,0.09,0.12,0.06,0.06,0.21,0.09,0.09,0.06",75,,
ca,how to finish basement,basement renovation,,,,,50,32,0.64,0.18,106,Informational,"AI Overview, Image Pack, Site Links, People Also Ask, Related Searches, Discussions And Forums, Reviews, Video, Video Carousel","0.35,0.35,0.64,0.50,0.28,0.50,0.35,0.50,0.35,0.35,0.21,0.21",20,,
ca,small basement reno ideas,basement renovation,,,,,50,31,1.06,0.06,192,Informational,"Image, Adwords Bottom, Video Carousel, People Also Ask, Related Searches, Image Pack, Reviews, Video","0.06,0.21,0.12,0.21,0.09,0.12,0.15,0.12,0.34,0.28,0.21,0.12",90,,
ca,basement bathroom cost,basement renovation,,,,,90,7,1.68,0.51,185,"Informational, Commercial","Site Links, Reviews, Video, Video Carousel, People Also Ask, Popular Products, Related Searches, AI Overview","0.14,0.52,0.42,0.33,0.23,0.42,0.66,0.52,0.33,0.33,1.00,0.52",20,,
ca,basement room,basement renovation,,,,,90,40,0.00,0.01,187,Informational,"Discussions And Forums, Reviews, Video, Image, Video Carousel, People Also Ask, Related Searches","0.52,0.66,0.42,0.52,0.33,0.42,0.33,0.52,0.33,0.52,0.52,0.52",75,,
ca,how to remodel bathroom,basement renovation,,,,,90,41,0.58,0.27,47800000,Informational,"Related Searches, Discussions And Forums, AI Overview, Site Links, Reviews, Video, Video Carousel, People Also Ask","0.00,0.01,0.01,0.02,0.03,0.02,0.00,0.02,0.02,0.02,0.88,1.00",20,,
ca,renovate washroom,basement renovation,,,,,90,33,2.95,0.54,184,Informational,"Related Searches, Knowledge Panel, Image Pack, Reviews, Video, Video Carousel, People Also Ask, Popular Products","0.00,0.00,0.01,0.00,0.01,0.00,0.01,0.00,0.01,0.01,1.00,0.01",70,,
ca,bathroom remodel mistakes,basement renovation,,,,,70,37,0.00,0.33,186,Informational,"Reviews, Video, Video Carousel, People Also Ask, Related Searches, Discussions And Forums, AI Overview","0.18,0.18,0.18,1.00,1.00,1.00,1.00,1.00,0.18,0.18,0.18,0.18",90,,
ca,bathroom renovation mistakes,basement renovation,,,,,70,30,0.00,0.01,128,Informational,"Video, Video Carousel, People Also Ask, Related Searches, Short Videos, AI Overview","0.18,0.27,0.36,1.00,1.00,1.00,1.00,1.00,0.36,0.45,0.63,0.36",90,,
ca,bathroom renovations blog,basement renovation,,,,,70,16,0.00,0.24,166,Informational,"Reviews, Video, Related Searches, AI Overview","0.22,0.77,0.77,0.55,1.00,0.77,0.77,0.77,0.77,1.00,1.00,0.44",90,,
ca,how finish a basement,basement renovation,,,,,70,32,0.64,0.18,65700000,Informational,"AI Overview, Site Links, Reviews, Video, Video Carousel, People Also Ask, Related Searches, Discussions And Forums","0.41,0.52,0.41,0.41,0.29,0.41,0.64,0.64,0.64,0.29,0.41,0.29",20,,
ca,how finish basement,basement renovation,,,,,70,24,0.64,0.18,167,Informational,"Video Carousel, People Also Ask, Related Searches, Discussions And Forums, Site Links, Reviews, AI Overview, Image Pack, Video","0.41,0.52,0.41,0.41,0.29,0.41,0.64,0.64,0.64,0.29,0.41,0.29",20,,
ca,basement suite design ideas,basement renovation,,,,,50,27,0.56,0.07,186,Informational,"Video Carousel, Related Searches, Image Pack, Reviews, Video, Image","0.09,0.23,0.23,0.52,0.23,0.19,0.14,0.33,0.23,0.19,0.14,0.14",90,,
ca,bathroom remodel checklist,basement renovation,,,,,50,23,1.33,0.13,182,Informational,"Discussions And Forums, Image Pack, Site Links, Reviews, Video, Image, Video Carousel, Related Searches","0.26,0.26,0.15,0.11,0.07,0.07,0.07,0.07,0.07,0.26,0.42,0.34",20,,
ca,cost of renovating basement,basement renovation,,,,,50,12,2.51,0.15,136,Informational,"Video Carousel, People Also Ask, Related Searches, Short Videos, Discussions And Forums, AI Overview, Site Links, Video","0.21,0.35,0.50,0.50,0.35,0.35,0.21,0.64,0.35,0.64,0.35,1.00",20,,
ca,modern bathroom renovation,basement renovation,,,,,50,51,2.04,0.95,194,Informational,"Video, Image, Video Carousel, People Also Ask, Related Searches, Image Pack, Reviews","0.09,0.27,0.36,0.36,0.63,0.63,1.00,0.81,0.45,0.36,0.18,0.18",90,,
ca,basement finished,basement renovation,,,,,70,41,3.96,0.30,133,Informational,"Reviews, People Also Ask, Related Searches, Short Videos, Video, Video Carousel, AI Overview, Image Pack, Site Links","0.19,0.11,0.80,0.26,0.15,0.11,0.07,0.07,1.00,0.19,0.07,0.19",20,,
ca,basement renovation costs,basement renovation,,,,,70,7,3.30,0.17,133,Informational,"Site Links, Reviews, Video, Video Carousel, People Also Ask, Related Searches, Discussions And Forums, AI Overview","0.04,1.00,0.52,0.42,0.33,0.42,0.42,0.33,0.33,0.33,0.23,0.23",20,,
ca,basement renovation services toronto,basement renovation,,,,,70,42,22.14,0.45,121,Informational,"Local Pack, Reviews, Video, People Also Ask, Related Searches, Discussions And Forums, Adwords Middle, AI Overview","0.05,0.64,0.64,1.00,0.64,0.41,0.41,0.41,0.23,0.29,0.29,0.52",90,,
ca,basement to bedroom,basement renovation,,,,,70,30,0.00,0.11,164,Informational,"Image, People Also Ask, Short Videos, Image Pack, Site Links, Video, Video Carousel, Related Searches, AI Overview, Reviews","0.44,1.00,1.00,0.77,0.77,1.00,0.44,0.55,0.55,0.77,0.77,0.55",20,,
ca,basement finish ideas,basement renovation,,,,,50,37,0.38,0.18,195,Informational,"Image Pack, Image, Video Carousel, Short Videos, Discussions And Forums, AI Overview, Site Links, Video, People Also Ask, Related Searches","0.00,0.06,0.06,0.06,0.03,0.65,0.03,0.06,0.03,0.03,0.03,0.06",20,,
ca,basement ideas design,basement renovation,,,,,50,34,0.47,0.26,191,Informational,"People Also Ask, Related Searches, Image Pack, Reviews, Video, Image, Video Carousel","0.03,0.09,0.09,0.12,0.21,0.21,1.00,0.00,0.03,0.12,0.09,0.43",90,,
ca,basement renos ideas,basement renovation,,,,,50,33,0.43,0.24,193,Informational,"Related Searches, AI Overview, Image Pack, Reviews, Video, Image, Video Carousel, People Also Ask","0.00,0.57,0.71,1.00,0.71,0.71,1.00,0.71,0.71,0.71,0.57,0.42",90,,
ca,how to renovate a cellar,basement renovation,,,,,50,24,1.14,0.13,106,Informational,"Related Searches, Discussions And Forums, Site Links, Reviews, Video, Video Carousel, People Also Ask","0.18,0.18,0.18,1.00,0.18,0.18,0.18,1.00,1.00,1.00,0.18,0.18",20,,
ca,basement remodel steps,basement renovation,,,,,90,25,1.15,0.21,180,Informational,"Image Pack, Site Links, Reviews, Video, Video Carousel, People Also Ask, Related Searches, AI Overview","0.50,0.64,0.50,0.50,0.64,0.50,0.50,0.64,0.50,0.64,0.50,0.50",20,,
ca,basement renovation ideas for small basements,basement renovation,,,,,90,26,0.00,0.03,195,Informational,"Video Carousel, People Also Ask, Popular Products, Related Searches, AI Overview, Reviews, Video","0.06,0.28,0.21,0.53,0.34,0.15,0.15,0.21,0.34,0.43,0.21,0.15",90,,
ca,basement walkout construction,basement renovation,,,,,90,6,4.62,0.02,129,Informational,"Video, Video Carousel, People Also Ask, Related Searches, Short Videos, Discussions And Forums, AI Overview, Reviews","0.00,0.19,0.11,0.11,0.19,0.19,0.19,0.42,1.00,0.80,0.65,0.80",90,,
ca,basement washroom,basement renovation,,,,,90,24,2.01,0.41,181,Informational,"Image, Video Carousel, People Also Ask, Related Searches, Discussions And Forums, Site Links, Reviews, Video","0.14,0.33,0.33,0.66,0.52,0.33,0.42,0.80,0.52,0.80,0.42,0.42",20,,
ca,bathroom in basement,basement renovation,,,,,90,18,2.01,0.41,164,Informational,"Related Searches, Discussions And Forums, Image Pack, Site Links, Reviews, Video, Video Carousel, People Also Ask","0.06,0.18,0.14,0.29,0.18,0.18,0.22,0.18,0.29,0.29,0.29,0.29",20,,
ca,finished basement company,basement renovation,,,,,90,57,14.85,0.29,109,Informational,"Local Pack, Reviews, People Also Ask, Related Searches, AI Overview","0.06,0.15,0.21,1.00,0.34,0.21,0.15,0.28,0.21,0.28,0.21,0.21",90,,
ca,how much does it cost to finish a basement ontario,basement renovation,,,,,90,3,1.08,0.23,130,Informational,"AI Overview, Site Links, Reviews, Video, People Also Ask, Related Searches","0.05,0.14,0.14,0.14,0.11,0.09,0.07,0.09,0.09,0.09,0.07,0.05",20,,
ca,walkout basement construction,basement renovation,,,,,90,10,3.56,0.02,109,Informational,"Image Pack, Site Links, Video, Video Carousel, People Also Ask, Related Searches, Short Videos, AI Overview","0.02,0.05,0.05,0.15,0.15,0.15,0.15,0.15,0.36,0.19,0.19,0.19",20,,
ca,basement cost calculator,basement renovation,,,,,70,5,1.66,0.24,104,Informational,"AI Overview, Reviews, Video, Video Carousel, People Also Ask, Related Searches","0.07,0.26,0.34,0.42,0.11,0.26,0.26,0.34,0.19,0.26,0.19,0.26",90,,
ca,basement remodeling before and after,basement renovation,,,,,70,32,2.61,0.08,27600000,Informational,"Related Searches, Image Pack, Site Links, Video, Image, Video Carousel, People Also Ask","0.78,0.50,0.35,0.78,0.50,0.50,0.28,0.50,0.50,0.28,0.07,0.07",20,,
ca,how much does a basement remodel cost,basement renovation,,,,,70,31,2.22,0.17,193,Informational,"Short Videos, Discussions And Forums, AI Overview, Site Links, Reviews, Video, People Also Ask, Related Searches","0.52,0.41,0.41,1.00,0.52,0.29,0.29,0.29,0.41,0.41,0.41,0.29",20,,
ca,new basement construction cost,basement renovation,,,,,70,11,0.00,0.00,134,Informational,"Site Links, Reviews, Video, Video Carousel, People Also Ask, Related Searches, Discussions And Forums, AI Overview","0.00,0.81,1.00,0.45,0.81,0.81,0.81,0.81,0.63,1.00,0.81,0.45",20,,
ca,average cost to renovate a basement,basement renovation,,,,,50,10,2.22,0.19,135,Informational,"Site Links, Video Carousel, People Also Ask, Related Searches, Adwords Middle, AI Overview, Reviews, Video, Discussions And Forums","0.18,0.36,0.45,1.00,0.63,0.45,0.36,0.36,0.36,0.45,0.36,0.45",20,,
ca,basement plan,basement renovation,,,,,50,27,1.76,0.21,132,Informational,"Video Carousel, Discussions And Forums, Site Links, Reviews, Video, Image, People Also Ask, Related Searches, Image Pack","0.06,0.12,0.21,0.15,0.28,0.12,0.09,0.21,0.09,0.15,0.12,0.06",20,,
ca,cost to build a basement,basement renovation,,,,,50,9,2.33,0.33,135,Informational,"People Also Ask, Related Searches, Short Videos, AI Overview, Video, Discussions And Forums, Site Links, Reviews, Video Carousel","0.14,0.35,0.35,0.50,0.28,0.14,0.14,0.50,0.14,0.78,0.78,0.78",20,,
ca,how much does it cost to develop a basement,basement renovation,,,,,50,5,2.24,0.33,137,Informational,"Site Links, Reviews, Video, People Also Ask, Related Searches, Discussions And Forums","0.14,0.50,0.50,0.50,0.50,0.35,0.35,0.35,0.28,0.35,0.28,0.21",20,,
ca,how much to finish a basement canada,basement renovation,,,,,50,9,2.12,0.33,127,Informational,"Site Links, Reviews, Video, People Also Ask, Related Searches, Discussions And Forums","0.00,0.02,0.02,0.01,0.02,0.02,0.02,0.03,0.02,0.02,0.01,0.01",20,,
ca,basement building plans,basement renovation,,,,,90,23,0.35,0.66,189,Informational,"Related Searches, Reviews, Video, Video Carousel, AI Overview, Image Pack, Site Links, Image, People Also Ask","0.64,0.50,0.50,0.35,0.50,0.64,0.64,0.78,0.64,0.78,0.78,0.50",20,,
ca,basement house blueprints,basement renovation,,,,,90,15,0.35,0.66,136,Informational,"Reviews, Video, Video Carousel, Related Searches, Image Pack, Site Links","0.52,0.64,0.52,0.52,0.52,0.64,0.64,1.00,0.00,0.64,0.64,0.52",20,,
ca,basement office renovation,basement renovation,,,,,90,22,0.00,0.05,127,Informational,"People Also Ask, Related Searches, Local Pack, Image Pack, Video, Video Carousel","0.00,0.41,0.52,0.64,0.52,0.52,0.64,1.00,1.00,1.00,0.82,0.64",90,,
ca,basement pics,basement renovation,,,,,90,23,0.00,0.01,141,Informational,"Image Pack, Video, Image, People Also Ask, Related Searches","0.64,0.50,0.50,0.78,0.64,0.64,0.64,0.64,0.50,0.64,0.64,0.50",75,,
ca,basement renovation cost ottawa,basement renovation,,,,,90,5,2.41,0.38,120,Informational,"Site Links, Reviews, Video, People Also Ask, Related Searches, AI Overview","0.04,0.19,0.23,0.23,0.23,0.23,0.33,0.80,0.80,1.00,0.80,0.52",20,,
ca,basement renovation new tecumseth,basement renovation,,,,,90,11,0.00,0.00,132,Informational,"Local Pack, Video, People Also Ask, Related Searches, Discussions And Forums","0.36,1.00,0.81,1.00,1.00,0.81,1.00,0.63",90,,
ca,basement renovation ottawa cost,basement renovation,,,,,90,1,0.00,0.00,124,Informational,"Reviews, Video, People Also Ask, Related Searches, AI Overview, Site Links","0.00,0.19,0.19,0.23,0.23,0.52,0.33,0.66,0.80,1.00,0.80,1.00",20,,
ca,finished basement ideas small,basement renovation,,,,,90,37,0.00,0.05,196,Informational,"Reviews, Video, Image, Video Carousel, People Also Ask, Related Searches, Image Pack","0.06,0.21,0.21,1.00,0.28,0.21,0.12,0.21,0.15,0.21,0.15,0.12",90,,
ca,kitchen for basement,basement renovation,,,,,90,18,0.97,0.98,188,Informational,"Site Links, People Also Ask, Popular Products, Image Pack, Reviews, Video, Image, Video Carousel, Related Searches, Short Videos","0.11,0.64,0.52,0.64,0.41,0.52,0.64,0.64,0.52,0.82,1.00,0.64",20,,
ca,modern basement,basement renovation,,,,,90,20,4.82,0.09,182,Informational,"Reviews, Video, Image, Video Carousel, Popular Products, Related Searches, Image Pack","0.28,0.34,0.28,0.28,0.34,0.34,0.28,0.34,0.28,0.21,0.28,0.21",75,,
ca,office space in the basement,basement renovation,,,,,90,19,0.00,0.33,137,Informational,"AI Overview, Image Pack, Site Links, Reviews, Video, Video Carousel, People Also Ask, Related Searches","0.11,0.29,0.41,0.29,0.64,1.00,0.52,0.82,0.64,0.82,0.82,0.52",20,,
ca,ottawa basement renovation companies,basement renovation,,,,,90,14,0.00,0.00,110,Informational,"Site Links, Reviews, Video, Related Searches, Discussions And Forums, AI Overview, Local Pack","0.00,1.00,0.64,0.78,0.78,0.21,0.64",20,,
ca,room basement,basement renovation,,,,,90,31,0.00,0.01,198,Informational,"Image Pack, Reviews, Video, People Also Ask, Related Searches","0.34,0.34,0.26,0.34,0.34,0.26,0.26,0.34,0.26,0.42,0.34,0.34",75,,
ca,basement apartment kitchen,basement renovation,,,,,70,18,0.00,0.37,211,"Informational, Commercial","Image Pack, Reviews, Video Carousel, People Also Ask, Popular Products, Video, Image, Related Searches, Discussions And Forums","0.09,0.33,0.42,0.42,0.23,0.23,0.42,0.23,0.23,0.33,0.80,0.52",90,,
ca,basement office space,basement renovation,,,,,70,13,0.00,0.33,134,Informational,"Image Pack, Site Links, Video, Image, Video Carousel, People Also Ask, Related Searches","0.09,0.33,0.42,0.42,0.23,0.80,0.42,0.42,0.42,0.52,0.52,0.52",20,,
ca,basement renovations elmvale,basement renovation,,,,,70,8,4.56,0.42,19100,Informational,"Local Pack, Site Links, Reviews, Video","0.63,1.00,1.00,0.63,0.63,0.45,0.63,0.63,0.18,0.36,0.36,0.36",20,,
ca,home office in basement,basement renovation,,,,,70,25,0.00,0.87,188,Informational,"Site Links, Video Carousel, People Also Ask, Related Searches, Reviews, Video, Image, Discussions And Forums, Image Pack","0.00,0.64,0.50,0.28,0.50,0.78,1.00,0.64,0.50,0.64,0.50,0.64",20,,
ca,interior home remodeling,basement renovation,,,,,70,13,2.85,0.24,139,Informational,"Local Pack, Image Pack, Reviews, Video, Video Carousel, People Also Ask, Related Searches","0.11,0.23,0.41,1.00,0.52,0.41,0.29,0.41,0.23,0.41,0.52,0.52",90,,
ca,kitchen basement,basement renovation,,,,,70,13,1.57,0.52,190,"Informational, Commercial","Site Links, Video, Image, Video Carousel, People Also Ask, Popular Products, Related Searches","0.05,0.06,0.06,0.06,0.11,0.18,0.18,0.18,0.15,0.05,0.03,0.03",20,,
ca,kitchen in basement,basement renovation,,,,,70,22,1.57,0.52,138,Informational,"Image, Video Carousel, People Also Ask, Related Searches, Short Videos, AI Overview, Image Pack, Video, Discussions And Forums, Site Links","0.14,0.42,0.42,0.52,0.33,0.42,0.52,0.33,0.33,1.00,1.00,0.66",20,,
ca,oakville basement for rent,basement renovation,,,,,70,17,0.12,0.28,106,"Informational, Commercial","Reviews, Related Searches","0.21,0.15,0.15,0.15,0.15,0.28,0.15,0.53,0.09,0.15,0.15,0.15",90,,
ca,office basement,basement renovation,,,,,70,20,0.00,0.27,197,Informational,"Image Pack, Image, Video Carousel, People Also Ask, AI Overview, Site Links, Reviews, Video, Related Searches","0.00,0.35,0.50,0.64,0.50,0.50,0.64,0.64,0.64,1.00,0.64,0.64",20,,
ca,plan basement,basement renovation,,,,,70,14,1.04,0.22,130,Informational,"Reviews, Video, Image, Video Carousel, People Also Ask, Related Searches, Image Pack, Site Links","0.00,0.63,0.63,0.63,0.81,0.63,0.45,1.00,0.45,0.63,0.63,0.18",20,,
ca,small basement office,basement renovation,,,,,70,20,0.00,0.33,195,Informational,"Site Links, Video, Image, Video Carousel, People Also Ask, Discussions And Forums, Image Pack, Reviews, Related Searches","0.14,0.50,0.64,0.64,0.50,0.50,0.64,0.64,0.64,0.78,0.64,0.78",20,,
ca,small kitchenette in basement,basement renovation,,,,,70,32,0.00,0.66,225,"Informational, Commercial","Short Videos, Discussions And Forums, Reviews, Video, Image, People Also Ask, Related Searches, Image Pack, Site Links, Video Carousel, Popular Products","0.03,0.26,0.26,0.34,0.26,0.26,0.19,1.00,0.19,0.26,0.26,0.26",20,,
ca,strathmore basement renovations,basement renovation,,,,,70,11,0.00,0.33,119,Informational,"Site Links, Reviews, Video, People Also Ask, AI Overview, Local Pack","0.00,0.63,0.63,0.81,0.81,0.81,1.00,1.00,0.81,1.00,0.81,0.81",20,,
ca,basement apartment design tips,basement renovation,,,,,50,21,0.56,0.33,131,Informational,"Site Links, Reviews, Video, Video Carousel, Related Searches, AI Overview","0.11,0.29,0.29,0.82,0.29,0.23,0.17,0.41,0.29,0.11,0.11,0.11",20,,
ca,basement layouts,basement renovation,,,,,50,23,0.63,0.08,134,Informational,"Reviews, Video, Image, Video Carousel, People Also Ask, Related Searches, Image Pack, Site Links","0.36,0.45,0.45,0.45,0.36,0.45,0.27,0.45,0.27,0.36,0.45,0.36",20,,
ca,home renovation whitby,basement renovation,,,,,50,10,4.43,0.59,124,Informational,"Local Pack, Reviews, Video, People Also Ask, AI Overview","0.01,0.02,0.03,0.04,0.03,0.03,0.03,0.02,0.02,0.02,0.01,0.04",90,,
ca,house plans with basements,basement renovation,,,,,50,16,0.35,0.66,137,Informational,"Image Pack, Site Links, Video, Image, Related Searches","0.22,0.77,0.00,0.77,0.77,0.77,1.00,1.00,0.55,0.55,0.77,0.55",20,,
ca,how much would it cost to build a basement,basement renovation,,,,,50,19,1.61,0.11,131,Informational,"Video, People Also Ask, Related Searches, AI Overview, Site Links, Reviews","0.64,0.35,0.35,1.00,0.28,0.35,0.28,0.14,0.14,0.14,0.14,0.14",20,,
ca,36 rosemeade ave home renovation,basement renovation,,,,,90,14,0.00,0.00,2000,Informational,"Video Carousel, Related Searches, Short Videos, Reviews, Video","0.00,0.00,0.00,0.00,0.00,1.00,0.02,0.02,0.02,0.02,0.00,0.00",90,,
ca,baseboard repair,basement renovation,,,,,90,30,1.63,0.91,166,Informational,"Site Links, Reviews, Video, People Also Ask, Related Searches, Short Videos, Discussions And Forums, Image Pack","0.64,0.50,0.64,0.78,0.64,0.50,0.50,0.64,0.64,0.64,0.64,0.64",20,,
ca,basement decorating,basement renovation,,,,,90,36,0.26,0.85,186,Informational,"Image, Video Carousel, People Also Ask, Related Searches, AI Overview, Image Pack, Reviews, Video","0.42,0.66,0.66,0.66,0.23,0.52,0.80,0.52,0.33,0.33,0.00,0.00",75,,
ca,basement floor ideas,basement renovation,,,,,90,15,0.48,0.98,188,Informational,"Site Links, Reviews, Video, Image, Video Carousel, Popular Products, Short Videos, People Also Ask, Related Searches, AI Overview","0.05,0.07,0.10,0.10,0.12,0.10,0.07,0.07,0.07,0.12,0.07,0.05",20,,
ca,basement pictures,basement renovation,,,,,90,32,0.00,0.01,198,Informational,"Image Pack, Reviews, Video, Image, Video Carousel, Related Searches","0.63,0.63,0.81,1.00,0.81,0.81,1.00,1.00,0.81,1.00,0.81,0.63",75,,
ca,basement remodel cost per square foot,basement renovation,,,,,90,16,2.73,0.20,133,Informational,"Video, Video Carousel, People Also Ask, Related Searches, Discussions And Forums, AI Overview, Site Links, Reviews","0.26,0.19,0.26,1.00,0.53,0.19,0.26,0.42,0.26,0.19,0.26,0.26",20,,
ca,how much to finish a basement ontario,basement renovation,,,,,90,4,1.25,0.25,127,Informational,"Reviews, Video, People Also Ask, Related Searches, Discussions And Forums, AI Overview, Site Links","0.15,0.42,0.53,0.42,0.42,0.53,0.53,0.42,0.26,0.34,0.26,0.26",20,,
ca,replacing baseboards,basement renovation,,,,,90,30,1.01,0.85,106,Informational,"Video, People Also Ask, Related Searches, Short Videos, Discussions And Forums, AI Overview, Site Links","0.52,0.52,0.64,0.52,0.52,0.52,0.41,0.52,0.52,0.52,0.41,0.52",20,,
ca,walk out basement ideas,basement renovation,,,,,90,16,0.00,0.02,189,Informational,"Discussions And Forums, Image Pack, Reviews, Video, Image, Video Carousel, People Also Ask, Related Searches","0.65,0.34,0.43,0.34,0.21,0.06,0.06,0.09,0.28,0.21,0.34,0.21",90,,
ca,basement apartment reno,basement renovation,,,,,70,10,0.00,0.00,129,Informational,"Knowledge Panel, Site Links, Video, Video Carousel, People Also Ask, Related Searches, Discussions And Forums, Reviews, AI Overview","0.63,1.00,0.81,0.63,0.63,0.81,0.63,0.81,0.45,0.63,0.63,0.81",20,,
ca,basement ideas modern,basement renovation,,,,,70,25,0.14,0.19,184,Informational,"Video, Image, Video Carousel, People Also Ask, Related Searches, Image Pack, Reviews","0.05,0.06,0.05,0.03,0.03,0.01,0.03,0.08,0.06,0.03,0.02,0.06",90,,
ca,basement suite renovations,basement renovation,,,,,70,4,2.38,0.13,163,Informational,"Knowledge Panel, Reviews, Video, Video Carousel, People Also Ask, Related Searches, Discussions And Forums, AI Overview","0.00,0.15,0.19,0.65,0.19,0.19,0.19,0.34,0.26,0.42,0.42,0.26",70,,
ca,basement tile,basement renovation,,,,,70,16,0.65,0.92,219,"Informational, Commercial","People Also Ask, Popular Products, Related Searches, Image Pack, Site Links, Reviews, Video, Video Carousel","0.42,0.19,0.42,0.19,0.33,0.33,0.23,0.42,0.33,0.42,0.33,0.42",20,,
ca,best subfloor for basement,basement renovation,,,,,70,18,0.98,1.00,102,Informational,"Site Links, Reviews, Video, Video Carousel, People Also Ask, Popular Products, Related Searches, Short Videos","0.17,0.41,0.29,0.41,0.41,0.64,0.41,0.52,0.64,0.41,0.29,0.41",20,,
ca,finishing a basement cost,basement renovation,,,,,70,26,3.19,0.27,129,Informational,"Short Videos, Discussions And Forums, Site Links, Reviews, Video Carousel, AI Overview, Video, People Also Ask, Related Searches","0.23,0.42,0.33,0.80,0.42,0.33,0.33,0.33,0.23,0.23,0.19,0.80",20,,
ca,renovations bathrooms,basement renovation,,,,,70,18,2.95,0.54,209,Informational,"Video, Video Carousel, People Also Ask, Related Searches, Local Pack, Image Pack, Reviews","0.08,0.18,0.22,0.10,0.06,0.02,0.06,0.35,0.14,0.14,0.18,0.29",75,,
ca,small basement bathroom ideas,basement renovation,,,,,70,27,0.50,0.57,184,Informational,"Image Pack, Site Links, Video Carousel, People Also Ask, Related Searches, Reviews, Video, Image, Short Videos","0.26,0.26,0.26,0.42,0.34,0.26,0.34,0.26,0.34,0.34,0.26,0.26",20,,
ca,bedroom in basement ideas,basement renovation,,,,,50,25,0.35,0.44,193,Informational,"Image, Video Carousel, People Also Ask, Related Searches, AI Overview, Image Pack, Reviews, Video","0.29,0.41,0.41,0.52,0.29,0.29,0.00,0.41,0.29,0.17,0.11,0.23",90,,
ca,family room basement designs,basement renovation,,,,,50,31,0.20,0.40,190,Informational,"Reviews, Video, Video Carousel, Related Searches","0.11,0.29,0.41,0.64,0.52,0.41,0.41,0.41,0.11,0.11,0.11,0.11",90,,
ca,storage ideas for basement,basement renovation,,,,,50,32,0.31,1.00,190,Informational,"Image Pack, Site Links, Reviews, Image, Video Carousel, People Also Ask, Popular Products, Related Searches, Video, AI Overview","0.00,0.00,0.00,0.09,0.09,0.03,1.00,0.09,0.03,0.03,0.03,0.03",20,,
ca,basement apartment design,basement renovation,,,,,90,18,0.56,0.07,92,Informational,"Image, People Also Ask, Related Searches, Image Pack, Reviews, Video","0.21,0.34,0.28,0.28,0.15,0.21,0.28,0.21,0.15,0.28,0.28,0.28",90,,
ca,basement concrete floor,basement renovation,,,,,90,14,1.58,0.27,186,"Informational, Commercial","Video, Image, Video Carousel, People Also Ask, Related Searches, Discussions And Forums, AI Overview, Site Links, Reviews, Popular Products","0.64,0.41,0.29,0.52,0.41,0.52,0.82,1.00,0.82,0.64,0.64,0.64",20,,
ca,basement development cost,basement renovation,,,,,90,7,2.27,0.19,135,Informational,"Site Links, Reviews, Video, People Also Ask, Related Searches, Discussions And Forums, AI Overview","0.14,0.78,0.78,1.00,1.00,0.64,0.64,0.50,0.50,0.78,0.78,0.35",20,,
ca,basement with low ceiling ideas,basement renovation,,,,,90,5,0.40,0.72,191,Informational,"Short Videos, AI Overview, Site Links, Video, Image, Video Carousel, People Also Ask, Related Searches","0.03,0.28,0.43,0.53,0.43,0.34,0.34,0.53,0.34,0.34,0.28,0.21",20,,
ca,cost of legal basement apartment,basement renovation,,,,,90,3,0.00,0.11,121,Informational,"Discussions And Forums, AI Overview, Site Links, Video, People Also Ask, Related Searches","0.07,0.26,0.26,0.42,0.42,0.65,0.65,0.53,0.53,0.42,0.65,0.42",20,,
ca,finished basement ideas for small basements,basement renovation,,,,,90,28,0.00,0.05,192,Informational,"Image Pack, Reviews, Video, Image, Video Carousel, People Also Ask, Related Searches","0.06,0.21,0.21,1.00,0.28,0.21,0.12,0.21,0.15,0.21,0.15,0.12",90,,
ca,installing bathroom in basement,basement renovation,,,,,90,15,2.00,0.45,105,Informational,"Reviews, Video, Video Carousel, People Also Ask, AI Overview, Site Links, Related Searches, Discussions And Forums, Image Pack","0.14,0.50,0.64,0.35,0.78,0.78,1.00,1.00,0.78,0.64,0.64,0.78",20,,
ca,interior home renovations,basement renovation,,,,,90,36,2.44,0.15,52500000,Informational,"Local Pack, Image Pack, Video, Video Carousel, People Also Ask, Related Searches","0.07,0.78,0.78,0.64,0.64,0.78,0.78,1.00,0.64,0.78,0.64,0.78",90,,
ca,legal basement apartment pickering,basement renovation,,,,,90,13,0.00,0.00,108,Informational,"Site Links, Reviews, People Also Ask, Related Searches, AI Overview","0.14,0.50,0.64,0.64,0.64,1.00,0.78,1.00,1.00,1.00,0.78,0.50",20,,
ca,my home remodeling,basement renovation,,,,,90,12,4.22,0.30,116,Informational,"Related Searches, AI Overview, Reviews, Video","0.00,0.00,0.00,1.00,1.00,0.82,0.41,0.64,0.41,0.82,0.82,0.82",90,,
ca,basement living area,basement renovation,,,,,70,32,0.00,0.14,180,Informational,"People Also Ask, Popular Products, Related Searches, Image Pack, Reviews, Video, Video Carousel","0.14,0.50,0.50,0.50,0.50,0.50,0.35,0.50,0.50,0.78,0.50,0.14",90,,
ca,basement ontario,basement renovation,,,,,70,3,4.64,0.21,131,Informational,"Related Searches, Site Links, Reviews, Video, Image, Video Carousel, People Also Ask","0.18,0.18,0.18,0.18,1.00,0.18,1.00,1.00,1.00,1.00,1.00,0.18",20,,
ca,bathroom renovation cost hamilton,basement renovation,,,,,70,4,0.00,0.00,172,Informational,"People Also Ask, Related Searches, AI Overview, Site Links, Reviews, Video","0.11,0.41,0.41,0.64,0.41,0.41,0.41,0.52,0.64,1.00,0.52,0.52",20,,
ca,building a legal basement apartment,basement renovation,,,,,70,11,0.00,0.00,137,Informational,"Related Searches, Discussions And Forums, AI Overview, Video, Video Carousel, People Also Ask","0.11,0.77,0.55,1.00,1.00,0.77,0.77,0.77,0.55,0.77,1.00,0.77",90,,
ca,ceiling ideas for basement,basement renovation,,,,,70,25,0.48,1.00,192,Informational,"Image, Video Carousel, People Also Ask, Related Searches, Short Videos, Discussions And Forums, Site Links, Reviews, Video, Popular Products, AI Overview","0.00,0.00,0.02,0.06,0.54,1.00,0.02,0.02,0.02,0.06,0.00,0.04",20,,
ca,convert basement into legal rental unit,basement renovation,,,,,70,6,0.00,0.00,134,Informational,"AI Overview, Site Links, Reviews, Video, Video Carousel, People Also Ask, Related Searches, Discussions And Forums","0.11,0.77,0.77,1.00,0.77,0.77,1.00,1.00,0.77,1.00,0.77,0.77",20,,
ca,home gym in the basement,basement renovation,,,,,70,30,0.00,0.73,176,"Informational, Commercial","Popular Products, Discussions And Forums, Image Pack, Video Carousel, Related Searches, Site Links, Reviews, Video, People Also Ask","0.00,0.33,0.42,0.66,0.52,0.52,0.00,0.80,0.42,0.00,0.42,0.00",20,,
ca,home remodeling projects,basement renovation,,,,,70,63,3.56,0.27,180,Informational,"Local Pack, Reviews, Video, Video Carousel, People Also Ask, Related Searches, AI Overview","0.18,0.18,0.18,1.00,1.00,1.00,1.00,1.00,0.18,0.18,0.18,0.18",90,,
ca,house addition ajax,basement renovation,,,,,70,8,0.00,0.00,123,Informational,"AI Overview, Reviews, Video, People Also Ask, Related Searches","0.00,0.77,0.77,0.55,1.00,1.00,1.00,1.00,0.77,1.00,1.00,1.00",90,,
ca,laundry room renovation cost,basement renovation,,,,,70,12,2.02,0.09,195,Informational,"Video Carousel, People Also Ask, Related Searches, Discussions And Forums, AI Overview, Site Links, Video","0.00,0.03,0.02,0.03,0.03,0.04,0.03,0.03,0.01,0.04,1.00,0.34",20,,
ca,legal basement apartment barrie,basement renovation,,,,,70,3,0.00,0.33,124,Informational,"Site Links, Reviews, Video, People Also Ask, Related Searches, AI Overview, Knowledge Panel","0.14,0.50,0.50,0.78,0.64,0.64,0.78,0.78,0.50,0.50,0.28,0.28",20,,
ca,legal basement apartment requirements,basement renovation,,,,,70,9,0.00,0.33,137,Informational,"Video Carousel, People Also Ask, Related Searches, Discussions And Forums, AI Overview, Reviews, Video","0.02,0.05,0.05,0.04,0.05,0.04,0.04,0.10,0.15,0.15,0.12,0.12",90,,
ca,legal basement apartment whitby,basement renovation,,,,,70,14,0.00,0.33,121,Informational,"AI Overview, Site Links, Reviews, Video, People Also Ask, Related Searches","0.18,0.63,0.81,0.45,0.63,0.63,0.81,0.63,1.00,0.81,0.63,0.81",20,,
ca,major home renovation,basement renovation,,,,,70,37,0.00,0.10,143,Informational,"Image Pack, Site Links, Reviews, Video, Video Carousel, Related Searches, AI Overview, Knowledge Panel, People Also Ask","0.00,0.42,0.33,0.23,0.14,0.19,1.00,0.42,0.33,0.33,0.23,0.33",20,,
ca,modern basement paint colors,basement renovation,,,,,70,27,0.00,0.37,193,Informational,"Reviews, Video, Image, Video Carousel, People Also Ask, Related Searches, AI Overview","0.34,0.34,0.34,0.34,0.34,0.06,0.06,0.06,0.06,0.34,0.06,0.06",90,,
ca,ontario basement,basement renovation,,,,,70,7,4.64,0.21,134,Informational,"AI Overview, Site Links, Reviews, Video, Image, Video Carousel, People Also Ask, Related Searches","0.07,0.07,0.07,0.07,0.65,0.07,0.42,0.42,0.42,0.42,0.42,0.07",20,,
ca,plan home remodel,basement renovation,,,,,70,31,0.00,0.24,136,Informational,"Related Searches, AI Overview, Site Links, Reviews, Video, Video Carousel, People Also Ask","0.18,0.18,0.18,1.00,1.00,1.00,1.00,1.00,0.81,0.63,0.18,0.18",20,,
ca,remodel versus renovation,basement renovation,,,,,70,41,0.00,0.05,120,Informational,"People Also Ask, Related Searches, Discussions And Forums, AI Overview, Image Pack, Reviews, Video, Video Carousel","0.18,0.00,0.00,1.00,0.18,0.14,0.00,0.00,0.10,0.00,0.00,0.10",90,,
ca,remodeling renovation,basement renovation,,,,,70,21,3.00,0.34,139,Informational,"Local Pack, Image Pack, Reviews, Video, People Also Ask, Related Searches","0.14,0.14,0.14,0.14,0.21,0.14,0.14,0.64,1.00,1.00,0.78,0.78",75,,
ca,workout room in basement,basement renovation,,,,,70,26,0.00,0.49,181,Informational,"Related Searches, Image Pack, Site Links, Reviews, Video, Video Carousel, People Also Ask, Discussions And Forums, Image","0.14,0.64,0.50,0.78,0.64,0.64,1.00,0.28,0.28,0.64,0.50,0.64",20,,
ca,basement ceiling tile ideas,basement renovation,,,,,50,29,0.36,1.00,191,Informational,"Site Links, Video, Image, Video Carousel, Popular Products, Related Searches, Image Pack, Reviews, Adwords Bottom, People Also Ask, Short Videos","0.11,0.29,0.29,0.23,0.23,0.41,0.41,0.82,0.52,0.41,0.23,0.23",20,,
ca,basement ceiling tiles ideas,basement renovation,,,,,50,21,0.36,1.00,192,Informational,"Video Carousel, People Also Ask, Popular Products, Related Searches, Image Pack, Reviews, Video, Image","0.18,0.45,0.45,0.36,0.36,0.36,0.27,1.00,0.63,0.45,0.36,0.36",90,,
ca,basement family room design,basement renovation,,,,,50,25,0.20,0.66,187,Informational,"Video, Image, Video Carousel, People Also Ask, Related Searches, Image Pack, Reviews","0.07,0.19,0.26,0.26,0.26,0.26,0.19,0.26,0.07,0.07,0.07,0.07",90,,
ca,basement suspended ceiling ideas,basement renovation,,,,,50,26,0.36,1.00,135,Informational,"Popular Products, Related Searches, Image Pack, Reviews, Video, Image, Video Carousel, People Also Ask","0.09,0.23,0.23,0.19,0.19,0.19,0.23,0.52,0.19,0.19,0.19,0.19",90,,
ca,how much does building a basement cost,basement renovation,,,,,50,9,1.61,0.11,132,Informational,"Reviews, Video, People Also Ask, Related Searches, Short Videos, Discussions And Forums, AI Overview, Site Links","0.64,0.35,0.35,1.00,0.28,0.35,0.28,0.14,0.14,0.21,0.14,0.14",20,,
ca,ideas for basement ceiling,basement renovation,,,,,50,29,0.46,1.00,185,Informational,"Image Pack, Site Links, Image, People Also Ask, Popular Products, Related Searches, Reviews, Video, Video Carousel, Short Videos, AI Overview","0.00,0.00,0.00,0.00,0.00,0.00,1.00,0.00,0.00,0.00,0.01,0.00",20,,
ca,ideas for ceilings in basements,basement renovation,,,,,50,23,0.46,1.00,186,"Informational, Commercial","Image, Video Carousel, People Also Ask, Popular Products, Related Searches, Site Links, Reviews, Video","0.00,0.00,0.00,0.00,0.00,0.00,1.00,0.00,0.00,0.00,0.00,0.00",20,,
ca,remodel vs renovation,basement renovation,,,,,50,41,1.29,0.08,123,"Informational, Commercial","AI Overview, Image Pack, Site Links, Reviews, Video, Video Carousel, People Also Ask, Related Searches","0.36,0.27,0.63,1.00,0.45,0.63,0.45,0.81,0.63,0.36,0.63,0.18",20,,
ca,remodeling bathroom,basement renovation,,,,,50,48,2.10,0.99,166,"Informational, Transactional","Reviews, Video, Video Carousel, People Also Ask, Popular Products, Related Searches, Image Pack","0.00,0.03,0.01,0.01,0.00,0.00,0.00,0.00,0.00,0.00,0.00,0.00",75,,
ca,remodeling vs renovation,basement renovation,,,,,50,41,1.29,0.08,119,Informational,"Image Pack, Video, Video Carousel, People Also Ask, Related Searches, Discussions And Forums, AI Overview, Reviews, Short Videos","0.42,0.57,0.71,0.71,0.57,0.71,0.71,1.00,0.57,0.71,0.71,0.14",90,,
ca,renovation laundry room,basement renovation,,,,,50,25,2.92,0.32,181,Informational,"Image Pack, Site Links, Reviews, Video, Video Carousel, People Also Ask, Related Searches, AI Overview","0.00,0.63,0.63,0.63,1.00,0.63,0.45,0.63,0.63,0.81,0.18,0.00",20,,
ca,attic remodel,basement renovation,,,,,90,19,2.26,0.36,172,Informational,"Site Links, Video, Image, People Also Ask, Related Searches, Discussions And Forums, Reviews, Video Carousel, AI Overview","0.04,0.03,0.04,0.04,0.04,0.04,0.05,0.07,0.03,0.04,0.03,0.03",20,,
ca,baseboard heating repair,basement renovation,,,,,90,25,5.69,0.05,164,Informational,"Video Carousel, People Also Ask, Related Searches, Discussions And Forums, AI Overview, Local Pack, Site Links, Video","0.00,0.00,0.00,0.03,0.01,0.05,1.00,0.00,0.00,0.00,0.01,0.02",20,,
ca,basement colours,basement renovation,,,,,90,27,0.27,0.16,193,Informational,"Video, Image, People Also Ask, Related Searches, Short Videos, Image Pack, Reviews","0.35,1.00,0.78,0.78,0.50,0.50,0.78,0.64,0.50,0.50,0.64,0.50",75,,
ca,basement paint colours,basement renovation,,,,,90,27,0.14,0.33,181,Informational,"Site Links, Video, Popular Products, Related Searches, Image Pack, Reviews, Image, Adwords Top, Adwords Bottom, People Also Ask","0.23,0.33,0.42,0.33,0.33,0.33,0.52,0.66,0.66,0.66,0.66,0.42",20,,
ca,basement room ideas,basement renovation,,,,,90,35,0.29,0.10,190,Informational,"Related Searches, AI Overview, Reviews, Video, Image, Video Carousel, People Also Ask, Popular Products","0.42,0.42,0.52,0.42,0.42,0.42,0.42,0.42,0.23,0.33,0.52,0.42",90,,
ca,basement window glass replacement,basement renovation,,,,,90,15,4.27,0.67,175,"Informational, Commercial","Image Pack, Site Links, Video, Adwords Bottom, People Also Ask, Related Searches, Local Pack, Video Carousel, Popular Products","0.11,0.52,0.52,0.52,0.41,0.82,1.00,0.82,0.52,0.17,0.82,0.64",20,,
ca,basement windows cost,basement renovation,,,,,90,9,1.91,0.76,182,"Informational, Commercial","Reviews, Video, People Also Ask, Popular Products, Related Searches, AI Overview, Site Links","0.03,0.34,0.34,0.34,0.42,0.34,0.65,0.53,0.42,0.34,0.42,1.00",20,,
ca,bathroom renovations services,basement renovation,,,,,90,10,4.21,0.08,142,Informational,"People Also Ask, Related Searches, Adwords Middle, Local Pack, Image Pack, Video","0.05,0.82,0.52,0.41,0.82,0.64,1.00,0.82,0.64,0.23,0.11,0.11",90,,
ca,mission renovation contractor,basement renovation,,,,,90,5,0.00,0.00,120,Informational,"Reviews, Video, Related Searches, AI Overview","0.00,0.14,0.14,0.14,0.09,0.14,0.19,0.80,1.00,1.00,1.00,1.00",90,,
ca,renovation pictures,basement renovation,,,,,90,34,0.96,0.03,138,Informational,"Image Pack, Video, Image, Related Searches","0.22,0.29,0.22,0.22,0.22,0.18,0.14,0.22,0.14,0.14,0.14,0.14",75,,
ca,renovation quote,basement renovation,,,,,90,5,2.62,0.32,132,Informational,"Video, Adwords Bottom, People Also Ask, Related Searches, AI Overview, Image Pack, Reviews","0.41,0.82,0.64,1.00,0.52,0.41,0.64,0.23,0.17,0.23,0.41,0.52",75,,
ca,renovation services york university heights,basement renovation,,,,,90,6,0.00,0.00,5180000,Informational,"Local Pack, Reviews, People Also Ask, Related Searches, AI Overview","1.00,1.00,0.05,0.00,0.00,0.00,0.02,0.02,0.00,0.00,0.02",90,,
ca,replace baseboard trim,basement renovation,,,,,90,28,1.01,0.85,172,Informational,"Short Videos, Discussions And Forums, AI Overview, Video Carousel, Popular Products, Site Links, Reviews, Video, People Also Ask, Related Searches","0.78,0.64,0.78,0.78,0.64,0.64,0.50,0.78,0.64,0.64,0.50,0.64",20,,
ca,warm basement colors,basement renovation,,,,,90,26,0.00,0.29,131,Informational,"Related Searches, AI Overview, Image Pack, Site Links, Reviews, Video, Image, Video Carousel","0.64,0.50,0.64,0.64,0.64,1.00,0.64,0.64,0.64,0.78,0.78,0.78",20,,
ca,average price to finish a basement,basement renovation,,,,,70,9,2.85,0.31,129,Informational,"Short Videos, Discussions And Forums, AI Overview, Site Links, Video, Video Carousel, People Also Ask, Related Searches","0.07,0.07,0.07,1.00,0.19,0.11,0.11,0.15,0.15,0.07,0.26,0.42",20,,
ca,bathroom renovation cost brampton,basement renovation,,,,,70,4,0.00,0.03,115,Informational,"Related Searches, Discussions And Forums, AI Overview, Video, People Also Ask","0.14,0.50,0.50,1.00,0.78,1.00,0.50,0.78,0.50,0.50,0.64,0.78",90,,
ca,cabinet refacing vs painting,basement renovation,,,,,70,14,1.22,0.38,128,"Informational, Commercial","Related Searches, Short Videos, AI Overview, Site Links, Video, Video Carousel, People Also Ask","0.14,0.50,0.64,0.78,0.64,0.78,0.64,0.64,0.50,0.78,1.00,0.78",20,,
ca,delta cabinet resurfacing,basement renovation,,,,,70,3,0.00,0.00,199,Informational,"Reviews, Video, People Also Ask, Related Searches, AI Overview","0.22,0.77,1.00,0.77,0.77,0.77",90,,
ca,flooring options for basement,basement renovation,,,,,70,30,0.50,1.00,196,"Informational, Commercial","AI Overview, Site Links, Video, Adwords Bottom, People Also Ask, Popular Products, Related Searches","0.26,0.15,0.15,0.11,0.19,0.19,1.00,0.65,0.11,0.11,0.15,0.34",20,,
ca,framing basement windows,basement renovation,,,,,70,26,3.89,0.28,167,Informational,"Video, Related Searches, Image Pack, Site Links","0.19,0.26,0.26,0.15,0.34,0.34,0.42,0.26,0.26,0.26,0.42,0.34",20,,
ca,full house renovation contractors,basement renovation,,,,,70,54,0.00,0.33,137,Informational,"Knowledge Panel, Reviews, Video, People Also Ask, AI Overview","0.19,0.19,1.00,0.52,1.00,0.19,0.19,0.09,0.09,0.14,0.09,0.09",70,,
ca,how to reface cupboards,basement renovation,,,,,70,39,0.54,0.81,106,Informational,"Video, Video Carousel, People Also Ask, Related Searches, AI Overview, Reviews","0.63,0.63,0.63,0.63,0.63,0.63,0.63,1.00,0.81,0.00,0.00,0.00",90,,
ca,insulating basement ceiling for sound,basement renovation,,,,,70,18,0.99,1.00,160,Informational,"Video Carousel, People Also Ask, Related Searches, AI Overview, Site Links, Reviews, Video","0.15,0.21,0.06,0.21,0.21,0.21,0.21,0.12,0.09,0.21,0.43,0.53",20,,
ca,kitchen cabinet makeover,basement renovation,,,,,70,41,1.88,0.33,160,Informational,"Image Pack, Reviews, Video, Image, Video Carousel, People Also Ask, Related Searches, AI Overview","0.50,0.64,0.50,0.50,0.28,0.50,0.21,0.28,0.21,0.64,0.64,0.78",90,,
ca,lookout basement,basement renovation,,,,,70,8,0.00,0.02,131,Informational,"Site Links, Image, People Also Ask, Reviews, Video, Video Carousel, Related Searches, Short Videos, AI Overview","0.26,0.26,0.26,0.19,0.26,0.19,0.15,0.19,0.19,0.42,0.42,0.65",20,,
ca,problems with refacing kitchen cabinets,basement renovation,,,,,70,7,1.53,0.33,125,Informational,"Image Pack, Reviews, Video, People Also Ask, Related Searches, Site Links, Video Carousel, Short Videos, Discussions And Forums, AI Overview","0.45,0.81,0.63,0.63,0.63,0.81,0.45,0.81,0.63,1.00,0.81,0.81",20,,
ca,project renovation,basement renovation,,,,,70,53,3.10,0.22,174,Informational,"People Also Ask, Related Searches, Local Pack, Image Pack, Reviews, Video","0.09,0.33,0.23,1.00,0.23,0.42,0.14,0.23,0.23,0.23,0.33,0.09",75,,
ca,refacing kitchen cupboards,basement renovation,,,,,70,40,1.87,0.84,177,Informational,"Related Searches, Short Videos, Discussions And Forums, Local Pack, Video, Adwords Bottom, Video Carousel, People Also Ask","0.09,0.33,0.33,0.52,0.23,0.33,0.52,0.52,0.33,0.52,0.33,0.42",90,,
ca,renovation professionals,basement renovation,,,,,70,29,0.00,0.33,134,Informational,"Knowledge Panel, Reviews, Video, Related Searches, AI Overview","0.18,1.00,1.00,0.18,1.00,0.18,0.18,1.00,0.18,1.00,1.00,1.00",70,,
ca,basement suite decorating ideas,basement renovation,,,,,50,22,0.56,0.33,187,Informational,"Reviews, Video, Image, Video Carousel, People Also Ask, Related Searches, AI Overview, Image Pack","0.11,0.29,0.29,0.64,0.29,0.23,0.17,0.41,0.29,0.11,0.11,0.11",90,,
ca,basement window cover outside,basement renovation,,,,,50,23,0.58,1.00,213,Informational,"People Also Ask, Popular Products, Related Searches, Site Links, Image, Short Videos, Discussions And Forums, Image Pack, Video, Video Carousel","0.27,0.36,0.36,0.45,0.45,0.63,0.36,0.45,0.36,0.63,0.63,1.00",20,,
ca,basement windows cover,basement renovation,,,,,50,34,0.69,1.00,203,Informational,"Video, Image, Video Carousel, People Also Ask, Popular Products, Related Searches, Image Pack, Site Links","0.10,0.10,0.08,0.14,0.10,0.54,0.06,0.04,0.04,0.04,0.08,0.08",20,,
ca,cost of basement renovation toronto,basement renovation,,,,,50,4,2.03,0.27,117,Informational,"Site Links, Reviews, Video, Related Searches, Discussions And Forums, AI Overview","0.14,0.64,0.64,0.35,0.14,0.50,0.35,0.35,0.28,0.35,0.28,0.35",20,,
ca,curtains on basement windows,basement renovation,,,,,50,14,0.34,1.00,199,Informational,"Site Links, People Also Ask, Discussions And Forums, AI Overview, Image Pack, Video, Image, Popular Products, Related Searches","0.09,0.09,0.12,0.09,0.09,0.03,0.00,1.00,0.09,0.09,0.21,0.15",20,,
ca,finished attic,basement renovation,,,,,50,18,1.71,0.07,128,Informational,"Image Pack, Reviews, Video, Video Carousel, Site Links, Image, People Also Ask, Related Searches, Short Videos","0.09,0.33,0.23,0.33,0.33,0.33,0.33,0.33,0.09,0.09,0.09,0.09",20,,
ca,flooring for basement over concrete,basement renovation,,,,,50,17,0.52,1.00,188,"Informational, Commercial","Site Links, Video, Image, Video Carousel, People Also Ask, Popular Products, Related Searches, Discussions And Forums","1.00,0.63,0.63,0.63,0.45,0.27,0.18,0.27,0.18,0.27,0.18,0.36",20,,
ca,how much does it cost to make a basement,basement renovation,,,,,50,5,1.61,0.11,131,Informational,"Related Searches, Short Videos, Discussions And Forums, AI Overview, Site Links, Reviews, Video, People Also Ask","0.26,0.26,0.26,0.34,0.26,0.19,0.19,0.15,0.11,0.07,0.07,0.07",20,,
ca,install floor molding,basement renovation,,,,,50,40,0.96,0.32,28,Informational,"Video, People Also Ask, Related Searches, AI Overview","0.00,0.00,0.00,0.00,0.00,0.00,1.00,0.00,0.81,0.00,0.00,0.00",90,,
ca,refaced,basement renovation,,,,,50,29,0.61,0.31,105,Informational,"Reviews, People Also Ask, Related Searches, AI Overview","0.00,0.02,0.08,0.04,0.04,0.00,1.00,0.00,0.00,0.00,0.02,0.00",60,,
ca,small basement window blinds,basement renovation,,,,,50,8,0.65,1.00,10,Informational,"Image Pack, Site Links, Image, People Also Ask, Related Searches, AI Overview","0.27,0.81,0.81,0.27,0.36,0.45,0.63,0.63,0.45,0.63,0.18,0.27",20,,
ca,what is cabinet refacing,basement renovation,,,,,50,30,0.99,0.34,122,Informational,"Reviews, Video, People Also Ask, Related Searches, AI Overview","0.28,0.35,0.35,0.35,0.35,0.35,0.28,0.50,0.21,0.35,0.28,0.35",90,,
ca,window cover for basement,basement renovation,,,,,50,25,1.26,0.98,202,Informational,"Video, Video Carousel, Popular Products, Related Searches, Discussions And Forums, Image, People Also Ask, Image Pack, Site Links","0.08,0.11,0.08,0.08,0.18,0.15,0.06,0.06,0.03,0.05,0.11,0.11",20,,
ca,attic renovations,basement renovation,,,,,90,14,2.26,0.36,109,Informational,"Image, Related Searches, Knowledge Panel, Image Pack, Reviews, Video, Video Carousel, People Also Ask, AI Overview, Site Links","0.42,0.80,0.66,0.42,0.33,0.33,0.66,0.52,0.23,0.33,0.23,0.23",20,,
ca,basement bath plumbing,basement renovation,,,,,90,12,3.34,0.22,162,Informational,"Video, Video Carousel, People Also Ask, Related Searches, Image Pack, Reviews","0.09,0.23,0.33,0.80,0.42,0.52,0.00,0.09,0.00,0.80,1.00,0.09",90,,
ca,basement game room ideas,basement renovation,,,,,90,14,0.22,0.92,191,"Informational, Commercial","Popular Products, Related Searches, Image Pack, Reviews, Video, Image, Video Carousel, People Also Ask","0.26,0.34,0.34,0.34,0.34,0.53,0.42,0.34,0.26,0.42,0.26,0.19",90,,
ca,basement home design,basement renovation,,,,,90,29,0.35,0.66,187,Informational,"Adwords Bottom, Video Carousel, Related Searches, Image Pack, Reviews, Video, Image","0.52,0.41,0.41,0.29,0.41,0.52,0.52,0.64,0.52,0.64,0.64,0.41",90,,
ca,basement images,basement renovation,,,,,90,29,0.00,0.01,135,Informational,"Image Pack, Video, Image, People Also Ask, Related Searches","0.81,1.00,0.63,0.81,0.81,0.63,0.45,0.81,0.63,0.81,0.63,0.63",75,,
ca,basement paint ideas,basement renovation,,,,,90,29,0.30,0.09,193,Informational,"Reviews, Video, Image, People Also Ask, Discussions And Forums","0.29,0.82,0.41,0.52,0.41,0.52,0.41,0.64,0.41,0.64,0.41,0.41",90,,
ca,basement renovation costs kitchener,basement renovation,,,,,90,2,0.00,0.00,116,Informational,"People Also Ask, Related Searches, Discussions And Forums, AI Overview, Site Links, Video","0.63,1.00,0.81,0.81,1.00,1.00,0.63",20,,
ca,basement stair railing ideas,basement renovation,,,,,90,23,0.72,1.00,182,Informational,"People Also Ask, Popular Products, Related Searches, Image Pack, Site Links, Video, Video Carousel, Discussions And Forums, Image","0.11,0.52,0.52,0.41,0.82,0.52,0.52,0.52,0.52,0.64,0.52,0.41",20,,
ca,basement wall framing,basement renovation,,,,,90,14,2.11,0.05,168,Informational,"Image Pack, Site Links, Video, Video Carousel, People Also Ask, Related Searches, AI Overview","0.09,0.19,0.66,0.52,0.66,0.42,0.52,0.42,0.80,0.33,0.23,0.19",20,,
ca,cost to finish a basement calculator,basement renovation,,,,,90,14,1.82,0.04,95,Informational,"Video, Video Carousel, People Also Ask, Related Searches, Discussions And Forums, AI Overview, Site Links, Reviews","0.04,0.09,0.15,0.19,0.06,0.09,0.06,0.06,0.12,0.15,0.23,0.19",20,,
ca,home addition aurora,basement renovation,,,,,90,11,0.00,0.00,139,Informational,"Reviews, Video, People Also Ask, AI Overview, Local Pack","0.00,0.63,1.00,0.81,0.81,1.00,0.81",90,,
ca,home project,basement renovation,,,,,90,44,1.08,0.17,161,Informational,"Image Pack, Video, Adwords Bottom, Video Carousel, People Also Ask, Related Searches","0.07,0.07,0.07,0.34,0.53,0.65,1.00,0.80,0.26,0.34,0.15,0.15",75,,
ca,how long does it take to remodel a bathroom,basement renovation,,,,,90,5,2.44,0.04,135,Informational,"Short Videos, AI Overview, Site Links, Reviews, Video, People Also Ask, Related Searches","0.50,0.50,0.50,0.78,0.50,0.64,0.50,0.35,0.35,1.00,0.78,0.64",20,,
ca,insulating basement walls with rigid foam,basement renovation,,,,,90,18,0.46,0.51,165,Informational,"Discussions And Forums, Image Pack, Video, Video Carousel, Related Searches, Site Links, Reviews, People Also Ask, Short Videos","0.09,0.09,0.09,0.09,0.09,0.52,0.52,0.52,0.80,1.00,0.80,0.52",20,,
ca,modern basement color ideas decorating,basement renovation,,,,,90,26,0.62,0.26,192,Informational,"Image, People Also Ask, Related Searches, Short Videos, Image Pack, Reviews, Video","0.34,0.42,0.34,0.42,0.34,0.34,0.26,0.42,0.26,0.34,0.34,0.42",90,,
ca,on time and on budget renovations,basement renovation,,,,,90,3,0.00,0.00,131,Informational,"Video, Video Carousel, People Also Ask, AI Overview","0.27,0.81,1.00,1.00,1.00,0.63,0.63,0.63",90,,
ca,pbs renov,basement renovation,,,,,90,20,0.00,0.02,105,"Informational, Transactional","Related Searches, Knowledge Panel, Video","0.01,0.01,0.01,0.02,0.07,0.07,0.08,0.08,0.07,0.07,0.07,0.05",70,,
ca,remodel canada,basement renovation,,,,,90,17,2.06,0.16,160,Informational,"Image, People Also Ask, Related Searches, Knowledge Panel, Reviews, Video","0.11,0.41,0.82,0.41,0.52,0.64,0.41,0.52,0.41,0.64,0.82,0.52",70,,
ca,renovate house,basement renovation,,,,,90,49,2.80,0.24,144,Informational,"Reviews, Image, Video Carousel, People Also Ask, Related Searches, Local Pack, Video, AI Overview, Image Pack","1.00,0.05,0.10,0.10,0.12,0.07,0.12,0.17,0.07,0.07,0.10,0.10",75,,
ca,renovation.,basement renovation,,,,,90,71,3.70,0.31,146,Informational,"Site Links, People Also Ask, Knowledge Panel, Reviews, Video, Video Carousel, Related Searches, AI Overview, Local Pack","0.01,0.00,0.00,0.00,0.00,0.01,0.00,0.00,1.00,0.44,0.00,0.00",20,,
ca,rom renovation,basement renovation,,,,,90,30,0.00,0.01,125,Informational,"Video Carousel, People Also Ask, Related Searches, AI Overview, Image Pack, Site Links, Video, Image","0.02,0.15,0.12,0.09,0.09,0.12,0.15,0.12,0.06,0.15,0.09,0.04",20,,
ca,roofing bradford,basement renovation,,,,,90,8,6.00,0.18,114,Informational,"Knowledge Panel, Video, People Also Ask, Related Searches, AI Overview","0.14,0.64,0.78,0.78,1.00,1.00,1.00,0.64,0.64,0.64,0.64,0.78",70,,
ca,toronto condo bathroom renovation,basement renovation,,,,,90,5,6.04,0.31,130,Informational,"Video Carousel, Related Searches, Discussions And Forums, AI Overview, Local Pack, Site Links, Video","0.00,0.15,0.34,0.28,0.21,0.21,0.21,0.43,0.53,1.00,0.65,0.34",20,,
ca,average time for bathroom renovation,basement renovation,,,,,70,14,0.00,0.29,135,Informational,"Site Links, Reviews, Video, People Also Ask, Related Searches, Short Videos, AI Overview","0.18,0.63,0.63,0.45,0.63,0.63,0.63,0.63,0.45,0.81,0.63,1.00",20,,
ca,basement ceiling soundproofing,basement renovation,,,,,70,20,0.99,1.00,163,Informational,"Site Links, Reviews, Video, Video Carousel, People Also Ask, Related Searches, AI Overview","0.06,0.08,0.14,0.14,0.10,0.14,0.18,0.22,0.14,0.14,0.22,0.14",20,,
ca,basement family room ideas,basement renovation,,,,,70,32,0.20,0.66,184,Informational,"Image Pack, Site Links, Reviews, Video, Image, People Also Ask, Popular Products, Related Searches","0.09,0.23,0.33,0.52,0.42,0.33,0.42,0.33,0.23,0.33,0.14,0.09",20,,
ca,basement flooring over concrete,basement renovation,,,,,70,23,0.61,1.00,178,Informational,"Reviews, Video Carousel, Related Searches, AI Overview, Site Links, Video, People Also Ask, Popular Products, Discussions And Forums","0.42,0.33,0.42,0.42,0.42,0.23,0.23,0.23,0.23,0.33,0.42,0.42",20,,
ca,basement laundry room,basement renovation,,,,,70,30,0.89,0.16,185,Informational,"Image, People Also Ask, Related Searches, Image Pack, Reviews, Video","0.11,0.29,0.29,0.52,0.41,0.52,0.41,0.41,0.41,0.17,0.64,0.52",90,,
ca,basement living room,basement renovation,,,,,70,32,0.00,0.14,157,Informational,"Video, Image, People Also Ask, Popular Products, Related Searches, Image Pack","0.14,0.64,0.50,0.50,0.64,0.50,0.35,0.64,0.50,0.78,0.64,0.21",90,,
ca,basement soundproofing,basement renovation,,,,,70,9,1.32,0.93,162,Informational,"Video Carousel, People Also Ask, Related Searches, AI Overview, Site Links, Reviews, Video","0.45,0.81,1.00,0.81,1.00,0.81,0.63,0.36,0.27,0.45,0.36,0.63",20,,
ca,basement subfloor over concrete,basement renovation,,,,,70,24,1.13,0.92,160,Informational,"AI Overview, Site Links, Reviews, Popular Products, Related Searches, Video, Video Carousel, People Also Ask, Discussions And Forums","0.15,0.15,0.28,0.28,0.28,0.34,0.28,0.21,0.15,0.21,0.21,0.12",20,,
ca,build renovate,basement renovation,,,,,70,37,2.93,0.13,146,Informational,"Related Searches, Adwords Middle, AI Overview, Video, Adwords Bottom, Video Carousel, People Also Ask","0.00,0.33,0.33,0.66,0.66,1.00,0.09,0.80,0.23,0.33,0.09,0.42",75,,
ca,cellar wall waterproofing,basement renovation,,,,,70,26,3.81,0.81,174,Informational,"Discussions And Forums, AI Overview, Site Links, Video, Video Carousel, People Also Ask, Related Searches, Short Videos","0.04,0.23,0.14,1.00,0.33,0.33,0.52,0.33,0.14,0.42,0.42,0.66",20,,
ca,condo renovation company,basement renovation,,,,,70,5,0.00,0.10,136,Informational,"Local Pack, Site Links, Reviews, Video, Related Searches, AI Overview","0.11,0.17,0.23,0.29,0.41,0.17,0.17,0.17,0.41,1.00,1.00,0.64",20,,
ca,condo renovation rules toronto,basement renovation,,,,,70,1,0.00,0.33,113,Informational,"Video, People Also Ask, Related Searches, Discussions And Forums, AI Overview, Site Links, Reviews","0.09,0.19,0.19,0.19,0.23,0.23,0.23,0.23,0.42,0.66,0.66,0.52",20,,
ca,condo renovation tips,basement renovation,,,,,70,18,0.00,0.33,135,Informational,"Discussions And Forums, AI Overview, Site Links, Reviews, Video, Video Carousel, People Also Ask, Related Searches","0.00,0.41,0.52,0.41,0.29,0.29,0.29,0.64,0.64,1.00,0.64,0.64",20,,
ca,divine renovation,basement renovation,,,,,70,43,0.56,0.31,82,"Informational, Transactional","Related Searches, Knowledge Panel, Site Links, Video, People Also Ask","0.41,0.41,0.41,0.41,0.41,0.41,0.29,0.52,0.52,0.52,0.64,0.52",20,,
ca,fixing baseboards,basement renovation,,,,,70,27,1.63,0.91,168,Informational,"Discussions And Forums, Image Pack, Reviews, Video, People Also Ask, Related Searches, Short Videos","0.42,0.42,0.33,0.42,0.33,0.33,0.23,0.19,0.42,0.42,0.33,0.42",75,,
ca,framing basement,basement renovation,,,,,70,11,3.50,0.12,108,Informational,"Video Carousel, People Also Ask, Related Searches, Discussions And Forums, AI Overview, Site Links, Video","0.34,0.26,0.19,0.15,0.19,0.53,0.07,0.07,0.53,0.15,0.34,0.11",20,,
ca,gaming basement,basement renovation,,,,,70,20,0.00,0.33,185,"Informational, Commercial","Site Links, Reviews, Video, Image, Video Carousel, Popular Products, People Also Ask, Related Searches, Short Videos, Image Pack","0.00,0.33,0.42,0.42,0.19,0.33,0.42,0.33,0.33,0.66,0.52,0.52",20,,
ca,gaming room basement,basement renovation,,,,,70,26,0.00,0.29,189,Informational,"Video Carousel, Popular Products, Discussions And Forums, Image Pack, Reviews, Video, Short Videos, Site Links, Image","0.00,0.64,0.50,0.35,0.50,0.64,0.78,0.78,0.78,1.00,0.78,0.78",20,,
ca,general contractors bradford,basement renovation,,,,,70,10,0.00,0.00,115,Informational,"Knowledge Panel, Reviews, Video, Related Searches, AI Overview","0.00,0.63,0.63,0.63,0.81,0.81,0.81,1.00,0.81,0.36,0.63,0.63",70,,
ca,home addition bradford,basement renovation,,,,,70,10,0.00,0.00,142,Informational,"People Also Ask, Related Searches, AI Overview, Local Pack, Reviews, Video","0.00,0.63,0.63,0.45,0.81,0.81,0.81,0.81,0.81,1.00,0.81,0.81",90,,
ca,home remodel plans,basement renovation,,,,,70,28,0.00,0.24,133,Informational,"Image, Video Carousel, People Also Ask, AI Overview, Image Pack, Site Links, Reviews, Video","0.18,0.18,0.18,1.00,1.00,1.00,1.00,1.00,0.81,0.63,0.18,0.09",20,,
ca,home reno plans,basement renovation,,,,,70,32,0.00,1.00,137,Informational,"Related Searches, AI Overview, Reviews, Video, Video Carousel, People Also Ask","0.14,0.14,0.14,0.78,0.78,0.78,0.78,0.78,0.64,0.50,0.14,0.50",90,,
ca,home renovation plans,basement renovation,,,,,70,39,0.66,0.06,135,Informational,"Image Pack, Reviews, Video, Image, People Also Ask, Related Searches, AI Overview","0.36,1.00,1.00,0.63,0.27,1.00,0.18,1.00,0.63,0.81,0.81,0.63",90,,
ca,home renovation projects,basement renovation,,,,,70,55,3.56,0.27,159,Informational,"AI Overview, Local Pack, Site Links, Reviews, Video, Video Carousel, Related Searches","0.09,0.09,0.09,0.52,0.52,0.52,0.52,0.52,0.14,0.19,0.19,0.23",20,,
ca,house addition aurora,basement renovation,,,,,70,10,0.00,0.00,141,"Informational, Commercial","Local Pack, Reviews, Video, People Also Ask, AI Overview","0.00,0.63,0.63,0.63,1.00,0.81,1.00,0.81,0.63,0.81,0.81,1.00",90,,
ca,house remodeling project,basement renovation,,,,,70,56,3.56,0.33,134,Informational,"Video, Video Carousel, People Also Ask, Related Searches, Local Pack, Image Pack, Site Links, Reviews","0.18,0.27,0.18,1.00,1.00,1.00,1.00,1.00,0.18,0.18,0.18,0.18",20,,
ca,how much to drywall a basement,basement renovation,,,,,70,17,2.03,0.16,118,Informational,"AI Overview, Site Links, Reviews, Video, People Also Ask, Related Searches","0.02,0.07,0.04,0.29,0.10,0.07,0.04,0.04,0.05,0.05,0.04,0.07",20,,
ca,kitchen renovating,basement renovation,,,,,70,20,3.34,0.52,209,Informational,"Video, Video Carousel, People Also Ask, Popular Products, Related Searches, Local Pack, Image Pack, Reviews","0.00,0.00,0.00,0.01,1.00,0.00,0.00,0.00,0.00,0.00,0.01,0.00",75,,
ca,kitchen transformations,basement renovation,,,,,70,25,4.67,0.45,132,Informational,"Image Pack, Reviews, Video, Video Carousel, People Also Ask, Related Searches, Knowledge Panel","0.09,0.19,0.14,0.33,0.19,0.14,0.23,0.52,0.66,1.00,0.66,0.52",70,,
ca,living room basement,basement renovation,,,,,70,30,0.00,0.14,182,Informational,"Video, Image, Video Carousel, People Also Ask, Popular Products, Discussions And Forums, Image Pack, Reviews","0.18,0.63,0.63,0.63,0.63,0.63,0.45,0.63,0.63,1.00,0.63,0.18",90,,
ca,main floor remodel,basement renovation,,,,,70,3,0.00,0.00,172,Informational,"Video Carousel, People Also Ask, Related Searches, AI Overview, Image Pack, Reviews, Video","0.00,0.11,0.11,0.05,0.17,0.11,0.17,0.82,1.00,1.00,1.00,1.00",90,,
ca,managed renovations,basement renovation,,,,,70,4,2.82,0.19,62200000,Informational,"Knowledge Panel, Reviews, Video, Video Carousel, People Also Ask, AI Overview","0.18,0.63,0.63,1.00,0.63,0.81,0.63,0.63,0.45,0.63,0.63,0.63",70,,
ca,reno project,basement renovation,,,,,70,16,3.10,0.22,109,Informational,"Reviews, Video, People Also Ask, Related Searches, Image Pack","0.07,0.26,0.19,0.80,0.19,0.34,0.11,0.19,0.19,0.19,0.26,0.07",75,,
ca,renovate.,basement renovation,,,,,70,60,3.70,0.31,41400000,Informational,"Top Stories, Image Pack, Reviews, Video, People Also Ask, Related Searches, AI Overview","0.00,0.00,0.00,0.00,0.00,0.00,0.00,0.00,1.00,0.44,0.00,0.00",70,,
ca,renovation hunters,basement renovation,,,,,70,29,0.00,0.33,108,"Informational, Transactional","Image, Video Carousel, People Also Ask, Related Searches, Short Videos, Knowledge Panel, Reviews, Video","0.05,0.05,0.05,1.00,0.43,0.23,0.05,0.05,0.05,0.05,0.05,0.05",70,,
ca,renovation planning,basement renovation,,,,,70,35,2.02,0.31,134,Informational,"Related Searches, AI Overview, Local Pack, Reviews, Video, Video Carousel, People Also Ask","0.07,0.78,1.00,0.64,0.28,0.28,0.64,0.35,0.35,0.35,0.35,0.35",75,,
ca,renovation tv series,basement renovation,,,,,70,43,0.00,0.01,124,Informational,"Video, Featured Snippet, Image, Video Carousel, People Also Ask, Related Searches, Image Pack, Reviews","0.07,0.07,0.07,0.07,0.42,1.00,0.53,0.34,0.15,0.26,0.26,0.15",80,,
ca,simple basement finishing ideas,basement renovation,,,,,70,37,0.00,0.16,187,Informational,"Video Carousel, People Also Ask, Related Searches, Short Videos, Image Pack, Site Links, Reviews, Video, Image","0.00,0.23,0.41,0.29,0.29,0.41,0.41,1.00,0.29,0.29,0.64,0.52",20,,
ca,soundproofing basement,basement renovation,,,,,70,6,1.11,0.96,169,Informational,"Related Searches, Discussions And Forums, AI Overview, Image Pack, Site Links, Video, Video Carousel, People Also Ask","0.64,0.64,0.50,0.50,0.50,0.64,0.50,0.50,0.07,0.64,0.50,0.50",20,,
ca,time to renovate bathroom,basement renovation,,,,,70,14,0.00,0.33,186,Informational,"People Also Ask, Related Searches, Short Videos, Discussions And Forums, Site Links, Reviews, Video, Video Carousel","0.18,0.63,0.63,0.36,0.63,0.63,0.63,0.63,0.63,1.00,0.81,0.81",20,,
ca,basement entrance ideas,basement renovation,,,,,50,23,1.38,0.04,141,Informational,"Image Pack, Video, Popular Products, Related Searches","0.14,0.52,0.42,0.33,0.33,0.09,0.09,0.09,0.09,0.14,0.52,0.09",90,,
ca,basement entryway ideas,basement renovation,,,,,50,23,1.38,0.33,179,Informational,"Image Pack, Site Links, Video, Image, Popular Products, Related Searches, Discussions And Forums","0.18,0.81,0.63,0.63,0.63,0.18,0.18,0.18,0.18,0.18,1.00,0.18",20,,
ca,basement games,basement renovation,,,,,50,23,0.44,0.99,189,Informational,"Video, Image, Video Carousel, Related Searches, AI Overview, Image Pack, Site Links, Reviews","0.05,0.41,0.29,0.41,0.11,0.41,1.00,0.11,0.17,0.52,0.11,0.11",20,,
ca,basement recreation room ideas,basement renovation,,,,,50,14,0.36,0.14,192,Informational,"Video Carousel, People Also Ask, Related Searches, Discussions And Forums, Image Pack, Reviews, Video, Image","0.14,0.14,0.21,0.14,0.14,0.28,0.28,1.00,1.00,0.28,0.64,0.07",90,,
ca,basement storage shelving ideas,basement renovation,,,,,50,32,0.13,1.00,195,Informational,"Site Links, Image, People Also Ask, Image Pack, Reviews, Video, Video Carousel, Popular Products, Related Searches, Discussions And Forums","0.18,0.18,0.18,0.18,1.00,1.00,1.00,1.00,0.18,0.18,0.18,0.18",20,,
ca,before and after remodel kitchen,basement renovation,,,,,50,36,0.49,0.26,193,Informational,"Image Pack, Site Links, Video, Video Carousel, People Also Ask, Related Searches","0.18,0.45,0.45,0.63,0.63,0.63,0.63,0.81,0.00,0.63,1.00,0.00",20,,
ca,building basement walls,basement renovation,,,,,50,25,2.44,0.33,109,Informational,"People Also Ask, Related Searches, AI Overview, Image Pack, Site Links, Video, Video Carousel","0.11,0.41,0.41,0.41,0.41,0.41,0.41,0.41,0.29,0.11,0.05,0.11",20,,
ca,condo remodel cost,basement renovation,,,,,50,5,1.93,0.09,201,Informational,"Video, Video Carousel, People Also Ask, Related Searches, Discussions And Forums, AI Overview, Site Links","0.11,0.11,0.17,1.00,0.23,0.17,0.23,0.17,0.11,0.17,0.17,0.11",20,,
ca,how long does a bathroom renovation take,basement renovation,,,,,50,5,2.44,0.04,118,Informational,"Video Carousel, People Also Ask, Related Searches, Short Videos, AI Overview, Site Links, Reviews, Video","0.06,0.34,0.34,0.06,0.06,0.06,0.06,0.09,0.09,0.43,0.34,0.15",20,,
ca,how much does it cost to build a basement,basement renovation,,,,,50,11,1.61,0.33,135,Informational,"AI Overview, Site Links, Reviews, Video, People Also Ask, Related Searches, Short Videos","0.50,0.50,0.50,0.78,0.28,0.35,0.28,0.14,0.21,0.35,0.21,0.28",20,,
ca,insulate basement floor,basement renovation,,,,,50,9,1.43,0.99,170,Informational,"Site Links, Video, Video Carousel, People Also Ask, Related Searches, Discussions And Forums, AI Overview","0.14,0.33,0.19,0.14,0.33,0.52,0.42,0.19,0.23,0.23,0.23,0.23",20,,
ca,insulate basement walls,basement renovation,,,,,50,14,1.48,0.88,177,Informational,"People Also Ask, Related Searches, Discussions And Forums, AI Overview, Site Links, Reviews, Video, Video Carousel","0.11,0.08,0.06,0.08,0.11,0.15,0.08,0.11,0.06,0.05,0.03,0.03",20,,
ca,insulating basement walls with foam board,basement renovation,,,,,50,33,0.57,0.74,65,Informational,"Site Links, Video, People Also Ask, Related Searches, Discussions And Forums, AI Overview","0.07,0.07,0.07,0.07,0.07,0.07,0.42,0.42,0.42,0.07,0.07,0.07",20,,
ca,insulating the basement,basement renovation,,,,,50,28,2.27,0.72,62,Informational,"Image Pack, Reviews, Video, Video Carousel, People Also Ask, Related Searches","0.45,0.18,0.27,0.27,0.27,0.27,1.00,0.81,0.81,0.81,0.81,1.00",90,,
ca,kitchen cabinet remodeling,basement renovation,,,,,50,33,2.72,0.47,187,Informational,"Local Pack, Image Pack, Reviews, Video, Video Carousel, People Also Ask, Related Searches","0.23,0.41,0.41,0.29,0.17,0.29,0.41,0.29,0.29,0.17,0.17,0.29",90,,
ca,kitchen remodel checklist,basement renovation,,,,,50,23,0.84,0.11,123,Informational,"Reviews, Video, People Also Ask, Related Searches, AI Overview, Image Pack","0.42,0.33,0.14,0.14,0.09,0.09,0.09,0.09,0.14,0.33,0.42,0.42",90,,
ca,photos kitchen remodels,basement renovation,,,,,50,38,0.36,0.71,198,Informational,"People Also Ask, Related Searches, Image Pack, Video, Video Carousel","0.00,0.00,0.50,0.64,0.35,0.50,1.00,0.50,0.50,0.00,0.00,0.00",90,,
ca,photos of remodeled kitchens,basement renovation,,,,,50,41,0.36,0.58,198,Informational,"Image Pack, Video, Image, Video Carousel, People Also Ask, Related Searches, Short Videos","0.00,0.00,0.63,0.63,0.45,0.63,1.00,0.63,0.63,0.00,0.00,0.00",90,,
ca,refurbish kitchen,basement renovation,,,,,50,39,2.94,0.63,67,Informational,"Local Pack, Video, Video Carousel, People Also Ask, Related Searches","0.09,1.00,0.14,0.14,0.14,0.14,0.14,0.19,0.19,0.14,0.09,0.09",75,,
ca,renovation drawings,basement renovation,,,,,50,7,2.31,0.49,134,"Informational, Transactional","Image Pack, Site Links, Reviews, Video, Image, Video Carousel, People Also Ask, Related Searches","0.09,0.09,0.33,0.23,0.42,0.42,0.23,0.23,0.09,0.23,0.23,0.23",20,,
ca,renovation kitchen ideas,basement renovation,,,,,50,38,0.50,0.76,194,Informational,"Related Searches, AI Overview, Video, Adwords Top, People Also Ask, Image Pack, Image, Adwords Bottom, Video Carousel, Popular Products","0.00,0.03,0.21,0.26,0.00,0.00,0.01,0.02,0.02,0.03,1.00,0.14",90,,
ca,renovation of building,basement renovation,,,,,50,36,3.20,0.16,231000000,Informational,"Image Pack, Site Links, People Also Ask, Related Searches","0.11,0.55,0.33,1.00,0.77,0.77,1.00,0.55,0.44,0.77,0.55,0.55",20,,
ca,room renovations,basement renovation,,,,,50,16,2.08,0.23,129,Informational,"Discussions And Forums, Image Pack, Reviews, Video, Video Carousel, People Also Ask, Related Searches","0.77,0.77,0.55,0.44,0.55,0.22,0.77,0.44,1.00,0.44,0.33,1.00",75,,
ca,what r value for basement walls,basement renovation,,,,,50,23,0.85,0.18,135,Informational,"Site Links, Reviews, Video, Video Carousel, People Also Ask, Related Searches, Discussions And Forums, Image Pack","0.17,0.23,0.29,0.29,0.41,0.41,0.41,0.29,0.29,0.29,0.17,0.17",20,,
ca,7 great basement design ideas,basement renovation,,,,,90,28,0.44,0.24,182,Informational,"Video, Image, Video Carousel, People Also Ask, Related Searches, Image Pack, Reviews","0.09,0.09,0.09,0.11,0.11,0.11,0.07,0.11,0.07,0.09,0.05,0.07",90,,
ca,basement bath rough in,basement renovation,,,,,90,20,0.00,0.33,179,Informational,"Related Searches, AI Overview, Image Pack, Site Links, Video, Video Carousel, People Also Ask","0.34,0.42,0.42,0.07,0.07,0.53,0.42,0.65,0.53,0.07,0.07,0.07",20,,
ca,basement developers,basement renovation,,,,,90,30,7.41,0.35,137,Informational,"People Also Ask, Related Searches, AI Overview, Knowledge Panel, Video, Adwords Bottom","0.11,0.41,0.52,0.64,0.64,0.64,1.00,0.64,0.52,0.64,0.52,0.64",70,,
ca,basement fireplace ideas,basement renovation,,,,,90,19,0.00,1.00,237,Informational,"Discussions And Forums, Reviews, Video, Video Carousel, Short Videos, Image Pack, Image, People Also Ask, Popular Products, Related Searches","0.15,0.28,0.28,0.65,0.21,0.43,0.21,0.28,0.21,0.21,0.21,0.12",90,,
ca,basement staircase,basement renovation,,,,,90,34,1.16,0.16,181,Informational,"Video Carousel, People Also Ask, Popular Products, Related Searches, Short Videos, Image Pack, Video, Image","0.65,0.42,0.34,0.26,0.19,1.00,0.03,0.03,0.80,0.42,0.11,0.26",75,,
ca,bathroom vanity with sink installation,basement renovation,,,,,90,32,1.37,0.33,166,Informational,"Video Carousel, People Also Ask, Related Searches, AI Overview, Reviews, Video, Short Videos, Local Pack, Image Pack","0.02,0.02,0.02,0.02,0.02,0.02,0.02,0.02,0.02,0.02,1.00,0.54",90,,
ca,changing baseboards,basement renovation,,,,,90,33,1.01,0.85,124,Informational,"Video, People Also Ask, Popular Products, Related Searches","0.78,0.64,0.78,0.78,0.50,0.64,0.50,0.78,0.64,0.64,0.50,0.64",75,,
ca,cost to install new bathroom vanity,basement renovation,,,,,90,23,1.99,0.10,90,Informational,"Site Links, Reviews, Video, People Also Ask, Related Searches, Discussions And Forums, AI Overview","0.07,0.07,0.07,0.07,0.07,0.34,0.42,0.03,1.00,0.80,1.00,0.26",20,,
ca,home addition vaughan,basement renovation,,,,,90,5,0.00,0.00,123,Informational,"AI Overview, Local Pack, Reviews, Video, Related Searches","0.00,0.63,1.00,1.00,1.00,1.00,1.00",90,,
ca,house and renovation,basement renovation,,,,,90,58,2.80,0.24,147,Informational,"People Also Ask, Related Searches, AI Overview, Local Pack, Site Links, Reviews, Video, Video Carousel","0.00,0.00,0.00,0.80,0.53,0.53,0.34,0.42,0.34,0.53,0.42,0.34",20,,
ca,legal basements,basement renovation,,,,,90,9,2.74,0.26,138,Informational,"Site Links, Video, Video Carousel, People Also Ask, Related Searches, AI Overview","0.19,0.33,0.14,0.42,0.42,0.52,0.52,0.66,0.52,1.00,1.00,1.00",20,,
ca,patio remodel,basement renovation,,,,,90,23,2.14,0.84,162,Informational,"Video Carousel, People Also Ask, Related Searches, Local Pack, Image Pack, Site Links, Reviews, Video","0.10,0.08,0.06,0.05,0.03,0.02,0.01,0.03,0.03,0.06,0.10,0.08",20,,
ca,renovation images,basement renovation,,,,,90,32,0.96,0.03,138,Informational,"Image Pack, Video, Image, People Also Ask, Related Searches","0.06,0.06,0.06,0.06,0.05,0.04,0.04,0.05,0.04,0.04,0.04,0.04",75,,
ca,sub basement,basement renovation,,,,,90,27,0.00,0.33,223,Informational,"People Also Ask, Related Searches, AI Overview, Site Links, Reviews, Video, Image, Video Carousel","0.52,0.52,0.64,0.52,0.64,0.82,0.64,0.41,0.41,0.41,0.64,0.41",20,,
ca,backyard reno ideas,basement renovation,,,,,70,33,0.93,0.93,182,Informational,"Image Pack, Site Links, Video, Image, Video Carousel, Related Searches, Discussions And Forums","0.41,0.64,0.41,0.52,0.23,0.17,0.17,0.29,0.29,0.52,0.82,1.00",20,,
ca,baseboard crack filler,basement renovation,,,,,70,22,0.57,1.00,160,Informational,"Image Pack, Site Links, Reviews, Video, Video Carousel, People Also Ask, Related Searches, Discussions And Forums","0.34,0.26,0.26,0.19,0.19,0.26,0.26,0.26,0.26,0.26,0.26,0.26",20,,
ca,basement casement windows,basement renovation,,,,,70,10,2.56,0.84,193,Informational,"Image Pack, Site Links, Video, Popular Products, Reviews, Image, Video Carousel, People Also Ask, Related Searches","0.35,0.05,0.28,0.28,0.05,0.28,0.05,0.05,0.28,0.28,0.28,0.28",20,,
ca,basement framing cost,basement renovation,,,,,70,18,1.90,0.12,193,Informational,"Reviews, Video, Video Carousel, People Also Ask, Related Searches, AI Overview, Site Links","0.14,0.21,0.21,0.78,0.35,0.35,0.14,0.78,0.78,0.78,0.78,0.21",20,,
ca,basement home gym ideas,basement renovation,,,,,70,23,0.48,0.87,188,Informational,"Adwords Bottom, Video Carousel, Video, People Also Ask, Related Searches, Discussions And Forums, Image Pack, Reviews, Image","0.06,0.14,0.10,0.18,0.14,0.14,0.18,0.18,0.08,0.14,0.22,0.06",90,,
ca,basement organization,basement renovation,,,,,70,32,0.32,0.98,190,Informational,"Video, Video Carousel, People Also Ask, Related Searches, AI Overview, Reviews","0.17,0.41,0.41,0.52,0.41,0.64,0.64,0.52,0.41,0.41,0.29,0.41",75,,
ca,basement organization ideas,basement renovation,,,,,70,37,0.54,1.00,184,Informational,"Reviews, Video, Image, Video Carousel, People Also Ask, Related Searches","0.09,0.23,0.23,0.09,0.52,0.52,0.19,0.52,0.19,0.33,0.14,0.09",90,,
ca,basement renovations edmonton cost,basement renovation,,,,,70,4,2.23,0.14,129,Informational,"Discussions And Forums, AI Overview, Site Links, Video, People Also Ask, Related Searches","0.18,0.81,0.81,1.00,0.81,0.63,0.63,0.63,0.63,0.63,0.81,1.00",20,,
ca,basement sound insulation,basement renovation,,,,,70,14,1.32,0.93,163,Informational,"Reviews, Video, Video Carousel, Related Searches, Discussions And Forums, AI Overview, People Also Ask, Image Pack, Site Links","0.52,0.41,0.41,0.41,0.64,0.52,0.29,0.23,0.41,0.52,0.41,0.41",20,,
ca,bathroom renovation cost edmonton,basement renovation,,,,,70,2,1.31,0.17,115,Informational,"People Also Ask, Related Searches, AI Overview, Site Links, Video","0.07,0.42,0.26,0.42,0.34,0.42,0.42,0.34,0.34,0.26,0.26,0.42",20,,
ca,ceiling ideas for basements,basement renovation,,,,,70,25,0.46,1.00,188,Informational,"Discussions And Forums, Image Pack, Video, People Also Ask, Popular Products, Short Videos, Reviews, Image, Video Carousel, Related Searches","0.12,0.12,0.12,0.15,0.15,0.21,0.28,0.53,0.28,0.43,0.28,0.12",90,,
ca,condo renovation vaughan,basement renovation,,,,,70,6,0.00,0.00,127,Informational,"People Also Ask, Related Searches, AI Overview, Local Pack, Reviews, Video","0.09,0.63,0.63,0.45,0.45,0.81,0.63,0.63,0.81,0.63,1.00,0.09",90,,
ca,daylight basement,basement renovation,,,,,70,20,0.00,0.01,20,Informational,"AI Overview, Reviews, Video, Image, People Also Ask, Related Searches","0.64,0.64,0.64,0.64,0.50,0.35,0.28,0.78,0.50,0.50,0.50,0.50",75,,
ca,drywall basement,basement renovation,,,,,70,8,1.01,0.43,168,Informational,"Reviews, Video, Video Carousel, People Also Ask, Popular Products, Short Videos, Discussions And Forums, AI Overview, Site Links, Related Searches","0.17,0.52,0.64,0.41,0.52,0.41,0.23,0.29,0.82,0.29,0.17,0.17",20,,
ca,framing a basement wall,basement renovation,,,,,70,20,2.11,0.05,108,Informational,"Video Carousel, People Also Ask, Related Searches, AI Overview, Image Pack, Site Links, Video, Image","0.23,0.23,0.17,0.52,0.23,0.29,0.82,0.41,0.64,0.17,0.05,0.05",20,,
ca,good paint colors for basement,basement renovation,,,,,70,27,0.22,0.38,184,Informational,"Related Searches, Short Videos, AI Overview, Reviews, Video, Image, People Also Ask","0.35,0.64,0.21,0.28,0.35,0.64,0.78,0.64,0.64,0.50,1.00,1.00",90,,
ca,house reno,basement renovation,,,,,70,53,0.00,0.09,122,Informational,"Image Pack, Video, Video Carousel, People Also Ask, Related Searches","0.09,0.52,0.52,0.42,0.33,0.42,0.42,0.42,0.19,0.23,0.19,0.19",75,,
ca,how to fix baseboards,basement renovation,,,,,70,31,0.63,0.81,107,Informational,"Short Videos, AI Overview, Site Links, Reviews, Video, People Also Ask, Related Searches","0.64,0.64,0.50,0.50,0.50,0.35,0.50,0.64,0.50,0.50,0.50,0.00",20,,
ca,how to frame in a basement wall,basement renovation,,,,,70,40,0.29,0.01,108,Informational,"Related Searches, Discussions And Forums, AI Overview, Image Pack, Site Links, Video, People Also Ask","0.78,1.00,1.00,0.00,0.00,0.14,0.14,0.21,0.78,0.78,0.07,0.07",20,,
ca,how to install toilet sink,basement renovation,,,,,70,25,1.19,0.10,107,Informational,"Video, Video Carousel, People Also Ask, Related Searches, Short Videos","0.15,0.65,0.26,0.34,0.26,0.26,0.65,0.26,0.26,0.42,0.42,0.26",90,,
ca,remodeled attics,basement renovation,,,,,70,30,2.26,0.36,107,Informational,"Video, Image, Video Carousel, People Also Ask, AI Overview, Image Pack, Reviews, Adwords Top, Adwords Bottom, Related Searches","0.17,0.64,0.41,0.52,0.29,0.41,1.00,0.41,0.00,0.23,0.00,0.00",75,,
ca,renovate whole house,basement renovation,,,,,70,29,3.42,0.15,205,Informational,"Site Links, Video, Video Carousel, People Also Ask, Related Searches, Discussions And Forums, AI Overview","0.00,0.00,0.00,0.81,1.00,0.00,0.43,0.00,0.28,0.00,0.03,0.00",20,,
ca,renovating a house,basement renovation,,,,,70,50,2.80,0.24,139,Informational,"Image Pack, Reviews, Video, Video Carousel, People Also Ask, Related Searches, AI Overview, Local Pack","0.10,0.18,0.18,0.22,0.22,0.14,0.14,0.14,0.08,0.10,0.18,0.14",90,,
ca,renovation projects,basement renovation,,,,,70,18,3.10,0.22,175,Informational,"Image Pack, Reviews, Discussions And Forums, AI Overview, Local Pack, Video, Video Carousel, People Also Ask, Related Searches","0.14,0.23,0.23,0.80,0.19,0.23,0.23,0.33,0.33,0.19,0.19,0.14",75,,
ca,what is good flooring for a basement,basement renovation,,,,,70,28,0.40,0.99,187,"Informational, Commercial","Popular Products, Related Searches, AI Overview, Site Links, Reviews, Video, Video Carousel, People Also Ask","0.34,0.42,0.42,0.26,0.34,0.26,0.26,0.34,0.00,0.34,0.34,0.42",20,,
ca,basement reno edmonton,basement renovation,,,,,50,22,4.56,0.42,56,Informational,"Knowledge Panel, Reviews, People Also Ask, Related Searches","0.22,0.77,0.77,0.55,0.77,0.44,0.33,0.33,1.00,0.77,0.77,0.33",70,,
ca,before after kitchen renovations,basement renovation,,,,,50,36,0.67,0.28,126,Informational,"Image Pack, Site Links, Video, Image, Video Carousel, Related Searches","0.00,0.45,0.45,0.63,0.63,0.63,0.63,0.45,0.63,0.63,1.00,0.18",20,,
ca,design renovation,basement renovation,,,,,50,8,2.54,0.66,136,Informational,"Related Searches, Local Pack, Image Pack, Reviews, Video, Video Carousel, People Also Ask","0.28,1.00,1.00,0.50,0.21,0.28,0.28,0.28,0.21,0.28,0.21,0.21",75,,
ca,foundation types for homes,basement renovation,,,,,50,15,1.46,0.04,178,Informational,"People Also Ask, Related Searches, AI Overview, Video, Image, Video Carousel","0.09,0.21,0.21,0.21,0.15,0.12,0.12,0.06,0.12,0.15,0.12,0.21",90,,
ca,garden renovation,basement renovation,,,,,50,28,1.45,0.54,169,Informational,"People Also Ask, Short Videos, Discussions And Forums, Image Pack, Video, Related Searches, Local Pack, Reviews, Image, Video Carousel","0.09,0.09,0.19,0.52,0.23,0.23,0.19,0.33,0.33,0.19,0.33,0.33",75,,
ca,home foundation,basement renovation,,,,,50,34,5.50,0.16,206,Informational,"Image Pack, Video, Video Carousel, People Also Ask, Related Searches, AI Overview","0.21,0.28,0.28,0.50,0.50,0.50,0.35,0.50,0.35,0.28,0.28,0.28",75,,
ca,home remodeling before and after,basement renovation,,,,,50,36,1.41,0.05,86,Informational,"Image Pack, Video, Video Carousel, People Also Ask, Related Searches","0.33,0.77,0.77,0.77,0.55,0.55,0.33,0.44,0.77,0.55,0.55,0.44",90,,
ca,how do you insulate a basement,basement renovation,,,,,50,27,0.96,0.66,105,Informational,"Video, Video Carousel, People Also Ask, Related Searches, Short Videos, Discussions And Forums, AI Overview, Reviews","0.09,0.23,0.23,0.09,0.52,0.09,0.52,0.52,0.09,0.09,0.09,0.09",90,,
ca,how to insulate a basement,basement renovation,,,,,50,26,0.96,0.55,107,Informational,"Short Videos, Reviews, Video Carousel, People Also Ask, Discussions And Forums, AI Overview, Site Links, Video, Related Searches","0.07,0.19,0.19,0.07,0.42,0.07,0.42,0.42,0.07,0.07,0.07,0.07",20,,
ca,how to kitchen renovation,basement renovation,,,,,50,29,0.66,0.15,108,Informational,"AI Overview, Image Pack, Site Links, Reviews, Video, Video Carousel, People Also Ask, Related Searches","0.42,0.23,0.09,0.09,0.09,0.09,0.09,0.09,0.52,0.52,0.52,0.52",20,,
ca,inexpensive basement wall panels,basement renovation,,,,,50,29,0.58,0.99,184,Informational,"Image Pack, Video Carousel, Popular Products, AI Overview, Site Links, Video, Image, People Also Ask, Related Searches","0.09,0.14,0.52,0.52,0.09,0.09,0.14,0.52,0.09,0.09,0.14,0.14",20,,
ca,install sink bathroom,basement renovation,,,,,50,45,3.46,0.33,167,Informational,"Video, Video Carousel, People Also Ask, Related Searches, Short Videos, Knowledge Panel, Image Pack, Reviews","0.00,0.77,1.00,0.44,0.77,0.77,0.77,0.77,0.44,0.55,0.55,0.77",70,,
ca,installing a new vanity,basement renovation,,,,,50,40,1.50,0.66,109,Informational,"Reviews, Video, People Also Ask, Related Searches, AI Overview","0.07,0.07,0.07,0.53,0.34,0.19,0.26,0.19,0.26,0.07,0.07,0.07",90,,
ca,light in basement,basement renovation,,,,,50,21,0.25,1.00,195,"Informational, Commercial","Image Pack, Site Links, Reviews, Video Carousel, People Also Ask, Popular Products, Video, Image, Related Searches","0.55,0.77,0.77,0.77,0.55,0.77,1.00,0.44,1.00,0.55,0.55,0.33",20,,
ca,renovation of house,basement renovation,,,,,50,49,2.80,0.24,147,Informational,"People Also Ask, Related Searches, AI Overview, Image Pack, Reviews, Video, Image, Video Carousel","0.00,0.09,0.09,0.21,0.28,0.15,0.12,0.12,0.06,0.43,0.12,0.21",90,,
ca,types of foundations for houses,basement renovation,,,,,50,16,1.46,0.04,218,Informational,"Discussions And Forums, AI Overview, Video, Image, Video Carousel, People Also Ask, Related Searches, Short Videos","0.27,0.63,0.63,0.63,0.45,0.36,0.36,0.18,0.36,0.45,0.36,0.63",90,,
ca,yard renovation,basement renovation,,,,,50,23,2.21,0.12,183,Informational,"Video, Video Carousel, People Also Ask, Related Searches, Discussions And Forums, Local Pack","0.18,0.27,0.36,1.00,1.00,1.00,0.36,0.45,0.27,0.27,0.27,0.36",75,,
ca,basement sound dampening,basement renovation,,,,,90,11,1.32,0.93,167,Informational,"AI Overview, Site Links, Reviews, Video, Video Carousel, People Also Ask, Related Searches, Discussions And Forums","0.52,0.33,0.33,0.42,0.52,0.42,0.33,0.42,0.33,0.42,0.33,0.33",20,,
ca,basement waterproofing solutions,basement renovation,,,,,90,33,4.18,0.13,204,Informational,"AI Overview, Local Pack, Video, Video Carousel, People Also Ask, Related Searches","0.11,0.41,0.41,0.64,0.64,0.52,1.00,0.64,0.52,0.64,0.64,0.64",90,,
ca,basement waterproofing thornbury,basement renovation,,,,,90,3,0.00,0.00,12000,Informational,"Local Pack, Site Links, Video, People Also Ask, Related Searches","0.00,0.78,0.64,0.50,1.00,1.00,1.00,1.00,0.78,1.00,1.00,1.00",20,,
ca,cost of a bathroom renovation,basement renovation,,,,,90,14,2.10,0.18,208,Informational,"Reviews, Video, Video Carousel, People Also Ask, Related Searches, Short Videos, Site Links, Discussions And Forums, AI Overview","0.07,0.12,0.12,0.23,0.17,0.12,0.17,0.23,0.35,0.82,0.53,0.66",20,,
ca,drop ceilings for basements,basement renovation,,,,,90,20,1.17,1.00,167,Informational,"Site Links, Video, Image, Video Carousel, AI Overview, People Also Ask, Popular Products, Related Searches, Short Videos, Discussions And Forums","0.11,0.34,0.34,0.26,0.26,0.34,0.42,0.42,0.34,0.42,0.26,0.26",20,,
ca,home renovation canada,basement renovation,,,,,90,51,3.00,0.27,133,Informational,"Knowledge Panel, Site Links, Video, Image, People Also Ask, AI Overview, Reviews, Related Searches, Discussions And Forums","0.09,0.80,1.00,0.52,0.23,0.23,0.33,0.23,0.19,0.52,0.42,0.52",20,,
ca,how much to waterproof basement ontario,basement renovation,,,,,90,5,3.50,0.37,106,Informational,"Site Links, Video, People Also Ask, Related Searches, Discussions And Forums, AI Overview","0.14,0.52,0.42,0.66,0.33,0.23,1.00,0.80,0.42,0.66,0.42,0.42",20,,
ca,how to make basement walls,basement renovation,,,,,90,38,0.00,0.03,105,Informational,"Site Links, Video, People Also Ask, Related Searches, AI Overview","0.52,0.33,0.66,0.52,0.42,0.42,0.42,0.52,0.33,0.42,0.33,0.33",20,,
ca,insulation basement,basement renovation,,,,,90,23,2.27,0.72,183,Informational,"Video, Video Carousel, People Also Ask, Popular Products, Related Searches, Discussions And Forums, Site Links, Reviews, AI Overview","0.01,0.02,0.05,0.44,0.44,0.02,0.02,0.04,0.36,0.02,0.02,0.36",20,,
ca,reno ideas,basement renovation,,,,,90,38,0.85,0.26,192,Informational,"Video Carousel, Related Searches, AI Overview, Image Pack, Site Links, Reviews, Video, Image","0.09,0.23,0.33,0.33,0.66,1.00,0.52,0.33,0.33,0.33,0.23,0.19",20,,
ca,stair repair near me,basement renovation,,,,,90,4,2.25,0.60,116,"Informational, Transactional","Video, People Also Ask, Related Searches, AI Overview, Knowledge Panel, Reviews","0.05,0.43,0.43,0.35,0.28,0.28,0.23,0.17,0.17,0.17,0.12,0.10",70,,
ca,staircase remodel cost,basement renovation,,,,,90,15,1.54,0.09,175,Informational,"Reviews, Video, Video Carousel, People Also Ask, Related Searches, Discussions And Forums, AI Overview, Site Links","0.09,0.52,0.52,0.09,0.09,0.09,0.09,0.52,0.52,1.00,1.00,1.00",20,,
ca,staircase renovation prices,basement renovation,,,,,90,5,1.54,0.09,189,Informational,"Site Links, Reviews, Video, Video Carousel, People Also Ask, Related Searches, Discussions And Forums, AI Overview","0.09,0.52,0.52,0.09,0.09,0.09,0.09,0.52,0.52,1.00,1.00,1.00",20,,
ca,toronto basement waterproofing cost,basement renovation,,,,,90,10,5.48,0.64,115,Informational,"Video Carousel, People Also Ask, Related Searches, Discussions And Forums, AI Overview, Site Links, Reviews, Video","0.03,0.20,0.03,0.03,0.03,0.07,0.03,0.04,0.00,0.02,0.00,0.01",20,,
ca,walkout basement definition,basement renovation,,,,,90,21,0.00,0.33,131,Informational,"Image Pack, Site Links, Reviews, Video, Video Carousel, People Also Ask, Related Searches, Short Videos, AI Overview","0.34,0.34,0.26,0.34,0.34,0.26,0.34,0.34,0.42,0.42,0.42,0.42",20,,
ca,wet basement repair cost,basement renovation,,,,,90,18,4.29,0.38,192,Informational,"Discussions And Forums, AI Overview, Site Links, Video, Video Carousel, People Also Ask, Related Searches","0.03,0.15,0.15,0.23,0.08,0.18,0.23,0.28,0.11,0.11,0.18,0.18",20,,
ca,average kitchen renovation cost calgary,basement renovation,,,,,70,4,0.00,0.33,123,Informational,"Related Searches, Discussions And Forums, AI Overview, Site Links, Reviews, Video, People Also Ask","0.06,0.06,0.12,0.21,0.21,0.12,1.00,0.15,0.15,0.28,0.28,0.28",20,,
ca,baseboard install,basement renovation,,,,,70,39,0.96,0.32,167,Informational,"Video, Adwords Bottom, Video Carousel, Image Pack, Site Links, Reviews, People Also Ask, Related Searches, Short Videos, AI Overview","0.08,0.11,0.08,0.08,0.06,0.06,0.00,0.00,0.00,0.01,0.66,0.01",20,,
ca,baseboard trim on stairs,basement renovation,,,,,70,26,0.00,0.58,55,Informational,"Related Searches, AI Overview, Video, Image, People Also Ask","0.14,0.14,0.50,0.14,0.14,0.50,0.35,0.78,0.64,0.64,0.64,0.50",90,,
ca,basement entrance cover,basement renovation,,,,,70,14,0.65,0.16,184,Informational,"Site Links, Video, Image, Video Carousel, People Also Ask, Popular Products, Related Searches, Image Pack, Short Videos","0.06,0.28,0.21,0.34,0.34,0.28,0.12,0.21,0.15,0.15,0.21,0.21",20,,
ca,basement fireplace,basement renovation,,,,,70,9,0.38,1.00,181,Informational,"Popular Products, Site Links, Reviews, Video, People Also Ask, Related Searches, Short Videos, AI Overview, Image, Video Carousel","0.17,0.17,0.17,0.23,0.23,0.35,0.23,0.28,0.12,0.17,0.12,0.12",20,,
ca,basement leakage,basement renovation,,,,,70,13,8.39,0.70,131,Informational,"Local Pack, Video, Adwords Bottom, Related Searches, Discussions And Forums, Adwords Middle, AI Overview, Site Links, Reviews, Video Carousel, People Also Ask, Short Videos","0.04,0.42,0.33,0.33,0.33,0.33,0.42,0.33,0.42,0.52,0.04,0.04",20,,
ca,basement reno cost per square foot,basement renovation,,,,,70,10,2.73,0.20,134,Informational,"AI Overview, Site Links, Reviews, Video, Video Carousel, People Also Ask, Related Searches, Discussions And Forums","0.34,0.19,0.15,0.19,0.19,0.19,0.26,0.42,0.26,0.19,0.19,0.19",20,,
ca,basement renovations king,basement renovation,,,,,70,5,0.00,0.33,143,Informational,"Related Searches, AI Overview, Local Pack, Reviews, Video, Adwords Bottom, People Also Ask","0.64,1.00,0.78,1.00,0.35,0.35,0.35,0.50,0.14,0.35,0.64,0.50",90,,
ca,basement rug ideas,basement renovation,,,,,70,25,0.48,1.00,179,Informational,"Site Links, Image, People Also Ask, Popular Products, Short Videos, Discussions And Forums, AI Overview, Video, Related Searches","0.81,0.63,0.63,0.45,0.81,0.81,0.45,1.00,0.63,0.63,0.63,0.45",20,,
ca,basement stair,basement renovation,,,,,70,32,0.74,0.24,180,Informational,"Video Carousel, People Also Ask, Popular Products, Related Searches, Short Videos, Image Pack, Video, Image","0.45,0.81,0.45,0.63,0.45,0.63,0.81,0.81,0.81,1.00,1.00,0.63",75,,
ca,basement staircase ideas,basement renovation,,,,,70,22,0.27,0.52,216,Informational,"Image, Video Carousel, People Also Ask, Popular Products, Related Searches, Short Videos, Image Pack, Video","0.00,0.11,0.42,0.11,0.11,0.07,0.65,0.11,0.65,0.19,0.65,0.07",90,,
ca,basement waterproofing caledon,basement renovation,,,,,70,5,0.00,0.13,192,Informational,"Video, People Also Ask, Related Searches, AI Overview, Knowledge Panel","0.11,0.82,0.82,1.00,0.52,0.29,0.52,0.41,0.17,0.29,0.82,0.64",70,,
ca,basement wet,basement renovation,,,,,70,25,9.32,0.83,202,Informational,"Short Videos, Discussions And Forums, Video, AI Overview, Site Links, Reviews, Video Carousel, People Also Ask, Related Searches","0.00,0.02,0.01,0.02,0.02,0.00,1.00,0.00,0.01,0.01,0.01,0.29",20,,
ca,bathroom redo on a budget,basement renovation,,,,,70,32,1.87,0.21,171,Informational,"Image, Video Carousel, People Also Ask, Related Searches, Image Pack, Site Links, Reviews, Video","0.11,0.41,0.17,0.23,0.17,0.29,0.23,0.52,1.00,0.52,0.82,0.64",20,,
ca,bathroom remodeling ideas before and after,basement renovation,,,,,70,29,0.30,0.12,184,Informational,"Adwords Top, Short Videos, Discussions And Forums, Image Pack, Video, Adwords Bottom, Video Carousel, People Also Ask, Related Searches","0.09,0.33,0.33,0.33,0.33,0.33,0.19,0.33,0.33,0.33,0.23,0.33",90,,
ca,before and after house remodel,basement renovation,,,,,70,30,1.41,0.05,128,Informational,"Image Pack, Site Links, Video, Video Carousel, Related Searches","0.63,0.45,0.45,1.00,0.63,0.36,0.63,0.36,0.81,0.81,0.63,0.45",20,,
ca,best color for basement walls,basement renovation,,,,,70,28,0.22,0.36,181,Informational,"People Also Ask, Related Searches, Image Pack, Site Links, Reviews, Video","0.14,0.14,0.14,0.78,0.78,0.50,0.50,0.78,0.50,0.64,0.50,0.64",20,,
ca,budget for bathroom remodel,basement renovation,,,,,70,30,1.87,0.21,60,Informational,"Reviews, People Also Ask, Related Searches, Site Links","0.00,0.23,0.19,0.00,0.19,0.19,0.00,0.33,1.00,0.52,0.66,0.42",20,,
ca,cinder block homes,basement renovation,,,,,70,26,0.00,0.01,180,Informational,"Image Pack, Site Links, Video, Image, Video Carousel, People Also Ask, Related Searches","0.09,0.42,0.52,0.42,0.42,0.42,0.33,0.33,0.33,0.33,0.33,0.33",20,,
ca,concrete vs cinder block,basement renovation,,,,,70,18,0.00,0.33,104,"Informational, Commercial","Video Carousel, People Also Ask, Related Searches, AI Overview, Site Links, Reviews, Video","0.81,0.63,0.63,0.81,0.63,0.81,0.45,0.45,0.45,1.00,1.00,1.00",20,,
ca,cozy basement,basement renovation,,,,,70,21,0.00,0.04,193,Informational,"Site Links, Video, Video Carousel, People Also Ask, Related Searches, Image Pack, Reviews, Image, Discussions And Forums","0.02,0.02,0.02,0.11,0.02,0.11,0.11,0.11,0.11,0.02,0.02,0.02",20,,
ca,damp basement,basement renovation,,,,,70,28,0.00,0.00,192,Informational,"Video Carousel, Related Searches, Discussions And Forums, Reviews, Video, People Also Ask, AI Overview, Image Pack, Site Links","0.41,1.00,0.82,0.64,0.52,0.17,0.29,0.17,0.17,0.23,0.29,0.41",20,,
ca,drop ceiling designs for basement,basement renovation,,,,,70,31,0.36,1.00,181,"Informational, Transactional","Related Searches, Short Videos, Site Links, Adwords Bottom, Popular Products, Image Pack, Video, Image, Video Carousel, People Also Ask","0.14,0.50,0.50,0.50,0.50,0.50,0.35,0.78,0.50,0.50,0.50,0.35",20,,
ca,fixing stairs,basement renovation,,,,,70,23,1.93,0.50,169,Informational,"People Also Ask, Related Searches, Short Videos, AI Overview, Image Pack, Site Links, Video, Video Carousel","0.19,0.33,0.42,0.33,0.33,0.33,0.33,0.52,0.33,0.52,0.52,0.66",20,,
ca,house remodel,basement renovation,,,,,70,44,2.71,0.33,113,Informational,"Local Pack, Image Pack, Reviews, Video, Image, Video Carousel, People Also Ask, Related Searches, AI Overview","0.28,0.35,0.78,0.50,0.64,0.64,0.64,0.64,0.50,0.64,0.50,0.35",75,,
ca,king city kitchen remodeling,basement renovation,,,,,70,1,0.00,0.00,116,Informational,"Reviews, Video, People Also Ask, AI Overview","0.00,0.11,0.11,0.07,0.00,0.34,0.34,0.26,0.42,1.00,0.42,0.42",90,,
ca,kitchen renovation calgary cost,basement renovation,,,,,70,3,1.76,0.38,106,"Informational, Commercial","Site Links, Video, People Also Ask, Related Searches, Discussions And Forums, AI Overview","0.27,0.81,0.81,0.81,0.81,0.81,0.81,1.00,0.45,0.63,0.81,0.45",20,,
ca,leaks in basements,basement renovation,,,,,70,8,8.39,0.70,137,Informational,"People Also Ask, Related Searches, Short Videos, AI Overview, Site Links, Reviews, Video, Video Carousel","0.00,0.00,0.00,1.00,0.15,0.21,0.43,0.34,0.15,0.34,0.12,0.15",20,,
ca,leaky basement gravenhurst,basement renovation,,,,,70,14,0.00,0.00,125,Informational,"Knowledge Panel, Site Links, Reviews, Video","0.00,0.27,0.36,0.45,0.63,0.81,1.00,0.81,0.81,0.81,0.63,0.45",20,,
ca,outside basement entrance ideas,basement renovation,,,,,70,26,0.00,0.01,188,Informational,"Image Pack, Video, Video Carousel, People Also Ask, Discussions And Forums","0.81,1.00,0.81,0.81,0.63,0.45,0.27,0.36,0.36,0.63,0.63,0.63",90,,
ca,railing ideas for basement stairs,basement renovation,,,,,70,22,0.72,1.00,183,Informational,"Site Links, Video, Image, Video Carousel, People Also Ask, Popular Products, Related Searches, Image Pack","0.07,0.26,0.26,0.26,0.34,0.26,0.26,0.19,0.26,0.34,0.26,0.26",20,,
ca,reface stairs,basement renovation,,,,,70,21,0.00,0.14,163,Informational,"Site Links, Reviews, Video, Video Carousel, People Also Ask, Related Searches, Local Pack, Image Pack","0.11,0.77,1.00,0.55,0.77,1.00,1.00,1.00,1.00,1.00,1.00,0.77",20,,
ca,refurbish stairs,basement renovation,,,,,70,24,1.77,0.99,169,Informational,"Short Videos, Local Pack, Image Pack, Reviews, Video, Video Carousel, People Also Ask, Related Searches","0.00,0.50,0.50,0.35,0.64,0.78,0.78,0.78,0.64,1.00,0.64,0.78",75,,
ca,renovate staircase,basement renovation,,,,,70,23,2.13,0.74,169,"Informational, Transactional","Local Pack, Reviews, People Also Ask, Related Searches, Short Videos, Image Pack, Video, Image, Video Carousel","0.00,0.01,0.01,0.05,0.15,0.18,0.18,0.23,0.15,0.23,0.11,0.15",75,,
ca,renovate stairs,basement renovation,,,,,70,23,2.13,0.74,167,"Informational, Transactional","Reviews, People Also Ask, Related Searches, Short Videos, Local Pack, Image Pack, Video, Image, Video Carousel","0.00,0.00,0.00,0.21,0.64,1.00,0.78,0.64,0.64,0.78,0.64,0.64",75,,
ca,replacing bathroom vanity,basement renovation,,,,,70,29,1.28,0.99,165,"Informational, Commercial","People Also Ask, Popular Products, Short Videos, Discussions And Forums, Reviews, Video, Video Carousel, Related Searches, AI Overview, Site Links","0.14,0.64,0.50,0.35,0.50,0.50,0.35,0.50,0.50,0.64,0.35,0.50",20,,
ca,seepage in basement,basement renovation,,,,,70,14,6.27,0.36,131,Informational,"Short Videos, AI Overview, Image Pack, Site Links, Video, Video Carousel, People Also Ask, Related Searches","0.14,0.78,0.78,0.64,0.78,0.50,0.50,0.50,0.35,0.50,1.00,0.78",20,,
ca,stair baseboard molding,basement renovation,,,,,70,15,0.44,0.64,180,Informational,"Video, Image, Related Searches, Video Carousel, People Also Ask, Popular Products, Short Videos, Image Pack, Site Links","0.18,0.18,1.00,0.18,0.18,1.00,1.00,1.00,0.81,0.81,0.81,0.63",20,,
ca,staircase rebuilding,basement renovation,,,,,70,14,0.00,0.00,176,Informational,"Short Videos, Discussions And Forums, AI Overview, Local Pack, Video Carousel, People Also Ask, Related Searches, Site Links, Video","0.11,1.00,1.00,0.77,0.77,0.77,0.55,0.77,1.00",20,,
ca,step boards,basement renovation,,,,,70,23,0.19,0.93,192,Informational,"Image Pack, Site Links, Video, Image, Video Carousel, People Also Ask, Related Searches","0.36,0.63,0.63,0.63,0.36,0.45,1.00,0.63,0.81,0.45,1.00,0.63",20,,
ca,water coming through basement wall,basement renovation,,,,,70,40,4.20,0.47,109,Informational,"Discussions And Forums, AI Overview, Site Links, Video, Video Carousel, People Also Ask, Related Searches, Short Videos","0.14,0.64,0.78,0.64,0.78,1.00,0.78,0.50,0.50,0.50,0.21,0.14",20,,
ca,water seeping in basement floor,basement renovation,,,,,70,12,4.58,0.61,127,Informational,"Video, Video Carousel, People Also Ask, Related Searches, Short Videos, AI Overview, Site Links, Reviews","0.14,0.64,0.35,0.35,0.28,0.35,0.64,0.50,0.00,1.00,1.00,0.14",20,,
ca,wet basement solutions toronto,basement renovation,,,,,70,59,0.00,0.93,142,Informational,"Local Pack, Reviews, Video, Video Carousel, People Also Ask, Related Searches","0.14,0.64,0.64,0.35,0.35,1.00,1.00,1.00,0.35,0.35,0.35,0.35",90,,
ca,will a wet basement pass inspection,basement renovation,,,,,70,11,0.00,0.33,63,Informational,"Discussions And Forums, Site Links, Reviews, Video, Featured Snippet, People Also Ask","0.09,0.19,0.33,0.19,0.23,1.00,0.33,0.42,0.42,0.19,0.09,0.09",20,,
ca,basement door ideas,basement renovation,,,,,50,26,0.89,0.88,186,Informational,"Video, Video Carousel, People Also Ask, Related Searches, Short Videos, AI Overview, Site Links, Image, Popular Products, Image Pack","0.11,0.41,0.41,0.41,0.41,0.29,0.23,0.29,0.17,0.17,0.64,0.23",20,,
ca,bathroom renovation before and after,basement renovation,,,,,50,24,0.30,0.12,186,Informational,"People Also Ask, Related Searches, Discussions And Forums, Image Pack, Site Links, Video, Image, Video Carousel","0.07,0.26,0.26,0.34,0.19,0.26,0.15,0.26,0.26,0.15,0.19,0.19",20,,
ca,board stairs,basement renovation,,,,,50,26,0.30,0.98,168,Informational,"Related Searches, Image Pack, Site Links, Video, Image, People Also Ask, Popular Products","0.07,0.07,0.07,0.07,0.42,0.07,0.07,0.42,0.07,0.42,0.07,0.42",20,,
ca,calgary kitchen renovation cost,basement renovation,,,,,50,3,1.56,0.42,109,Informational,"AI Overview, Site Links, Reviews, Video, People Also Ask, Related Searches, Discussions And Forums","0.11,0.44,0.44,0.55,0.77,0.55,0.44,0.77,0.77,1.00,0.55,0.77",20,,
ca,fixing a wet basement,basement renovation,,,,,50,31,7.65,0.76,121,Informational,"Video Carousel, People Also Ask, Related Searches, Discussions And Forums, AI Overview, Local Pack, Site Links, Video","0.00,0.00,0.00,0.00,0.00,0.03,1.00,0.00,0.03,0.01,0.03,0.03",20,,
ca,foundation leaking in basement,basement renovation,,,,,50,11,4.47,0.71,127,Informational,"Video, Video Carousel, People Also Ask, Related Searches, Discussions And Forums, AI Overview, Site Links, Reviews","0.05,0.23,0.23,0.17,0.07,0.07,0.12,0.07,0.07,0.17,0.28,0.28",20,,
ca,house renovator,basement renovation,,,,,50,34,3.55,0.41,196,Informational,"Knowledge Panel, Local Pack, Reviews, Video, Video Carousel, Related Searches, AI Overview, Image Pack, Image, People Also Ask, Popular Products","0.10,0.23,0.23,0.23,0.12,0.10,0.12,0.12,0.12,0.12,0.10,0.07",70,,
ca,leaking foundation,basement renovation,,,,,50,14,4.79,0.52,123,Informational,"AI Overview, Site Links, Video, Video Carousel, People Also Ask, Related Searches, Short Videos, Discussions And Forums","0.36,1.00,0.45,0.63,0.63,0.27,0.36,0.45,0.36,0.63,0.81,0.27",20,,
ca,water coming from basement wall,basement renovation,,,,,50,14,5.20,0.56,124,Informational,"Short Videos, AI Overview, Site Links, Reviews, Video, Video Carousel, People Also Ask, Related Searches, Discussions And Forums","0.07,0.35,0.50,0.28,0.50,1.00,0.78,0.35,0.64,0.21,0.07,0.14",20,,
ca,water in the basement,basement renovation,,,,,50,31,6.38,0.56,57,Informational,"Site Links, Reviews, Video, People Also Ask, Related Searches","0.23,0.23,0.29,0.05,0.11,0.17,0.52,0.41,0.29,1.00,0.82,0.29",20,,
ca,waterproofing basement cost toronto,basement renovation,,,,,50,8,5.48,0.64,113,Informational,"AI Overview, Site Links, Reviews, Video, Video Carousel, People Also Ask, Related Searches, Discussions And Forums","0.00,0.23,0.17,0.23,0.11,0.29,1.00,0.82,0.23,0.29,0.11,0.11",20,,
ca,wet basement walls,basement renovation,,,,,50,25,4.35,0.66,47,Informational,"Related Searches, AI Overview, Video, People Also Ask","0.42,0.23,0.33,0.23,0.09,0.14,0.33,0.33,0.09,0.19,0.14,0.19",90,,
ca,baseboard stairs,basement renovation,,,,,90,27,0.41,0.27,166,Informational,"Site Links, Reviews, Video, Video Carousel, People Also Ask, Related Searches, Short Videos, Image Pack","0.42,0.34,0.26,0.34,0.19,0.34,0.42,0.42,0.34,0.53,0.53,0.34",20,,
ca,basement carpet ideas,basement renovation,,,,,90,23,0.48,1.00,190,Informational,"Popular Products, Discussions And Forums, Video, Video Carousel, Related Searches, AI Overview, Site Links, Reviews, Image, People Also Ask","0.33,0.33,0.42,0.42,0.66,0.52,0.42,0.66,0.42,0.42,0.42,0.33",20,,
ca,basement gaming room,basement renovation,,,,,90,23,0.00,0.29,193,Informational,"Reviews, Video, People Also Ask, Popular Products, Site Links, Image, Video Carousel, Related Searches, Short Videos, Discussions And Forums, Image Pack","0.41,0.41,0.41,0.52,0.41,0.52,0.64,0.64,0.52,1.00,0.82,0.64",20,,
ca,basement house design,basement renovation,,,,,90,18,0.35,0.66,187,Informational,"Image Pack, Video, Image, Video Carousel, People Also Ask, Related Searches","0.64,0.50,0.50,0.35,0.50,0.64,0.64,0.78,0.64,0.78,0.28,0.50",90,,
ca,basement walls,basement renovation,,,,,90,33,1.15,0.29,172,Informational,"Image, Video Carousel, People Also Ask, Related Searches, Video","0.52,0.52,0.82,1.00,0.41,0.52,0.11,0.64,0.41,0.64,0.52,0.64",75,,
ca,basemeny,basement renovation,,,,,90,74,0.00,0.00,111,Informational,"Video Carousel, People Also Ask, Related Searches, AI Overview, Knowledge Panel, Reviews, Video","0.01,0.01,0.01,0.01,0.01,0.00,0.01,0.00,1.00,0.00,0.01,0.01",70,,
ca,flooring for basements,basement renovation,,,,,90,19,0.55,1.00,192,"Informational, Commercial","Video, People Also Ask, Related Searches, AI Overview, Image, Video Carousel, Popular Products, Site Links, Reviews","0.09,0.65,0.09,0.34,0.28,0.28,0.21,0.34,0.28,0.34,0.34,0.28",20,,
ca,house renovation before and after,basement renovation,,,,,90,31,1.41,0.05,130,Informational,"Related Searches, Short Videos, Image Pack, Site Links, Video, Video Carousel, People Also Ask","0.52,0.52,0.52,0.23,0.41,0.52,0.41,0.52,0.64,0.64,0.41,0.52",20,,
ca,images of renovations,basement renovation,,,,,90,31,0.96,0.03,139,Informational,"Image Pack, Video, Related Searches","0.52,0.42,0.52,0.33,0.42,0.42,0.23,0.42,0.33,0.33,0.33,0.33",90,,
ca,baseboard trim how to install,basement renovation,,,,,70,39,0.23,0.17,104,Informational,"Video Carousel, People Also Ask, Related Searches, Short Videos, Video","0.35,0.44,0.44,0.00,0.01,0.00,0.28,0.00,0.00,0.00,0.00,0.00",90,,
ca,basement drop ceiling ideas,basement renovation,,,,,70,33,0.36,1.00,163,Informational,"Image Pack, Site Links, Video, Image, Video Carousel, People Also Ask, Popular Products, Related Searches, Reviews","0.14,0.50,0.50,0.50,0.50,0.64,0.64,0.78,0.50,0.64,0.50,0.35",20,,
ca,basement insulation code,basement renovation,,,,,70,21,1.69,0.03,135,Informational,"Image Pack, Site Links, Video, Video Carousel, People Also Ask, Related Searches, AI Overview","0.52,0.41,0.41,0.41,0.41,0.41,0.41,0.23,0.29,0.11,0.11,0.11",20,,
ca,basement laundry area,basement renovation,,,,,70,23,0.89,0.16,196,Informational,"Image Pack, Site Links, Image, Popular Products, Short Videos, Reviews, Video, Video Carousel, Related Searches","0.07,0.19,0.19,0.34,0.26,0.26,0.26,0.34,0.26,0.07,0.42,0.34",20,,
ca,basement stair rail ideas,basement renovation,,,,,70,25,0.72,1.00,193,Informational,"Image Pack, Image, Related Searches, Short Videos, Site Links, Video, Video Carousel, People Also Ask, Popular Products","0.00,0.23,0.33,0.00,0.33,0.33,0.80,0.33,0.42,0.33,0.42,0.00",20,,
ca,basement water seepage repair,basement renovation,,,,,70,16,7.69,0.83,126,Informational,"Video, Related Searches, Discussions And Forums, AI Overview, Local Pack, Site Links, Reviews, Video Carousel, People Also Ask","0.07,0.19,0.19,0.65,0.34,0.26,0.26,0.26,0.26,0.34,0.26,0.26",20,,
ca,bathroom remodel before and after,basement renovation,,,,,70,31,0.30,0.12,187,Informational,"Video Carousel, People Also Ask, Related Searches, Short Videos, Image Pack, Site Links, Video, Image","0.09,0.33,0.33,0.42,0.33,0.33,0.19,0.33,0.33,0.33,0.23,0.33",20,,
ca,before and after home renovations,basement renovation,,,,,70,32,0.86,0.04,119,Informational,"Video, Image, Video Carousel, Related Searches, Image Pack, Site Links","0.17,0.64,0.52,0.11,0.64,0.52,0.41,0.52,0.41,0.41,0.41,0.41",20,,
ca,before and after house renovation,basement renovation,,,,,70,28,1.41,0.05,123,Informational,"Video Carousel, Related Searches, Image Pack, Site Links, Video","0.27,0.63,0.63,0.81,0.63,0.45,0.09,0.63,0.81,1.00,0.63,0.63",20,,
ca,constructing basement walls,basement renovation,,,,,70,15,2.44,0.09,171,Informational,"People Also Ask, Related Searches, Discussions And Forums, AI Overview, Image Pack, Video, Video Carousel","0.14,0.50,0.35,0.50,0.64,0.50,0.50,0.64,0.35,0.14,0.78,0.14",90,,
ca,exposed basement ceiling ideas,basement renovation,,,,,70,25,0.00,0.32,190,Informational,"Image, Video Carousel, People Also Ask, Related Searches, Short Videos, Discussions And Forums, Reviews, Video","0.21,0.21,0.21,0.21,0.21,0.28,0.21,0.34,0.21,0.28,0.21,0.15",90,,
ca,home improvement services,basement renovation,,,,,70,15,4.38,0.33,140,Informational,"Reviews, Video, People Also Ask, Related Searches, AI Overview","0.28,0.78,1.00,0.50,0.35,0.35,0.35,0.28,0.28,0.78,0.35,0.50",90,,
ca,home renovation process,basement renovation,,,,,70,32,0.00,0.33,128,Informational,"Related Searches, Discussions And Forums, AI Overview, Reviews, Video, Video Carousel, People Also Ask","0.09,0.80,1.00,0.66,0.52,0.23,0.19,0.14,0.19,0.14,0.09,0.09",90,,
ca,home renovations ideas,basement renovation,,,,,70,55,0.82,0.30,195,Informational,"Related Searches, Discussions And Forums, AI Overview, Reviews, Video, Image, Video Carousel, People Also Ask","0.52,0.41,0.41,0.41,0.29,0.29,0.52,0.82,0.41,0.41,0.52,0.41",90,,
ca,how to fix baseboard trim,basement renovation,,,,,70,31,0.63,0.81,105,Informational,"Reviews, Video, People Also Ask, Related Searches, Short Videos, Discussions And Forums, AI Overview, Image Pack","0.63,0.63,0.63,0.63,0.63,0.63,0.63,0.81,0.63,0.63,0.45,0.63",90,,
ca,ideas for remodeling a bathroom,basement renovation,,,,,70,48,0.42,1.00,57,Informational,"Image, People Also Ask, Related Searches, Image Pack, Reviews","0.23,0.33,0.00,0.52,0.42,0.42,0.23,0.52,0.42,0.66,0.52,0.33",90,,
ca,laundry room ideas basement,basement renovation,,,,,70,31,0.34,0.29,173,Informational,"Site Links, Reviews, Video, Image, Popular Products, Related Searches, Image Pack, Video Carousel, People Also Ask","0.50,0.64,0.35,0.35,0.35,0.35,0.64,0.64,1.00,0.35,0.35,0.14",20,,
ca,painting concrete basement walls,basement renovation,,,,,70,5,0.83,0.79,170,Informational,"AI Overview, Site Links, Video, Video Carousel, People Also Ask, Related Searches, Discussions And Forums","0.09,0.33,0.33,0.42,0.42,0.42,0.33,0.52,0.33,0.42,0.33,0.33",20,,
ca,remodeling ideas,basement renovation,,,,,70,46,0.85,0.26,195,Informational,"Image Pack, Reviews, Image, People Also Ask, Popular Products, Related Searches, AI Overview, Video, Video Carousel","0.23,0.29,0.17,0.41,0.82,1.00,0.64,0.52,0.41,0.41,0.29,0.23",75,,
ca,subfloor over concrete basement floor,basement renovation,,,,,70,24,1.13,0.92,164,Informational,"Reviews, Video Carousel, People Also Ask, Related Searches, AI Overview, Image Pack, Site Links, Video, Popular Products, Discussions And Forums","0.18,0.45,0.81,0.81,0.81,1.00,0.81,0.63,0.45,0.63,0.63,0.36",20,,
ca,types of basements,basement renovation,,,,,70,14,0.00,0.01,128,Informational,"Image, Video Carousel, People Also Ask, Related Searches, AI Overview, Video","0.01,0.01,0.01,0.13,0.03,0.02,0.02,0.03,0.02,0.03,0.02,0.02",90,,
ca,update kitchen cupboards,basement renovation,,,,,70,37,1.17,0.87,165,Informational,"Video Carousel, People Also Ask, Popular Products, Video, Related Searches, Discussions And Forums, AI Overview, Image Pack, Reviews","0.81,0.81,0.63,0.63,0.63,0.63,0.45,0.63,0.45,0.63,0.63,0.18",90,,
ca,basement stair handrail ideas,basement renovation,,,,,50,26,0.72,1.00,184,Informational,"Video Carousel, People Also Ask, Popular Products, Related Searches, Image Pack, Site Links, Video, Image","0.14,0.35,0.28,0.28,0.50,0.35,0.28,0.35,0.28,0.50,0.50,0.28",20,,
ca,design renovations,basement renovation,,,,,50,48,2.54,0.54,136,Informational,"Image Pack, Reviews, Video, People Also Ask, Related Searches, Local Pack","0.19,1.00,0.07,0.07,0.07,0.07,0.07,0.15,0.15,0.19,0.15,0.19",75,,
ca,how to soundproof a basement,basement renovation,,,,,50,6,0.46,1.00,161,Informational,"Video, Video Carousel, People Also Ask, Related Searches, Adwords Middle, AI Overview, Site Links, Reviews","0.14,0.35,0.64,0.50,0.64,0.50,0.21,0.35,0.21,0.21,0.14,0.14",20,,
ca,basement development edmonton cost,basement renovation,,,,,90,7,2.08,0.25,127,Informational,"Related Searches, AI Overview, Site Links, Reviews, Video, People Also Ask","0.04,0.02,0.03,0.04,0.03,0.03,0.02,0.02,0.02,0.04,0.03,0.04",20,,
ca,basement leaking water,basement renovation,,,,,90,13,6.32,0.68,126,Informational,"Reviews, Video, Video Carousel, Related Searches, Short Videos, Site Links, People Also Ask, Discussions And Forums, AI Overview","0.29,0.64,0.29,0.41,0.23,0.23,0.64,0.41,0.41,1.00,1.00,0.52",20,,
ca,basement seepage,basement renovation,,,,,90,27,3.46,0.51,76,Informational,"Reviews, Video, Video Carousel, Short Videos, AI Overview, Site Links, Image, People Also Ask, Related Searches","0.09,0.52,0.42,0.52,0.52,0.66,0.33,0.52,0.23,0.33,0.33,0.42",20,,
ca,basement wall leak repair,basement renovation,,,,,90,13,4.47,0.90,171,Informational,"Site Links, Video Carousel, Discussions And Forums, Reviews, Video, People Also Ask, Related Searches, Short Videos, AI Overview, Local Pack","0.11,0.52,0.41,0.82,0.41,0.41,1.00,0.64,0.23,0.41,0.52,0.64",20,,
ca,cement block fence,basement renovation,,,,,90,28,0.71,0.15,197,Informational,"Related Searches, Site Links, Video, Video Carousel, Short Videos, Image Pack, Image, People Also Ask, Popular Products","0.80,0.52,0.33,0.33,0.23,0.23,0.19,0.33,0.33,0.33,0.66,1.00",20,,
ca,do you need a permit to finish a basement,basement renovation,,,,,90,12,1.65,0.06,135,Informational,"Related Searches, Discussions And Forums, AI Overview, Site Links, Reviews, Video, People Also Ask","0.06,0.05,0.03,0.03,0.06,0.04,0.03,0.05,0.04,0.06,0.05,0.05",20,,
ca,game room ideas basement,basement renovation,,,,,90,23,0.22,0.92,188,Informational,"Video Carousel, Popular Products, Image, People Also Ask, Related Searches, Short Videos, Discussions And Forums, Image Pack, Site Links, Reviews, Video","0.42,0.33,0.42,0.52,0.42,0.66,0.52,0.80,0.33,0.52,0.33,0.23",20,,
ca,home remodel before and after,basement renovation,,,,,90,35,0.86,0.04,122,Informational,"Image Pack, Site Links, Video, Image, Video Carousel, People Also Ask, Related Searches","0.52,0.42,0.42,0.33,0.42,0.42,0.33,0.42,0.52,0.52,0.19,0.33",20,,
ca,how to construct basement walls,basement renovation,,,,,90,35,0.00,0.03,105,Informational,"Video, People Also Ask, Related Searches, AI Overview, Image Pack","0.78,0.50,1.00,0.78,0.64,0.64,0.64,0.78,0.50,0.64,0.50,0.50",90,,
ca,kitchen upgrade,basement renovation,,,,,90,39,2.53,0.69,179,Informational,"Video Carousel, People Also Ask, Image Pack, Site Links, Related Searches, Discussions And Forums, AI Overview, Local Pack, Reviews, Video","0.50,0.64,0.50,0.78,0.64,0.78,0.78,0.50,0.78,0.50,1.00,0.64",20,,
ca,plumbing a basement bathroom,basement renovation,,,,,90,41,4.73,0.17,66,Informational,"Image Pack, Reviews, Video, People Also Ask, Related Searches","0.00,0.29,0.23,0.82,0.29,0.41,1.00,0.64,0.52,0.82,0.82,0.82",90,,
ca,small basement ideas on a budget,basement renovation,,,,,90,33,0.00,0.14,142,Informational,"Reviews, Video, Image, People Also Ask, Related Searches, Image Pack","0.15,0.19,0.12,0.12,0.15,0.15,0.05,0.09,0.06,0.06,0.05,0.04",90,,
ca,walk in basement,basement renovation,,,,,90,14,0.00,0.03,189,Informational,"Image Pack, Site Links, Reviews, Video, Related Searches, Discussions And Forums, AI Overview, Video Carousel, People Also Ask, Short Videos","0.78,0.78,1.00,0.64,0.50,0.64,0.50,0.50,0.50,0.78,0.78,0.78",20,,
ca,waterproofing a basement,basement renovation,,,,,90,32,4.95,0.54,170,Informational,"Video Carousel, People Also Ask, Related Searches, AI Overview, Image Pack, Site Links, Reviews, Video","0.09,0.66,0.66,0.52,0.42,0.42,1.00,0.66,0.23,0.23,0.23,0.33",20,,
ca,apartment renovation,basement renovation,,,,,70,16,2.45,0.30,109,Informational,"Reviews, Video Carousel, People Also Ask, Discussions And Forums, AI Overview, Knowledge Panel, Image Pack, Site Links, Video, Related Searches","0.10,0.22,0.22,0.22,0.10,0.10,0.18,0.14,0.14,0.18,0.06,0.22",20,,
ca,before after kitchen remodel,basement renovation,,,,,70,39,1.17,0.21,51,Informational,"Related Searches, Image Pack, Image","0.09,0.23,0.23,0.33,0.33,0.33,0.33,0.33,0.33,0.33,0.52,0.52",90,,
ca,home installation,basement renovation,,,,,70,30,3.54,0.33,140,Informational,"Video, Video Carousel, People Also Ask, Related Searches, AI Overview, Local Pack, Image Pack, Reviews","0.09,0.42,0.33,0.42,0.42,0.66,0.66,0.52,0.09,0.14,0.14,0.14",75,,
ca,how much does bathroom reno cost,basement renovation,,,,,70,13,1.41,0.32,203,Informational,"Site Links, Reviews, Video, People Also Ask, Related Searches, Discussions And Forums, AI Overview","0.34,0.34,0.26,0.53,0.34,0.26,0.19,0.15,0.26,0.19,0.26,0.19",20,,
ca,how much does bathroom renovation cost,basement renovation,,,,,70,14,1.41,0.35,200,Informational,"AI Overview, Site Links, Reviews, Video, Adwords Bottom, People Also Ask, Related Searches, Discussions And Forums","0.45,0.45,0.45,0.63,0.45,0.27,0.27,0.81,0.63,1.00,0.63,0.81",20,,
ca,how to build basement walls,basement renovation,,,,,70,39,0.00,0.03,106,Informational,"People Also Ask, Related Searches, AI Overview, Image Pack, Video","0.50,0.50,1.00,0.50,0.35,0.50,1.00,0.64,0.00,0.50,0.64,0.00",90,,
ca,kitchen redesign before and after,basement renovation,,,,,70,35,0.49,0.33,120,Informational,"Video, Image, Adwords Bottom, Video Carousel, Related Searches, Image Pack, Site Links","0.09,0.23,0.23,0.33,0.33,0.33,0.33,0.42,0.33,0.33,0.52,0.09",20,,
ca,rectangular basement floor plans,basement renovation,,,,,70,14,0.00,0.03,196,Informational,"Image Pack, Site Links, Reviews, Video, Image, Video Carousel, People Also Ask, Related Searches","0.09,0.42,0.33,0.42,0.33,0.33,0.33,0.23,0.33,0.33,0.23,0.09",20,,
ca,remodel before and after,basement renovation,,,,,70,30,0.00,0.04,112,Informational,"Image Pack, Site Links, Video, Video Carousel","0.50,0.50,0.35,0.35,0.64,0.50,0.50,0.28,0.50,0.50,0.50,0.28",20,,
ca,renovated home,basement renovation,,,,,70,27,3.94,0.45,204,Informational,"Knowledge Panel, Image Pack, Reviews, Video, Video Carousel, People Also Ask, Related Searches","0.00,0.01,0.01,0.32,0.02,0.03,0.00,0.01,0.00,0.01,0.00,1.00",70,,
ca,update kitchen cabinets,basement renovation,,,,,70,36,1.17,0.87,167,"Informational, Commercial","Reviews, Video, Video Carousel, People Also Ask, Related Searches, Discussions And Forums, AI Overview, Image Pack","0.50,0.78,0.50,0.50,0.50,0.64,0.35,0.50,0.35,0.50,0.50,0.14",90,,
ca,waterproof basement walls,basement renovation,,,,,70,21,2.55,1.00,170,Informational,"Image Pack, Video Carousel, People Also Ask, Short Videos, AI Overview, Site Links, Reviews, Video, Related Searches, Discussions And Forums","0.34,0.28,0.21,0.34,0.15,0.12,0.15,0.09,0.15,0.21,0.21,0.21",20,,
ca,basement development permit edmonton,basement renovation,,,,,50,6,2.30,0.13,112,Informational,"Site Links, Reviews, Video, People Also Ask, Related Searches","0.01,0.06,0.01,0.01,0.01,0.01,0.01,0.01,0.00,0.06,0.06,0.01",20,,
ca,basement entry ideas,basement renovation,,,,,50,23,1.38,0.04,10,Informational,"Image Pack, Video, Popular Products, Related Searches, Discussions And Forums","0.07,0.34,0.26,0.26,0.26,0.07,0.07,0.07,0.07,0.07,0.42,0.07",90,,
ca,basement organization tips,basement renovation,,,,,50,23,0.54,1.00,187,Informational,"AI Overview, Site Links, Reviews, Video, Video Carousel, People Also Ask, Related Searches, Discussions And Forums","0.14,0.35,0.35,0.14,0.78,0.78,0.14,0.78,0.14,0.14,0.14,0.14",20,,
ca,before and after kitchen remodels,basement renovation,,,,,50,32,1.17,0.21,121,Informational,"Site Links, Reviews, Video, Image, Video Carousel, Related Searches, Image Pack","0.14,0.33,0.42,0.33,0.42,0.23,0.23,0.33,0.19,0.19,0.23,0.14",20,,
ca,labor cost to remodel bathroom,basement renovation,,,,,50,22,1.75,0.33,138,Informational,"AI Overview, Site Links, Reviews, Video, Video Carousel, People Also Ask, Related Searches, Discussions And Forums","0.11,0.41,0.29,1.00,0.29,0.23,0.11,0.11,0.11,0.11,0.11,0.11",20,,
ca,remodeled kitchens before and after,basement renovation,,,,,50,32,1.17,0.21,123,Informational,"Related Searches, Image Pack, Site Links, Reviews, Video, Image, Video Carousel","0.18,0.45,0.45,0.63,0.63,0.63,0.63,0.63,0.00,0.63,0.18,0.18",20,,
ca,basement exposed ceiling ideas,basement renovation,,,,,90,20,0.00,0.21,,Informational,"Video, Image, Video Carousel, Related Searches, Short Videos, Image Pack, Site Links, Reviews","0.42,0.33,0.33,0.42,0.42,0.42,0.33,0.52,0.33,0.42,0.33,0.23",20,,
ca,changing kitchen cabinets,basement renovation,,,,,90,37,2.00,0.93,164,"Informational, Commercial","Video, Video Carousel, Discussions And Forums, Local Pack, People Also Ask, Popular Products, Related Searches, Site Links, Reviews","0.78,0.64,0.78,0.64,0.64,0.78,0.35,0.64,0.50,0.64,0.78,0.78",20,,
ca,home reno before and after,basement renovation,,,,,90,26,0.86,0.04,125,Informational,"Site Links, Video, Image, Video Carousel, People Also Ask, Related Searches, Image Pack","0.52,0.52,0.52,0.52,0.64,0.52,0.41,0.52,0.52,0.52,0.41,0.41",20,,
ca,how to build a wall in a basement,basement renovation,,,,,90,38,1.40,0.04,106,Informational,"Video, People Also Ask, Related Searches, Discussions And Forums, Image Pack","0.34,0.42,0.42,0.34,0.34,0.34,0.42,0.34,0.26,0.42,0.26,0.26",90,,
ca,how to frame a wall in basement,basement renovation,,,,,90,35,0.29,0.01,106,Informational,"Video Carousel, People Also Ask, Related Searches, Discussions And Forums, Image Pack, Site Links, Video","0.50,0.35,0.50,0.64,0.35,0.78,1.00,1.00,0.64,0.78,0.64,0.50",20,,
ca,how to soundproof a ceiling in a basement,basement renovation,,,,,90,8,0.61,1.00,165,Informational,"Site Links, Reviews, Video, Video Carousel, People Also Ask, Related Searches, AI Overview","0.42,0.33,0.52,0.42,0.52,0.42,0.42,0.52,0.42,0.52,0.42,0.42",20,,
ca,waterproofing basement walls from outside,basement renovation,,,,,90,20,2.42,0.99,168,Informational,"Related Searches, AI Overview, Site Links, People Also Ask, Discussions And Forums, Image Pack, Reviews, Video, Video Carousel","0.11,0.64,0.64,0.52,0.41,0.52,0.64,0.82,0.64,0.64,0.52,0.52",20,,
ca,bathroom remodel price,basement renovation,,,,,70,19,2.10,0.18,200,Informational,"Video Carousel, People Also Ask, Related Searches, Discussions And Forums, Site Links, Reviews, Video","0.01,0.00,0.30,0.02,0.00,0.00,0.00,0.00,0.00,0.00,0.20,0.00",20,,
ca,before after renovation,basement renovation,,,,,70,26,0.00,0.04,129,Informational,"Related Searches, Short Videos, Image Pack, Site Links, Video, Video Carousel, People Also Ask","0.50,0.50,0.35,0.50,0.64,0.64,0.50,0.50,0.50,0.50,0.50,0.28",20,,
ca,how do you waterproof a basement,basement renovation,,,,,70,35,1.06,0.83,109,Informational,"Site Links, Reviews, Video, Video Carousel, Related Searches, Short Videos, Image Pack, People Also Ask, AI Overview","0.52,0.41,0.41,0.41,0.29,0.29,0.64,0.52,0.29,0.52,0.29,0.29",20,,
ca,how to fix a leaky basement,basement renovation,,,,,70,18,1.82,0.99,107,Informational,"Reviews, Video, Video Carousel, People Also Ask, Short Videos, Site Links, Related Searches, Discussions And Forums, AI Overview","0.07,0.19,0.19,0.15,0.15,0.19,0.34,0.26,0.11,0.42,0.42,0.19",20,,
ca,how to install base trim,basement renovation,,,,,70,41,0.23,0.17,104,Informational,"Related Searches, Short Videos, AI Overview, Video, People Also Ask","0.53,0.81,0.81,0.00,0.00,0.03,0.53,0.00,0.00,0.00,0.00,0.00",90,,
ca,how to waterproof basement,basement renovation,,,,,70,32,1.06,0.83,107,Informational,"AI Overview, Site Links, Reviews, Video, Video Carousel, People Also Ask, Related Searches, Short Videos","0.50,0.64,0.64,0.64,0.50,0.50,1.00,0.78,0.21,0.50,0.50,0.50",20,,
ca,insulating basement walls canada,basement renovation,,,,,70,13,0.00,0.17,192,Informational,"Image Pack, Site Links, Reviews, Video Carousel, Related Searches, AI Overview, Video, People Also Ask, Discussions And Forums","0.12,0.15,0.21,0.28,0.28,0.28,0.34,0.34,0.15,0.21,0.12,0.09",20,,
ca,shower reno ideas,basement renovation,,,,,70,30,0.42,1.00,196,Informational,"Related Searches, Short Videos, Image Pack, Reviews, Video, Image, Video Carousel, People Also Ask","0.14,0.35,0.50,0.64,0.64,0.64,0.50,0.78,0.50,0.78,0.50,0.35",90,,
ca,spray foam on basement walls,basement renovation,,,,,70,13,1.74,0.86,73,Informational,"Discussions And Forums, Image Pack, Site Links, Reviews, Video Carousel, People Also Ask, Related Searches","0.35,0.28,0.28,0.35,0.28,0.50,0.78,1.00,0.64,0.50,0.50,0.35",20,,
ca,vapor barrier basement wall,basement renovation,,,,,70,11,1.81,0.72,101,Informational,"Discussions And Forums, AI Overview, Site Links, Video, Image, Video Carousel, People Also Ask, Related Searches","0.01,0.03,0.03,0.02,0.03,0.03,0.01,0.04,0.04,0.02,0.01,0.02",20,,
ca,water leaking through basement floor,basement renovation,,,,,70,19,4.58,0.61,129,Informational,"Video, Video Carousel, People Also Ask, Related Searches, Short Videos, AI Overview, Site Links, Reviews","0.52,0.52,0.29,0.29,0.23,0.29,0.52,0.41,0.29,0.82,0.82,0.41",20,,
ca,water on basement floor,basement renovation,,,,,70,14,6.91,0.66,198,Informational,"Video, Video Carousel, People Also Ask, Related Searches, Short Videos, AI Overview, Site Links, Reviews","0.33,0.52,0.33,0.14,0.19,0.23,0.42,0.19,0.14,0.52,0.52,0.33",20,,
ca,average cost to remodel bathroom,basement renovation,,,,,50,24,1.78,0.30,137,Informational,"Site Links, Reviews, Video, Video Carousel, People Also Ask, Related Searches, Discussions And Forums, AI Overview","0.09,0.09,0.27,0.81,0.63,0.63,0.27,1.00,0.63,0.27,0.63,0.18",20,,
ca,basement foundation waterproofing inside,basement renovation,,,,,50,15,2.70,0.92,166,Informational,"AI Overview, Reviews, Video, Video Carousel, People Also Ask, Related Searches","0.14,0.50,0.35,0.28,0.28,0.21,0.35,0.35,0.35,0.78,0.78,0.28",90,,
ca,basement rec room,basement renovation,,,,,50,17,0.35,0.06,134,Informational,"Video, Video Carousel, People Also Ask, Related Searches, Discussions And Forums, Image Pack, Site Links, Reviews, Image","0.09,0.33,0.14,0.09,0.52,0.09,0.19,0.52,0.14,0.09,0.09,0.19",20,,
ca,basement shelving ideas,basement renovation,,,,,50,35,0.13,1.00,194,Informational,"Image Pack, Reviews, Video, Video Carousel, People Also Ask, Popular Products, Site Links, Image, Related Searches, Discussions And Forums","0.14,0.14,0.14,0.21,0.78,0.78,0.78,0.78,0.14,0.14,0.14,0.14",20,,
ca,do it yourself bathroom,basement renovation,,,,,50,36,0.22,0.33,162,Informational,"Related Searches, Short Videos, Knowledge Panel, Video, Video Carousel, People Also Ask","0.09,0.33,0.33,0.33,0.33,0.33,0.23,0.09,0.09,0.09,0.09,0.09",70,,
ca,how much does it cost to remodel a small bathroom,basement renovation,,,,,50,33,1.38,0.19,136,Informational,"People Also Ask, Related Searches, AI Overview, Site Links, Reviews, Video","0.09,0.09,0.04,0.04,0.02,0.09,0.02,0.02,0.02,0.09,0.12,0.09",20,,
ca,how to frame basement walls,basement renovation,,,,,50,8,0.29,0.01,108,Informational,"Video, Video Carousel, People Also Ask, Related Searches, Image Pack, Site Links","0.09,0.15,0.15,0.21,0.21,0.21,0.15,0.21,0.34,0.12,0.21,0.09",20,,
ca,how to redo a kitchen,basement renovation,,,,,50,38,0.66,0.33,108,Informational,"Site Links, Reviews, Video, Video Carousel, People Also Ask, Related Searches, Discussions And Forums, AI Overview","0.52,0.29,0.11,0.11,0.11,0.11,0.11,0.11,0.64,0.64,0.64,0.64",20,,
ca,how to remodel a kitchen,basement renovation,,,,,50,38,0.66,0.15,130,Informational,"Site Links, Reviews, Video, Video Carousel, People Also Ask, Related Searches, AI Overview, Image Pack","0.50,0.50,0.21,0.14,0.14,0.21,0.14,0.28,0.78,0.78,0.78,0.78",20,,
ca,how to waterproof the basement,basement renovation,,,,,50,28,1.81,0.70,105,Informational,"Video, Video Carousel, People Also Ask, Related Searches, Short Videos, AI Overview","0.29,0.41,0.41,0.00,0.00,0.23,0.17,0.11,0.11,0.64,0.82,0.05",90,,
ca,vapor barrier for basement walls,basement renovation,,,,,50,10,1.81,0.72,216,"Informational, Commercial","Popular Products, Related Searches, Discussions And Forums, AI Overview, Site Links, Video, Video Carousel, People Also Ask","0.29,0.29,0.17,0.41,0.41,0.23,0.17,0.41,0.41,0.23,0.17,0.17",20,,
ca,edmonton home renovation contractors,basement renovation,,,,,90,32,4.35,0.45,117,Informational,"People Also Ask, Related Searches, AI Overview, Local Pack, Site Links, Reviews, Video","0.07,0.78,1.00,0.64,0.50,0.35,0.35,0.78,1.00,1.00,0.78,1.00",20,,
ca,fix basement water leak,basement renovation,,,,,90,14,7.69,0.83,169,Informational,"People Also Ask, Related Searches, AI Overview, Site Links, Reviews, Video, Video Carousel, Short Videos, Discussions And Forums, Local Pack","0.06,0.15,0.15,1.00,0.21,0.28,0.28,0.28,0.21,0.28,0.21,0.21",20,,
ca,home makeover ideas,basement renovation,,,,,90,53,0.94,0.09,184,Informational,"People Also Ask, Related Searches, Short Videos, AI Overview, Image Pack, Video, Image, Video Carousel","1.00,0.81,1.00,0.81,0.81,0.63,0.81,1.00,0.81,0.81,1.00,1.00",90,,
ca,ideas remodeling,basement renovation,,,,,90,59,0.85,0.26,199,Informational,"People Also Ask, Related Searches, AI Overview, Video, Video Carousel","0.09,0.23,0.33,0.33,0.66,1.00,0.66,0.42,0.33,0.33,0.23,0.19",75,,
ca,refacing oak cabinets,basement renovation,,,,,90,33,1.33,0.58,168,Informational,"Image, Video Carousel, People Also Ask, Related Searches, Discussions And Forums, AI Overview, Site Links, Video","0.52,0.52,0.52,0.82,0.64,0.64,0.41,0.52,0.41,0.52,0.52,0.11",20,,
ca,diy kitchen reno,basement renovation,,,,,70,26,0.86,0.14,106,Informational,"Site Links, Video, Video Carousel, People Also Ask, Related Searches, Short Videos, AI Overview","0.18,0.45,0.45,0.18,0.18,0.18,1.00,1.00,1.00,1.00,1.00,0.81",20,,
ca,how long does a bathroom remodel take,basement renovation,,,,,70,5,2.44,0.04,120,Informational,"Reviews, Video, People Also Ask, Related Searches, Short Videos, AI Overview, Site Links","0.50,0.50,0.50,0.78,0.50,0.64,0.50,0.35,0.35,0.78,0.78,0.64",20,,
ca,how to repair baseboards,basement renovation,,,,,70,28,0.63,0.81,105,Informational,"Discussions And Forums, AI Overview, Site Links, Reviews, Video, People Also Ask, Related Searches, Short Videos","0.33,0.33,0.33,0.33,0.42,0.23,0.33,0.42,0.33,0.33,0.33,0.33",20,,
ca,image renovation,basement renovation,,,,,70,28,1.07,0.04,139,Informational,"Knowledge Panel, Image Pack, Reviews, Video, Related Searches","0.81,0.63,1.00,0.63,0.63,0.45,0.63,0.81,0.36,0.36,0.63,0.36",70,,
ca,kitchen redos before after,basement renovation,,,,,70,35,0.49,0.26,126,Informational,"Reviews, Video, Video Carousel, Related Searches, AI Overview, Image Pack, Site Links","0.14,0.35,0.35,0.50,0.50,0.50,0.50,0.64,0.50,0.50,0.78,0.14",20,,
ca,kitchen renew,basement renovation,,,,,70,32,1.76,0.21,203,Informational,"People Also Ask, Related Searches, Knowledge Panel, Reviews, Video, Video Carousel","0.11,0.08,0.11,0.11,0.11,0.11,0.11,0.11,0.15,0.11,0.18,0.15",70,,
ca,molding installation,basement renovation,,,,,70,37,1.89,0.21,103,Informational,"Image Pack, Reviews, Video, Video Carousel, People Also Ask, Related Searches, Short Videos, AI Overview","0.18,0.63,0.63,1.00,0.63,0.45,0.63,0.63,0.45,0.81,0.45,0.63",75,,
ca,side entrance to basement,basement renovation,,,,,70,10,3.29,0.27,134,Informational,"Video, Video Carousel, People Also Ask, Related Searches, AI Overview, Image Pack, Site Links, Reviews","0.52,0.64,0.29,0.23,0.41,0.41,0.29,0.29,0.23,0.29,0.64,0.29",20,,
ca,water seepage in basement,basement renovation,,,,,70,27,3.90,0.67,127,Informational,"Site Links, Reviews, Video, Image, Video Carousel, People Also Ask, Related Searches, AI Overview","0.11,0.64,0.52,0.41,0.41,0.29,1.00,0.64,0.11,0.64,0.64,0.52",20,,
ca,basement game,basement renovation,,,,,50,23,0.44,0.99,189,Informational,"Image, Video Carousel, People Also Ask, Related Searches, Image Pack, Reviews, Video","0.07,0.26,0.19,0.00,0.19,0.03,0.26,0.07,0.07,0.53,0.07,0.07",75,,
ca,how to attach baseboards,basement renovation,,,,,50,34,0.23,0.17,107,Informational,"Video, Video Carousel, People Also Ask, Related Searches, Short Videos, AI Overview","0.23,0.82,0.23,0.11,0.11,0.11,0.82,0.11,1.00,0.11,0.11,0.11",90,,
ca,how to insulate basement walls in ontario,basement renovation,,,,,50,15,1.15,0.32,111,Informational,"Video Carousel, People Also Ask, Related Searches, Discussions And Forums, AI Overview, Site Links, Reviews, Video","0.07,0.34,0.26,0.15,0.19,0.19,0.19,0.19,0.19,0.19,0.11,0.11",20,,
ca,installing new bathroom vanity,basement renovation,,,,,50,36,2.24,0.49,169,Informational,"Reviews, Video, Adwords Bottom, People Also Ask, Related Searches, AI Overview, Image Pack","0.34,0.15,0.19,0.11,0.26,0.19,0.07,0.19,0.03,1.00,0.00,1.00",90,,
ca,water sealing basement from inside,basement renovation,,,,,50,14,2.70,0.92,186,Informational,"Video Carousel, People Also Ask, Related Searches, Discussions And Forums, Site Links, Reviews, Video, Adwords Bottom","0.09,0.33,0.23,0.19,0.19,0.19,0.14,0.09,0.09,0.52,0.52,0.09",20,,
ca,waterproof your basement from inside,basement renovation,,,,,50,14,2.70,0.92,185,Informational,"Reviews, Video, Adwords Bottom, Video Carousel, People Also Ask, Related Searches, Short Videos, Discussions And Forums, Adwords Middle","0.14,0.50,0.35,0.28,0.28,0.14,0.14,0.28,0.14,0.78,0.78,0.14",90,,
ca,how much should a bathroom reno cost,basement renovation,,,,,90,19,1.41,0.32,201,Informational,"AI Overview, Site Links, Reviews, Video, People Also Ask, Related Searches, Short Videos, Discussions And Forums","0.64,0.52,0.41,1.00,0.52,0.52,0.29,0.52,0.41,0.29,0.41,0.29",20,,
ca,how to reface kitchen cabinets,basement renovation,,,,,90,41,0.54,0.81,105,Informational,"Discussions And Forums, AI Overview, Reviews, Video, Adwords Bottom, Video Carousel, People Also Ask, Related Searches","0.52,0.52,0.41,0.64,0.52,0.52,0.41,0.64,0.64,0.52,0.52,0.52",90,,
ca,how to replace a bathroom cabinet,basement renovation,,,,,90,30,0.31,0.29,107,Informational,"Video, Video Carousel, People Also Ask, Related Searches, Short Videos, Site Links, Reviews","0.04,0.42,0.52,0.42,0.33,0.42,0.19,0.33,0.80,0.42,1.00,0.33",20,,
ca,how to replace bathroom cabinet,basement renovation,,,,,90,40,0.31,0.29,108,Informational,"People Also Ask, Related Searches, Short Videos, AI Overview, Reviews, Video","0.04,0.42,0.52,0.42,0.33,0.42,0.33,0.33,0.00,0.42,1.00,0.33",90,,
ca,inexpensive kitchen renovation,basement renovation,,,,,90,36,2.18,0.11,167,Informational,"Related Searches, AI Overview, Local Pack, Reviews, Video, Video Carousel, Discussions And Forums, Site Links, People Also Ask","0.10,0.06,0.06,0.06,0.08,0.10,0.14,0.43,0.18,0.29,0.35,0.22",20,,
ca,kitchen makeover ideas,basement renovation,,,,,90,42,0.42,0.86,188,Informational,"People Also Ask, Related Searches, Short Videos, Adwords Middle, Image Pack, Reviews, Video, Video Carousel","0.11,0.26,0.26,0.34,0.34,0.19,0.26,0.42,0.26,0.53,0.53,0.42",90,,
ca,water leaking in basement,basement renovation,,,,,90,27,6.32,0.68,126,Informational,"People Also Ask, Related Searches, Discussions And Forums, AI Overview, Site Links, Reviews, Video, Video Carousel","0.28,0.28,0.28,0.34,0.15,0.28,0.34,0.21,0.34,0.34,0.53,0.28",20,,
ca,budget kitchen renovations,basement renovation,,,,,70,23,2.18,0.11,183,Informational,"Local Pack, Site Links, Reviews, Video, Video Carousel, People Also Ask, Related Searches","0.42,0.42,0.14,0.14,0.14,0.09,0.04,1.00,0.14,0.66,0.80,0.66",20,,
ca,cabinet refacing before after,basement renovation,,,,,70,14,1.31,0.12,108,Informational,"Image Pack, Site Links, Reviews, Video, Video Carousel, People Also Ask, Related Searches, AI Overview","0.78,0.50,0.64,0.50,0.64,0.50,0.50,0.64,0.07,0.64,0.78,0.14",20,,
ca,cabinet refacing how to,basement renovation,,,,,70,37,0.54,0.81,107,Informational,"AI Overview, Image Pack, Reviews, Video, Video Carousel, People Also Ask, Related Searches","0.50,0.64,0.07,0.64,0.00,0.50,0.07,0.78,1.00,0.78,1.00,0.00",90,,
ca,how to build a cinder block retaining wall,basement renovation,,,,,70,34,0.75,0.12,81,Informational,"Short Videos, Image Pack, Video, Video Carousel, People Also Ask, Related Searches","0.11,0.11,0.11,0.02,0.02,0.02,0.02,0.02,0.02,0.02,0.11,0.11",90,,
ca,how to install bath vanity,basement renovation,,,,,70,37,0.31,0.29,107,Informational,"People Also Ask, Related Searches, Reviews, Video","0.04,0.23,0.33,0.42,0.23,0.23,0.52,0.23,0.33,0.33,1.00,0.80",90,,
ca,how to make a retaining wall with cinder blocks,basement renovation,,,,,70,38,0.00,0.06,84,Informational,"Image Pack, Video, Video Carousel, People Also Ask, Related Searches, Short Videos","0.64,0.64,0.64,0.11,0.11,0.11,0.11,0.11,0.11,0.11,1.00,0.64",90,,
ca,kitchen redo before and after,basement renovation,,,,,70,36,0.49,0.26,115,Informational,"Image Pack, Site Links, Reviews, Video, Image, Video Carousel, People Also Ask, Related Searches","0.14,0.35,0.35,0.50,0.50,0.50,0.50,0.50,0.50,0.50,0.78,0.14",20,,
ca,renovation before and after,basement renovation,,,,,70,32,1.53,0.05,128,Informational,"Site Links, Video Carousel, Related Searches, Short Videos, Image Pack, Video, Image, People Also Ask, Discussions And Forums","0.33,0.33,0.23,0.19,0.42,0.33,0.19,0.33,0.33,0.14,0.33,0.14",20,,
ca,separate entrance to basement cost,basement renovation,,,,,70,0,1.96,0.47,122,Informational,"People Also Ask, Related Searches, AI Overview, Site Links, Reviews, Video","0.05,0.05,0.05,0.04,0.04,0.09,0.09,0.14,0.04,0.05,0.04,0.02",,,
ca,toronto condo renovations,basement renovation,,,,,70,15,3.56,0.24,135,"Informational, Transactional","Knowledge Panel, Image Pack, Site Links, Reviews, Video, People Also Ask, Related Searches","0.01,0.11,0.18,0.23,0.11,0.11,0.08,0.15,0.05,0.23,0.18,0.28",20,,
ca,types of basement windows,basement renovation,,,,,70,16,2.66,0.49,182,Informational,"Related Searches, AI Overview, Site Links, Reviews, Video, Video Carousel, People Also Ask","0.63,0.81,0.81,0.81,0.81,0.63,0.45,0.36,0.63,0.45,0.63,1.00",20,,
ca,basement cement wall paint,basement renovation,,,,,50,22,1.16,0.83,168,Informational,"Site Links, Video, Video Carousel, People Also Ask, Popular Products, Related Searches, AI Overview, Short Videos, Discussions And Forums","0.28,0.71,0.71,1.00,0.71,0.71,0.14,1.00,1.00,1.00,1.00,0.14",20,,
ca,how to reface cabinets,basement renovation,,,,,50,32,0.54,0.81,103,Informational,"Image Pack, Reviews, Video, Video Carousel, People Also Ask, Related Searches, AI Overview","0.05,0.05,0.07,0.07,0.07,0.05,0.07,0.11,0.02,0.03,0.05,0.07",90,,
ca,kitchen reface cabinets,basement renovation,,,,,50,45,1.90,0.82,168,Informational,"Local Pack, Video Carousel, Popular Products, Related Searches, Reviews, Video, People Also Ask, Discussions And Forums, Adwords Middle","0.09,0.09,0.09,0.09,0.06,0.06,0.03,0.21,0.00,0.15,0.12,0.12",90,,
ca,kitchen renovation ideas on a budget,basement renovation,,,,,50,25,0.46,0.91,164,Informational,"People Also Ask, Related Searches, Image Pack, Site Links, Reviews, Video, Video Carousel","0.00,0.02,0.02,0.02,0.02,0.02,0.02,0.02,0.02,0.02,0.02,0.02",20,,
ca,water leakage in basement,basement renovation,,,,,50,15,8.24,0.70,126,Informational,"Video, Video Carousel, People Also Ask, Related Searches, Discussions And Forums, AI Overview, Site Links","0.19,0.26,0.26,0.26,0.19,0.15,0.19,0.11,0.11,0.26,0.19,0.26",20,,
ca,cabinet refacing before and after,basement renovation,,,,,90,13,1.31,0.12,118,Informational,"Site Links, Reviews, Video, Image, Video Carousel, People Also Ask, AI Overview","0.33,0.33,0.42,0.33,0.42,0.33,0.33,0.42,0.33,0.42,0.52,0.42",20,,
ca,home reno aurora,basement renovation,,,,,90,0,0.00,0.08,20,Informational,"Reviews, Video, Related Searches, AI Overview","0.02,0.02,0.05,0.39,0.07,0.09,0.07,0.11,0.07,0.05,0.04,0.07",,,
ca,house plans with basement,basement renovation,,,,,90,26,0.35,0.66,137,Informational,"Image Pack, Video, Image, People Also Ask, Related Searches","0.41,0.52,0.41,0.41,0.41,0.52,0.52,0.82,0.52,0.64,0.64,0.52",90,,
