priority,research_batch,coverage_level,keyword,keyword_type,intent,service_slug,service_name,category,core_service,location,location_slug,location_tier,parent_municipality,region,page_strategy,suggested_url,volume,keyword_difficulty,cpc_usd,in_semrush_export
1,1,head,attic insulation,head,Commercial,attic-insulation,Attic Insulation,Insulation & Energy,yes,,,,,,service page,/services/attic-insulation/,,,,no
1,1,head,attic insulation contractor,hiring,Commercial,attic-insulation,Attic Insulation,Insulation & Energy,yes,,,,,,service page,/services/attic-insulation/,,,,no
1,1,head,attic insulation contractors,hiring,Commercial,attic-insulation,Attic Insulation,Insulation & Energy,yes,,,,,,service page,/services/attic-insulation/,,,,no
1,1,head,attic insulation near me,near-me,Transactional,attic-insulation,Attic Insulation,Insulation & Energy,yes,,,,,,service page,/services/attic-insulation/,,,,no
1,1,head,attic insulation toronto,anchor-city,Commercial,attic-insulation,Attic Insulation,Insulation & Energy,yes,,,,,,service page,/services/attic-insulation/,,,,no
1,1,head,baseboard installation,head,Commercial,baseboard-installation,Baseboard Installation,Trim & Millwork,yes,,,,,,service page,/services/baseboard-installation/,,,,no
1,1,head,baseboard installation contractor,hiring,Commercial,baseboard-installation,Baseboard Installation,Trim & Millwork,yes,,,,,,service page,/services/baseboard-installation/,,,,no
1,1,head,baseboard installation contractors,hiring,Commercial,baseboard-installation,Baseboard Installation,Trim & Millwork,yes,,,,,,service page,/services/baseboard-installation/,,,,no
1,1,head,baseboard installation near me,near-me,Transactional,baseboard-installation,Baseboard Installation,Trim & Millwork,yes,,,,,,service page,/services/baseboard-installation/,,,,no
1,1,head,baseboard installation toronto,anchor-city,Commercial,baseboard-installation,Baseboard Installation,Trim & Millwork,yes,,,,,,service page,/services/baseboard-installation/,,,,no
1,1,head,basement finishing,head,Commercial,basement-finishing,Basement Finishing,Basement,yes,,,,,,service page,/services/basement-finishing/,1600,27,6.45,yes
1,1,head,basement finishing contractor,hiring,Commercial,basement-finishing,Basement Finishing,Basement,yes,,,,,,service page,/services/basement-finishing/,140,5,6.94,yes
1,1,head,basement finishing contractors,hiring,Commercial,basement-finishing,Basement Finishing,Basement,yes,,,,,,service page,/services/basement-finishing/,720,11,6.94,yes
1,1,head,basement finishing near me,near-me,Transactional,basement-finishing,Basement Finishing,Basement,yes,,,,,,service page,/services/basement-finishing/,210,22,7.24,yes
1,1,head,basement finishing toronto,anchor-city,Commercial,basement-finishing,Basement Finishing,Basement,yes,,,,,,service page,/services/basement-finishing/,,,,no
1,1,head,basement renovation,head,Commercial,basement-renovation,Basement Renovation,Basement,yes,,,,,,service page,/services/basement-renovation/,,,,no
1,1,head,basement renovation contractor,hiring,Commercial,basement-renovation,Basement Renovation,Basement,yes,,,,,,service page,/services/basement-renovation/,480,9,7.50,yes
1,1,head,basement renovation contractors,hiring,Commercial,basement-renovation,Basement Renovation,Basement,yes,,,,,,service page,/services/basement-renovation/,1300,21,7.42,yes
1,1,head,basement renovation near me,near-me,Transactional,basement-renovation,Basement Renovation,Basement,yes,,,,,,service page,/services/basement-renovation/,390,14,8.24,yes
1,1,head,basement renovation toronto,anchor-city,Commercial,basement-renovation,Basement Renovation,Basement,yes,,,,,,service page,/services/basement-renovation/,,,,no
1,1,head,basement waterproofing,head,Commercial,basement-waterproofing,Basement Waterproofing,Waterproofing,yes,,,,,,service page,/services/basement-waterproofing/,,,,no
1,1,head,basement waterproofing contractor,hiring,Commercial,basement-waterproofing,Basement Waterproofing,Waterproofing,yes,,,,,,service page,/services/basement-waterproofing/,,,,no
1,1,head,basement waterproofing contractors,hiring,Commercial,basement-waterproofing,Basement Waterproofing,Waterproofing,yes,,,,,,service page,/services/basement-waterproofing/,,,,no
1,1,head,basement waterproofing near me,near-me,Transactional,basement-waterproofing,Basement Waterproofing,Waterproofing,yes,,,,,,service page,/services/basement-waterproofing/,,,,no
1,1,head,basement waterproofing toronto,anchor-city,Commercial,basement-waterproofing,Basement Waterproofing,Waterproofing,yes,,,,,,service page,/services/basement-waterproofing/,,,,no
1,1,head,bathroom remodeling,head,Commercial,bathroom-remodeling,Bathroom Remodeling,Bathroom,yes,,,,,,service page,/services/bathroom-remodeling/,,,,no
1,1,head,bathroom remodeling contractor,hiring,Commercial,bathroom-remodeling,Bathroom Remodeling,Bathroom,yes,,,,,,service page,/services/bathroom-remodeling/,390,20,2.91,yes
1,1,head,bathroom remodeling contractors,hiring,Commercial,bathroom-remodeling,Bathroom Remodeling,Bathroom,yes,,,,,,service page,/services/bathroom-remodeling/,1600,14,2.91,yes
1,1,head,bathroom remodeling near me,near-me,Transactional,bathroom-remodeling,Bathroom Remodeling,Bathroom,yes,,,,,,service page,/services/bathroom-remodeling/,720,18,4.48,yes
1,1,head,bathroom remodeling toronto,anchor-city,Commercial,bathroom-remodeling,Bathroom Remodeling,Bathroom,yes,,,,,,service page,/services/bathroom-remodeling/,260,23,5.08,yes
1,1,head,bathroom renovation,head,Commercial,bathroom-renovation,Bathroom Renovation,Bathroom,yes,,,,,,service page,/services/bathroom-renovation/,,,,no
1,1,head,bathroom renovation contractor,hiring,Commercial,bathroom-renovation,Bathroom Renovation,Bathroom,yes,,,,,,service page,/services/bathroom-renovation/,1600,24,2.91,yes
1,1,head,bathroom renovation contractors,hiring,Commercial,bathroom-renovation,Bathroom Renovation,Bathroom,yes,,,,,,service page,/services/bathroom-renovation/,1600,17,2.91,yes
1,1,head,bathroom renovation near me,near-me,Transactional,bathroom-renovation,Bathroom Renovation,Bathroom,yes,,,,,,service page,/services/bathroom-renovation/,1600,14,5.17,yes
1,1,head,bathroom renovation toronto,anchor-city,Commercial,bathroom-renovation,Bathroom Renovation,Bathroom,yes,,,,,,service page,/services/bathroom-renovation/,2400,20,5.73,yes
1,1,head,concrete contractor,head,Commercial,concrete-contractor,Concrete Contractor,Concrete & Masonry,yes,,,,,,service page,/services/concrete-contractor/,,,,no
1,1,head,concrete contractor near me,near-me,Transactional,concrete-contractor,Concrete Contractor,Concrete & Masonry,yes,,,,,,service page,/services/concrete-contractor/,,,,no
1,1,head,concrete contractor toronto,anchor-city,Commercial,concrete-contractor,Concrete Contractor,Concrete & Masonry,yes,,,,,,service page,/services/concrete-contractor/,,,,no
1,1,head,condo renovation,head,Commercial,condo-renovation,Condo Renovation,Whole Home,yes,,,,,,service page,/services/condo-renovation/,590,12,4.60,yes
1,1,head,condo renovation contractor,hiring,Commercial,condo-renovation,Condo Renovation,Whole Home,yes,,,,,,service page,/services/condo-renovation/,210,5,5.63,yes
1,1,head,condo renovation contractors,hiring,Commercial,condo-renovation,Condo Renovation,Whole Home,yes,,,,,,service page,/services/condo-renovation/,90,13,5.63,yes
1,1,head,condo renovation near me,near-me,Transactional,condo-renovation,Condo Renovation,Whole Home,yes,,,,,,service page,/services/condo-renovation/,,,,no
1,1,head,condo renovation toronto,anchor-city,Commercial,condo-renovation,Condo Renovation,Whole Home,yes,,,,,,service page,/services/condo-renovation/,,,,no
1,1,head,countertop installation,head,Commercial,countertop-installation,Countertop Installation,Kitchen,yes,,,,,,service page,/services/countertop-installation/,1000,29,2.26,yes
1,1,head,countertop installation contractor,hiring,Commercial,countertop-installation,Countertop Installation,Kitchen,yes,,,,,,service page,/services/countertop-installation/,,,,no
1,1,head,countertop installation contractors,hiring,Commercial,countertop-installation,Countertop Installation,Kitchen,yes,,,,,,service page,/services/countertop-installation/,,,,no
1,1,head,countertop installation near me,near-me,Transactional,countertop-installation,Countertop Installation,Kitchen,yes,,,,,,service page,/services/countertop-installation/,,,,no
1,1,head,countertop installation toronto,anchor-city,Commercial,countertop-installation,Countertop Installation,Kitchen,yes,,,,,,service page,/services/countertop-installation/,,,,no
1,1,head,crown moulding installation,head,Commercial,crown-moulding-installation,Crown Moulding Installation,Trim & Millwork,yes,,,,,,service page,/services/crown-moulding-installation/,,,,no
1,1,head,crown moulding installation contractor,hiring,Commercial,crown-moulding-installation,Crown Moulding Installation,Trim & Millwork,yes,,,,,,service page,/services/crown-moulding-installation/,,,,no
1,1,head,crown moulding installation contractors,hiring,Commercial,crown-moulding-installation,Crown Moulding Installation,Trim & Millwork,yes,,,,,,service page,/services/crown-moulding-installation/,,,,no
1,1,head,crown moulding installation near me,near-me,Transactional,crown-moulding-installation,Crown Moulding Installation,Trim & Millwork,yes,,,,,,service page,/services/crown-moulding-installation/,,,,no
1,1,head,crown moulding installation toronto,anchor-city,Commercial,crown-moulding-installation,Crown Moulding Installation,Trim & Millwork,yes,,,,,,service page,/services/crown-moulding-installation/,,,,no
1,1,head,custom cabinetry,head,Commercial,custom-cabinetry,Custom Cabinetry,Cabinetry & Storage,yes,,,,,,service page,/services/custom-cabinetry/,590,30,2.52,yes
1,1,head,custom cabinetry contractor,hiring,Commercial,custom-cabinetry,Custom Cabinetry,Cabinetry & Storage,yes,,,,,,service page,/services/custom-cabinetry/,,,,no
1,1,head,custom cabinetry contractors,hiring,Commercial,custom-cabinetry,Custom Cabinetry,Cabinetry & Storage,yes,,,,,,service page,/services/custom-cabinetry/,,,,no
1,1,head,custom cabinetry near me,near-me,Transactional,custom-cabinetry,Custom Cabinetry,Cabinetry & Storage,yes,,,,,,service page,/services/custom-cabinetry/,110,18,2.64,yes
1,1,head,custom cabinetry toronto,anchor-city,Commercial,custom-cabinetry,Custom Cabinetry,Cabinetry & Storage,yes,,,,,,service page,/services/custom-cabinetry/,,,,no
1,1,head,custom closet installation,head,Commercial,custom-closet-installation,Custom Closet Installation,Cabinetry & Storage,yes,,,,,,service page,/services/custom-closet-installation/,,,,no
1,1,head,custom closet installation contractor,hiring,Commercial,custom-closet-installation,Custom Closet Installation,Cabinetry & Storage,yes,,,,,,service page,/services/custom-closet-installation/,,,,no
1,1,head,custom closet installation contractors,hiring,Commercial,custom-closet-installation,Custom Closet Installation,Cabinetry & Storage,yes,,,,,,service page,/services/custom-closet-installation/,,,,no
1,1,head,custom closet installation near me,near-me,Transactional,custom-closet-installation,Custom Closet Installation,Cabinetry & Storage,yes,,,,,,service page,/services/custom-closet-installation/,,,,no
1,1,head,custom closet installation toronto,anchor-city,Commercial,custom-closet-installation,Custom Closet Installation,Cabinetry & Storage,yes,,,,,,service page,/services/custom-closet-installation/,,,,no
1,1,head,custom doors,head,Commercial,custom-doors,Custom Doors,Doors,yes,,,,,,service page,/services/custom-doors/,720,17,3.72,yes
1,1,head,custom doors contractor,hiring,Commercial,custom-doors,Custom Doors,Doors,yes,,,,,,service page,/services/custom-doors/,,,,no
1,1,head,custom doors contractors,hiring,Commercial,custom-doors,Custom Doors,Doors,yes,,,,,,service page,/services/custom-doors/,,,,no
1,1,head,custom doors near me,near-me,Transactional,custom-doors,Custom Doors,Doors,yes,,,,,,service page,/services/custom-doors/,110,8,4.91,yes
1,1,head,custom doors toronto,anchor-city,Commercial,custom-doors,Custom Doors,Doors,yes,,,,,,service page,/services/custom-doors/,320,20,4.66,yes
1,1,head,custom kitchen cabinets,head,Commercial,custom-kitchen-cabinets,Custom Kitchen Cabinets,Kitchen,yes,,,,,,service page,/services/custom-kitchen-cabinets/,,,,no
1,1,head,custom kitchen cabinets contractor,hiring,Commercial,custom-kitchen-cabinets,Custom Kitchen Cabinets,Kitchen,yes,,,,,,service page,/services/custom-kitchen-cabinets/,,,,no
1,1,head,custom kitchen cabinets contractors,hiring,Commercial,custom-kitchen-cabinets,Custom Kitchen Cabinets,Kitchen,yes,,,,,,service page,/services/custom-kitchen-cabinets/,,,,no
1,1,head,custom kitchen cabinets near me,near-me,Transactional,custom-kitchen-cabinets,Custom Kitchen Cabinets,Kitchen,yes,,,,,,service page,/services/custom-kitchen-cabinets/,,,,no
1,1,head,custom kitchen cabinets toronto,anchor-city,Commercial,custom-kitchen-cabinets,Custom Kitchen Cabinets,Kitchen,yes,,,,,,service page,/services/custom-kitchen-cabinets/,,,,no
1,1,head,deck builder,head,Commercial,deck-builder,Deck Builder,Decks,yes,,,,,,service page,/services/deck-builder/,,,,no
1,1,head,deck builder contractor,hiring,Commercial,deck-builder,Deck Builder,Decks,yes,,,,,,service page,/services/deck-builder/,,,,no
1,1,head,deck builder contractors,hiring,Commercial,deck-builder,Deck Builder,Decks,yes,,,,,,service page,/services/deck-builder/,,,,no
1,1,head,deck builder near me,near-me,Transactional,deck-builder,Deck Builder,Decks,yes,,,,,,service page,/services/deck-builder/,720,22,3.67,yes
1,1,head,deck builder toronto,anchor-city,Commercial,deck-builder,Deck Builder,Decks,yes,,,,,,service page,/services/deck-builder/,590,21,5.69,yes
1,1,head,deck building,head,Commercial,deck-building,Deck Building,Decks,yes,,,,,,service page,/services/deck-building/,,,,no
1,1,head,deck building contractor,hiring,Commercial,deck-building,Deck Building,Decks,yes,,,,,,service page,/services/deck-building/,,,,no
1,1,head,deck building contractors,hiring,Commercial,deck-building,Deck Building,Decks,yes,,,,,,service page,/services/deck-building/,390,19,5.63,yes
1,1,head,deck building near me,near-me,Transactional,deck-building,Deck Building,Decks,yes,,,,,,service page,/services/deck-building/,110,15,3.67,yes
1,1,head,deck building toronto,anchor-city,Commercial,deck-building,Deck Building,Decks,yes,,,,,,service page,/services/deck-building/,,,,no
1,1,head,deck repair,head,Commercial,deck-repair,Deck Repair,Decks,yes,,,,,,service page,/services/deck-repair/,720,13,2.90,yes
1,1,head,deck repair contractor,hiring,Commercial,deck-repair,Deck Repair,Decks,yes,,,,,,service page,/services/deck-repair/,,,,no
1,1,head,deck repair contractors,hiring,Commercial,deck-repair,Deck Repair,Decks,yes,,,,,,service page,/services/deck-repair/,,,,no
1,1,head,deck repair near me,near-me,Transactional,deck-repair,Deck Repair,Decks,yes,,,,,,service page,/services/deck-repair/,590,13,3.20,yes
1,1,head,deck repair toronto,anchor-city,Commercial,deck-repair,Deck Repair,Decks,yes,,,,,,service page,/services/deck-repair/,260,10,5.34,yes
1,1,head,door installation,head,Commercial,door-installation,Door Installation,Doors,yes,,,,,,service page,/services/door-installation/,4400,26,7.41,yes
1,1,head,door installation contractor,hiring,Commercial,door-installation,Door Installation,Doors,yes,,,,,,service page,/services/door-installation/,,,,no
1,1,head,door installation contractors,hiring,Commercial,door-installation,Door Installation,Doors,yes,,,,,,service page,/services/door-installation/,,,,no
1,1,head,door installation near me,near-me,Transactional,door-installation,Door Installation,Doors,yes,,,,,,service page,/services/door-installation/,,,,no
1,1,head,door installation toronto,anchor-city,Commercial,door-installation,Door Installation,Doors,yes,,,,,,service page,/services/door-installation/,590,13,14.12,yes
1,1,head,door replacement,head,Commercial,door-replacement,Door Replacement,Doors,yes,,,,,,service page,/services/door-replacement/,1300,20,8.70,yes
1,1,head,door replacement contractor,hiring,Commercial,door-replacement,Door Replacement,Doors,yes,,,,,,service page,/services/door-replacement/,,,,no
1,1,head,door replacement contractors,hiring,Commercial,door-replacement,Door Replacement,Doors,yes,,,,,,service page,/services/door-replacement/,,,,no
1,1,head,door replacement near me,near-me,Transactional,door-replacement,Door Replacement,Doors,yes,,,,,,service page,/services/door-replacement/,,,,no
1,1,head,door replacement toronto,anchor-city,Commercial,door-replacement,Door Replacement,Doors,yes,,,,,,service page,/services/door-replacement/,720,12,12.70,yes
1,1,head,drywall contractor,head,Commercial,drywall-contractor,Drywall Contractor,Drywall & Ceilings,yes,,,,,,service page,/services/drywall-contractor/,,,,no
1,1,head,drywall contractor near me,near-me,Transactional,drywall-contractor,Drywall Contractor,Drywall & Ceilings,yes,,,,,,service page,/services/drywall-contractor/,,,,no
1,2,head,drywall contractor toronto,anchor-city,Commercial,drywall-contractor,Drywall Contractor,Drywall & Ceilings,yes,,,,,,service page,/services/drywall-contractor/,,,,no
1,2,head,drywall installation,head,Commercial,drywall-installation,Drywall Installation,Drywall & Ceilings,yes,,,,,,service page,/services/drywall-installation/,,,,no
1,2,head,drywall installation contractor,hiring,Commercial,drywall-installation,Drywall Installation,Drywall & Ceilings,yes,,,,,,service page,/services/drywall-installation/,,,,no
1,2,head,drywall installation contractors,hiring,Commercial,drywall-installation,Drywall Installation,Drywall & Ceilings,yes,,,,,,service page,/services/drywall-installation/,,,,no
1,2,head,drywall installation near me,near-me,Transactional,drywall-installation,Drywall Installation,Drywall & Ceilings,yes,,,,,,service page,/services/drywall-installation/,,,,no
1,2,head,drywall installation toronto,anchor-city,Commercial,drywall-installation,Drywall Installation,Drywall & Ceilings,yes,,,,,,service page,/services/drywall-installation/,,,,no
1,2,head,drywall repair,head,Commercial,drywall-repair,Drywall Repair,Drywall & Ceilings,yes,,,,,,service page,/services/drywall-repair/,,,,no
1,2,head,drywall repair contractor,hiring,Commercial,drywall-repair,Drywall Repair,Drywall & Ceilings,yes,,,,,,service page,/services/drywall-repair/,,,,no
1,2,head,drywall repair contractors,hiring,Commercial,drywall-repair,Drywall Repair,Drywall & Ceilings,yes,,,,,,service page,/services/drywall-repair/,,,,no
1,2,head,drywall repair near me,near-me,Transactional,drywall-repair,Drywall Repair,Drywall & Ceilings,yes,,,,,,service page,/services/drywall-repair/,,,,no
1,2,head,drywall repair toronto,anchor-city,Commercial,drywall-repair,Drywall Repair,Drywall & Ceilings,yes,,,,,,service page,/services/drywall-repair/,,,,no
1,2,head,electrical contractor,head,Commercial,electrical-contractor,Electrical Contractor,Electrical,yes,,,,,,service page,/services/electrical-contractor/,,,,no
1,2,head,electrical contractor near me,near-me,Transactional,electrical-contractor,Electrical Contractor,Electrical,yes,,,,,,service page,/services/electrical-contractor/,,,,no
1,2,head,electrical contractor toronto,anchor-city,Commercial,electrical-contractor,Electrical Contractor,Electrical,yes,,,,,,service page,/services/electrical-contractor/,,,,no
1,2,head,electrical panel upgrade,head,Commercial,electrical-panel-upgrade,Electrical Panel Upgrade,Electrical,yes,,,,,,service page,/services/electrical-panel-upgrade/,,,,no
1,2,head,electrical panel upgrade contractor,hiring,Commercial,electrical-panel-upgrade,Electrical Panel Upgrade,Electrical,yes,,,,,,service page,/services/electrical-panel-upgrade/,,,,no
1,2,head,electrical panel upgrade contractors,hiring,Commercial,electrical-panel-upgrade,Electrical Panel Upgrade,Electrical,yes,,,,,,service page,/services/electrical-panel-upgrade/,,,,no
1,2,head,electrical panel upgrade near me,near-me,Transactional,electrical-panel-upgrade,Electrical Panel Upgrade,Electrical,yes,,,,,,service page,/services/electrical-panel-upgrade/,,,,no
1,2,head,electrical panel upgrade toronto,anchor-city,Commercial,electrical-panel-upgrade,Electrical Panel Upgrade,Electrical,yes,,,,,,service page,/services/electrical-panel-upgrade/,,,,no
1,2,head,exterior door installation,head,Commercial,exterior-door-installation,Exterior Door Installation,Doors,yes,,,,,,service page,/services/exterior-door-installation/,,,,no
1,2,head,exterior door installation contractor,hiring,Commercial,exterior-door-installation,Exterior Door Installation,Doors,yes,,,,,,service page,/services/exterior-door-installation/,,,,no
1,2,head,exterior door installation contractors,hiring,Commercial,exterior-door-installation,Exterior Door Installation,Doors,yes,,,,,,service page,/services/exterior-door-installation/,,,,no
1,2,head,exterior door installation near me,near-me,Transactional,exterior-door-installation,Exterior Door Installation,Doors,yes,,,,,,service page,/services/exterior-door-installation/,,,,no
1,2,head,exterior door installation toronto,anchor-city,Commercial,exterior-door-installation,Exterior Door Installation,Doors,yes,,,,,,service page,/services/exterior-door-installation/,,,,no
1,2,head,exterior painting,head,Commercial,exterior-painting,Exterior Painting,Painting,yes,,,,,,service page,/services/exterior-painting/,,,,no
1,2,head,exterior painting contractor,hiring,Commercial,exterior-painting,Exterior Painting,Painting,yes,,,,,,service page,/services/exterior-painting/,,,,no
1,2,head,exterior painting contractors,hiring,Commercial,exterior-painting,Exterior Painting,Painting,yes,,,,,,service page,/services/exterior-painting/,,,,no
1,2,head,exterior painting near me,near-me,Transactional,exterior-painting,Exterior Painting,Painting,yes,,,,,,service page,/services/exterior-painting/,,,,no
1,2,head,exterior painting toronto,anchor-city,Commercial,exterior-painting,Exterior Painting,Painting,yes,,,,,,service page,/services/exterior-painting/,,,,no
1,2,head,exterior renovation,head,Commercial,exterior-renovation,Exterior Renovation,Whole Home,yes,,,,,,service page,/services/exterior-renovation/,390,15,2.97,yes
1,2,head,exterior renovation contractor,hiring,Commercial,exterior-renovation,Exterior Renovation,Whole Home,yes,,,,,,service page,/services/exterior-renovation/,,,,no
1,2,head,exterior renovation contractors,hiring,Commercial,exterior-renovation,Exterior Renovation,Whole Home,yes,,,,,,service page,/services/exterior-renovation/,,,,no
1,2,head,exterior renovation near me,near-me,Transactional,exterior-renovation,Exterior Renovation,Whole Home,yes,,,,,,service page,/services/exterior-renovation/,,,,no
1,2,head,exterior renovation toronto,anchor-city,Commercial,exterior-renovation,Exterior Renovation,Whole Home,yes,,,,,,service page,/services/exterior-renovation/,,,,no
1,2,head,fence contractor,head,Commercial,fence-contractor,Fence Contractor,Fences,yes,,,,,,service page,/services/fence-contractor/,,,,no
1,2,head,fence contractor near me,near-me,Transactional,fence-contractor,Fence Contractor,Fences,yes,,,,,,service page,/services/fence-contractor/,,,,no
1,2,head,fence contractor toronto,anchor-city,Commercial,fence-contractor,Fence Contractor,Fences,yes,,,,,,service page,/services/fence-contractor/,,,,no
1,2,head,fence installation,head,Commercial,fence-installation,Fence Installation,Fences,yes,,,,,,service page,/services/fence-installation/,,,,no
1,2,head,fence installation contractor,hiring,Commercial,fence-installation,Fence Installation,Fences,yes,,,,,,service page,/services/fence-installation/,,,,no
1,2,head,fence installation contractors,hiring,Commercial,fence-installation,Fence Installation,Fences,yes,,,,,,service page,/services/fence-installation/,,,,no
1,2,head,fence installation near me,near-me,Transactional,fence-installation,Fence Installation,Fences,yes,,,,,,service page,/services/fence-installation/,,,,no
1,2,head,fence installation toronto,anchor-city,Commercial,fence-installation,Fence Installation,Fences,yes,,,,,,service page,/services/fence-installation/,,,,no
1,2,head,fence repair,head,Commercial,fence-repair,Fence Repair,Fences,yes,,,,,,service page,/services/fence-repair/,,,,no
1,2,head,fence repair contractor,hiring,Commercial,fence-repair,Fence Repair,Fences,yes,,,,,,service page,/services/fence-repair/,,,,no
1,2,head,fence repair contractors,hiring,Commercial,fence-repair,Fence Repair,Fences,yes,,,,,,service page,/services/fence-repair/,,,,no
1,2,head,fence repair near me,near-me,Transactional,fence-repair,Fence Repair,Fences,yes,,,,,,service page,/services/fence-repair/,,,,no
1,2,head,fence repair toronto,anchor-city,Commercial,fence-repair,Fence Repair,Fences,yes,,,,,,service page,/services/fence-repair/,,,,no
1,2,head,flooring contractor,head,Commercial,flooring-contractor,Flooring Contractor,Flooring,yes,,,,,,service page,/services/flooring-contractor/,720,16,3.32,yes
1,2,head,flooring contractor near me,near-me,Transactional,flooring-contractor,Flooring Contractor,Flooring,yes,,,,,,service page,/services/flooring-contractor/,170,12,2.44,yes
1,2,head,flooring contractor toronto,anchor-city,Commercial,flooring-contractor,Flooring Contractor,Flooring,yes,,,,,,service page,/services/flooring-contractor/,,,,no
1,2,head,flooring installation,head,Commercial,flooring-installation,Flooring Installation,Flooring,yes,,,,,,service page,/services/flooring-installation/,1900,14,2.97,yes
1,2,head,flooring installation contractor,hiring,Commercial,flooring-installation,Flooring Installation,Flooring,yes,,,,,,service page,/services/flooring-installation/,,,,no
1,2,head,flooring installation contractors,hiring,Commercial,flooring-installation,Flooring Installation,Flooring,yes,,,,,,service page,/services/flooring-installation/,70,16,1.95,yes
1,2,head,flooring installation near me,near-me,Transactional,flooring-installation,Flooring Installation,Flooring,yes,,,,,,service page,/services/flooring-installation/,880,11,2.93,yes
1,2,head,flooring installation toronto,anchor-city,Commercial,flooring-installation,Flooring Installation,Flooring,yes,,,,,,service page,/services/flooring-installation/,390,19,4.21,yes
1,2,head,flooring replacement,head,Commercial,flooring-replacement,Flooring Replacement,Flooring,yes,,,,,,service page,/services/flooring-replacement/,,,,no
1,2,head,flooring replacement contractor,hiring,Commercial,flooring-replacement,Flooring Replacement,Flooring,yes,,,,,,service page,/services/flooring-replacement/,,,,no
1,2,head,flooring replacement contractors,hiring,Commercial,flooring-replacement,Flooring Replacement,Flooring,yes,,,,,,service page,/services/flooring-replacement/,,,,no
1,2,head,flooring replacement near me,near-me,Transactional,flooring-replacement,Flooring Replacement,Flooring,yes,,,,,,service page,/services/flooring-replacement/,,,,no
1,2,head,flooring replacement toronto,anchor-city,Commercial,flooring-replacement,Flooring Replacement,Flooring,yes,,,,,,service page,/services/flooring-replacement/,,,,no
1,2,head,foundation repair,head,Commercial,foundation-repair,Foundation Repair,Concrete & Masonry,yes,,,,,,service page,/services/foundation-repair/,,,,no
1,2,head,foundation repair contractor,hiring,Commercial,foundation-repair,Foundation Repair,Concrete & Masonry,yes,,,,,,service page,/services/foundation-repair/,,,,no
1,2,head,foundation repair contractors,hiring,Commercial,foundation-repair,Foundation Repair,Concrete & Masonry,yes,,,,,,service page,/services/foundation-repair/,,,,no
1,2,head,foundation repair near me,near-me,Transactional,foundation-repair,Foundation Repair,Concrete & Masonry,yes,,,,,,service page,/services/foundation-repair/,,,,no
1,2,head,foundation repair toronto,anchor-city,Commercial,foundation-repair,Foundation Repair,Concrete & Masonry,yes,,,,,,service page,/services/foundation-repair/,,,,no
1,2,head,general contractor,head,Commercial,general-contractor,General Contractor,Whole Home,yes,,,,,,service page,/services/general-contractor/,,,,no
1,2,head,general contractor near me,near-me,Transactional,general-contractor,General Contractor,Whole Home,yes,,,,,,service page,/services/general-contractor/,,,,no
1,2,head,general contractor toronto,anchor-city,Commercial,general-contractor,General Contractor,Whole Home,yes,,,,,,service page,/services/general-contractor/,,,,no
1,2,head,hardwood floor installation,head,Commercial,hardwood-floor-installation,Hardwood Floor Installation,Flooring,yes,,,,,,service page,/services/hardwood-floor-installation/,,,,no
1,2,head,hardwood floor installation contractor,hiring,Commercial,hardwood-floor-installation,Hardwood Floor Installation,Flooring,yes,,,,,,service page,/services/hardwood-floor-installation/,,,,no
1,2,head,hardwood floor installation contractors,hiring,Commercial,hardwood-floor-installation,Hardwood Floor Installation,Flooring,yes,,,,,,service page,/services/hardwood-floor-installation/,,,,no
1,2,head,hardwood floor installation near me,near-me,Transactional,hardwood-floor-installation,Hardwood Floor Installation,Flooring,yes,,,,,,service page,/services/hardwood-floor-installation/,140,25,1.63,yes
1,2,head,hardwood floor installation toronto,anchor-city,Commercial,hardwood-floor-installation,Hardwood Floor Installation,Flooring,yes,,,,,,service page,/services/hardwood-floor-installation/,170,23,4.18,yes
1,2,head,home addition,head,Commercial,home-addition,Home Addition,Whole Home,yes,,,,,,service page,/services/home-addition/,880,26,4.21,yes
1,2,head,home addition contractor,hiring,Commercial,home-addition,Home Addition,Whole Home,yes,,,,,,service page,/services/home-addition/,720,8,4.25,yes
1,2,head,home addition contractors,hiring,Commercial,home-addition,Home Addition,Whole Home,yes,,,,,,service page,/services/home-addition/,720,11,4.25,yes
1,2,head,home addition near me,near-me,Transactional,home-addition,Home Addition,Whole Home,yes,,,,,,service page,/services/home-addition/,,,,no
1,2,head,home addition toronto,anchor-city,Commercial,home-addition,Home Addition,Whole Home,yes,,,,,,service page,/services/home-addition/,880,16,4.87,yes
1,2,head,home renovation,head,Commercial,home-renovation,Home Renovation,Whole Home,yes,,,,,,service page,/services/home-renovation/,,,,no
1,2,head,home renovation contractor,hiring,Commercial,home-renovation,Home Renovation,Whole Home,yes,,,,,,service page,/services/home-renovation/,,,,no
1,2,head,home renovation contractors,hiring,Commercial,home-renovation,Home Renovation,Whole Home,yes,,,,,,service page,/services/home-renovation/,,,,no
1,2,head,home renovation near me,near-me,Transactional,home-renovation,Home Renovation,Whole Home,yes,,,,,,service page,/services/home-renovation/,480,16,3.68,yes
1,2,head,home renovation toronto,anchor-city,Commercial,home-renovation,Home Renovation,Whole Home,yes,,,,,,service page,/services/home-renovation/,,,,no
1,2,head,house extension,head,Commercial,house-extension,House Extension,Whole Home,yes,,,,,,service page,/services/house-extension/,480,5,2.98,yes
1,2,head,house extension contractor,hiring,Commercial,house-extension,House Extension,Whole Home,yes,,,,,,service page,/services/house-extension/,,,,no
1,2,head,house extension contractors,hiring,Commercial,house-extension,House Extension,Whole Home,yes,,,,,,service page,/services/house-extension/,,,,no
1,2,head,house extension near me,near-me,Transactional,house-extension,House Extension,Whole Home,yes,,,,,,service page,/services/house-extension/,,,,no
1,2,head,house extension toronto,anchor-city,Commercial,house-extension,House Extension,Whole Home,yes,,,,,,service page,/services/house-extension/,320,13,0.00,yes
1,2,head,house painting,head,Commercial,house-painting,House Painting,Painting,yes,,,,,,service page,/services/house-painting/,,,,no
1,2,head,house painting contractor,hiring,Commercial,house-painting,House Painting,Painting,yes,,,,,,service page,/services/house-painting/,,,,no
1,2,head,house painting contractors,hiring,Commercial,house-painting,House Painting,Painting,yes,,,,,,service page,/services/house-painting/,,,,no
1,2,head,house painting near me,near-me,Transactional,house-painting,House Painting,Painting,yes,,,,,,service page,/services/house-painting/,,,,no
1,2,head,house painting toronto,anchor-city,Commercial,house-painting,House Painting,Painting,yes,,,,,,service page,/services/house-painting/,,,,no
1,2,head,insulation contractor,head,Commercial,insulation-contractor,Insulation Contractor,Insulation & Energy,yes,,,,,,service page,/services/insulation-contractor/,,,,no
1,2,head,insulation contractor near me,near-me,Transactional,insulation-contractor,Insulation Contractor,Insulation & Energy,yes,,,,,,service page,/services/insulation-contractor/,,,,no
1,2,head,insulation contractor toronto,anchor-city,Commercial,insulation-contractor,Insulation Contractor,Insulation & Energy,yes,,,,,,service page,/services/insulation-contractor/,,,,no
1,2,head,interior door installation,head,Commercial,interior-door-installation,Interior Door Installation,Doors,yes,,,,,,service page,/services/interior-door-installation/,320,25,2.35,yes
1,2,head,interior door installation contractor,hiring,Commercial,interior-door-installation,Interior Door Installation,Doors,yes,,,,,,service page,/services/interior-door-installation/,,,,no
1,2,head,interior door installation contractors,hiring,Commercial,interior-door-installation,Interior Door Installation,Doors,yes,,,,,,service page,/services/interior-door-installation/,,,,no
1,2,head,interior door installation near me,near-me,Transactional,interior-door-installation,Interior Door Installation,Doors,yes,,,,,,service page,/services/interior-door-installation/,590,20,2.78,yes
1,3,head,interior door installation toronto,anchor-city,Commercial,interior-door-installation,Interior Door Installation,Doors,yes,,,,,,service page,/services/interior-door-installation/,,,,no
1,3,head,interior painting,head,Commercial,interior-painting,Interior Painting,Painting,yes,,,,,,service page,/services/interior-painting/,,,,no
1,3,head,interior painting contractor,hiring,Commercial,interior-painting,Interior Painting,Painting,yes,,,,,,service page,/services/interior-painting/,,,,no
1,3,head,interior painting contractors,hiring,Commercial,interior-painting,Interior Painting,Painting,yes,,,,,,service page,/services/interior-painting/,,,,no
1,3,head,interior painting near me,near-me,Transactional,interior-painting,Interior Painting,Painting,yes,,,,,,service page,/services/interior-painting/,,,,no
1,3,head,interior painting toronto,anchor-city,Commercial,interior-painting,Interior Painting,Painting,yes,,,,,,service page,/services/interior-painting/,,,,no
1,3,head,interior renovation,head,Commercial,interior-renovation,Interior Renovation,Whole Home,yes,,,,,,service page,/services/interior-renovation/,590,11,3.52,yes
1,3,head,interior renovation contractor,hiring,Commercial,interior-renovation,Interior Renovation,Whole Home,yes,,,,,,service page,/services/interior-renovation/,110,25,4.62,yes
1,3,head,interior renovation contractors,hiring,Commercial,interior-renovation,Interior Renovation,Whole Home,yes,,,,,,service page,/services/interior-renovation/,,,,no
1,3,head,interior renovation near me,near-me,Transactional,interior-renovation,Interior Renovation,Whole Home,yes,,,,,,service page,/services/interior-renovation/,,,,no
1,3,head,interior renovation toronto,anchor-city,Commercial,interior-renovation,Interior Renovation,Whole Home,yes,,,,,,service page,/services/interior-renovation/,,,,no
1,3,head,interlocking installation,head,Commercial,interlocking-installation,Interlocking Installation,Concrete & Masonry,yes,,,,,,service page,/services/interlocking-installation/,,,,no
1,3,head,interlocking installation contractor,hiring,Commercial,interlocking-installation,Interlocking Installation,Concrete & Masonry,yes,,,,,,service page,/services/interlocking-installation/,,,,no
1,3,head,interlocking installation contractors,hiring,Commercial,interlocking-installation,Interlocking Installation,Concrete & Masonry,yes,,,,,,service page,/services/interlocking-installation/,,,,no
1,3,head,interlocking installation near me,near-me,Transactional,interlocking-installation,Interlocking Installation,Concrete & Masonry,yes,,,,,,service page,/services/interlocking-installation/,,,,no
1,3,head,interlocking installation toronto,anchor-city,Commercial,interlocking-installation,Interlocking Installation,Concrete & Masonry,yes,,,,,,service page,/services/interlocking-installation/,,,,no
1,3,head,kitchen remodeling,head,Commercial,kitchen-remodeling,Kitchen Remodeling,Kitchen,yes,,,,,,service page,/services/kitchen-remodeling/,1900,27,3.20,yes
1,3,head,kitchen remodeling contractor,hiring,Commercial,kitchen-remodeling,Kitchen Remodeling,Kitchen,yes,,,,,,service page,/services/kitchen-remodeling/,260,22,2.51,yes
1,3,head,kitchen remodeling contractors,hiring,Commercial,kitchen-remodeling,Kitchen Remodeling,Kitchen,yes,,,,,,service page,/services/kitchen-remodeling/,880,18,2.51,yes
1,3,head,kitchen remodeling near me,near-me,Transactional,kitchen-remodeling,Kitchen Remodeling,Kitchen,yes,,,,,,service page,/services/kitchen-remodeling/,,,,no
1,3,head,kitchen remodeling toronto,anchor-city,Commercial,kitchen-remodeling,Kitchen Remodeling,Kitchen,yes,,,,,,service page,/services/kitchen-remodeling/,,,,no
1,3,head,kitchen renovation,head,Commercial,kitchen-renovation,Kitchen Renovation,Kitchen,yes,,,,,,service page,/services/kitchen-renovation/,,,,no
1,3,head,kitchen renovation contractor,hiring,Commercial,kitchen-renovation,Kitchen Renovation,Kitchen,yes,,,,,,service page,/services/kitchen-renovation/,1600,16,2.63,yes
1,3,head,kitchen renovation contractors,hiring,Commercial,kitchen-renovation,Kitchen Renovation,Kitchen,yes,,,,,,service page,/services/kitchen-renovation/,,,,no
1,3,head,kitchen renovation near me,near-me,Transactional,kitchen-renovation,Kitchen Renovation,Kitchen,yes,,,,,,service page,/services/kitchen-renovation/,1300,15,3.69,yes
1,3,head,kitchen renovation toronto,anchor-city,Commercial,kitchen-renovation,Kitchen Renovation,Kitchen,yes,,,,,,service page,/services/kitchen-renovation/,,,,no
1,3,head,laminate floor installation,head,Commercial,laminate-floor-installation,Laminate Floor Installation,Flooring,yes,,,,,,service page,/services/laminate-floor-installation/,,,,no
1,3,head,laminate floor installation contractor,hiring,Commercial,laminate-floor-installation,Laminate Floor Installation,Flooring,yes,,,,,,service page,/services/laminate-floor-installation/,,,,no
1,3,head,laminate floor installation contractors,hiring,Commercial,laminate-floor-installation,Laminate Floor Installation,Flooring,yes,,,,,,service page,/services/laminate-floor-installation/,,,,no
1,3,head,laminate floor installation near me,near-me,Transactional,laminate-floor-installation,Laminate Floor Installation,Flooring,yes,,,,,,service page,/services/laminate-floor-installation/,,,,no
1,3,head,laminate floor installation toronto,anchor-city,Commercial,laminate-floor-installation,Laminate Floor Installation,Flooring,yes,,,,,,service page,/services/laminate-floor-installation/,,,,no
1,3,head,legal basement apartment,head,Commercial,legal-basement-apartment,Legal Basement Apartment,Basement,yes,,,,,,service page,/services/legal-basement-apartment/,,,,no
1,3,head,legal basement apartment contractor,hiring,Commercial,legal-basement-apartment,Legal Basement Apartment,Basement,yes,,,,,,service page,/services/legal-basement-apartment/,,,,no
1,3,head,legal basement apartment contractors,hiring,Commercial,legal-basement-apartment,Legal Basement Apartment,Basement,yes,,,,,,service page,/services/legal-basement-apartment/,,,,no
1,3,head,legal basement apartment near me,near-me,Transactional,legal-basement-apartment,Legal Basement Apartment,Basement,yes,,,,,,service page,/services/legal-basement-apartment/,,,,no
1,3,head,legal basement apartment toronto,anchor-city,Commercial,legal-basement-apartment,Legal Basement Apartment,Basement,yes,,,,,,service page,/services/legal-basement-apartment/,,,,no
1,3,head,painting contractor,head,Commercial,painting-contractor,Painting Contractor,Painting,yes,,,,,,service page,/services/painting-contractor/,,,,no
1,3,head,painting contractor near me,near-me,Transactional,painting-contractor,Painting Contractor,Painting,yes,,,,,,service page,/services/painting-contractor/,,,,no
1,3,head,painting contractor toronto,anchor-city,Commercial,painting-contractor,Painting Contractor,Painting,yes,,,,,,service page,/services/painting-contractor/,,,,no
1,3,head,plumbing contractor,head,Commercial,plumbing-contractor,Plumbing Contractor,Plumbing,yes,,,,,,service page,/services/plumbing-contractor/,,,,no
1,3,head,plumbing contractor near me,near-me,Transactional,plumbing-contractor,Plumbing Contractor,Plumbing,yes,,,,,,service page,/services/plumbing-contractor/,,,,no
1,3,head,plumbing contractor toronto,anchor-city,Commercial,plumbing-contractor,Plumbing Contractor,Plumbing,yes,,,,,,service page,/services/plumbing-contractor/,,,,no
1,3,head,pot light installation,head,Commercial,pot-light-installation,Pot Light Installation,Electrical,yes,,,,,,service page,/services/pot-light-installation/,,,,no
1,3,head,pot light installation contractor,hiring,Commercial,pot-light-installation,Pot Light Installation,Electrical,yes,,,,,,service page,/services/pot-light-installation/,,,,no
1,3,head,pot light installation contractors,hiring,Commercial,pot-light-installation,Pot Light Installation,Electrical,yes,,,,,,service page,/services/pot-light-installation/,,,,no
1,3,head,pot light installation near me,near-me,Transactional,pot-light-installation,Pot Light Installation,Electrical,yes,,,,,,service page,/services/pot-light-installation/,,,,no
1,3,head,pot light installation toronto,anchor-city,Commercial,pot-light-installation,Pot Light Installation,Electrical,yes,,,,,,service page,/services/pot-light-installation/,,,,no
1,3,head,renovation contractor,head,Commercial,renovation-contractor,Renovation Contractor,Whole Home,yes,,,,,,service page,/services/renovation-contractor/,,,,no
1,3,head,renovation contractor near me,near-me,Transactional,renovation-contractor,Renovation Contractor,Whole Home,yes,,,,,,service page,/services/renovation-contractor/,260,18,4.21,yes
1,3,head,renovation contractor toronto,anchor-city,Commercial,renovation-contractor,Renovation Contractor,Whole Home,yes,,,,,,service page,/services/renovation-contractor/,,,,no
1,3,head,roof replacement,head,Commercial,roof-replacement,Roof Replacement,Roofing,yes,,,,,,service page,/services/roof-replacement/,,,,no
1,3,head,roof replacement contractor,hiring,Commercial,roof-replacement,Roof Replacement,Roofing,yes,,,,,,service page,/services/roof-replacement/,,,,no
1,3,head,roof replacement contractors,hiring,Commercial,roof-replacement,Roof Replacement,Roofing,yes,,,,,,service page,/services/roof-replacement/,,,,no
1,3,head,roof replacement near me,near-me,Transactional,roof-replacement,Roof Replacement,Roofing,yes,,,,,,service page,/services/roof-replacement/,,,,no
1,3,head,roof replacement toronto,anchor-city,Commercial,roof-replacement,Roof Replacement,Roofing,yes,,,,,,service page,/services/roof-replacement/,,,,no
1,3,head,roofing contractor,head,Commercial,roofing-contractor,Roofing Contractor,Roofing,yes,,,,,,service page,/services/roofing-contractor/,,,,no
1,3,head,roofing contractor near me,near-me,Transactional,roofing-contractor,Roofing Contractor,Roofing,yes,,,,,,service page,/services/roofing-contractor/,,,,no
1,3,head,roofing contractor toronto,anchor-city,Commercial,roofing-contractor,Roofing Contractor,Roofing,yes,,,,,,service page,/services/roofing-contractor/,,,,no
1,3,head,second storey addition,head,Commercial,second-storey-addition,Second Storey Addition,Whole Home,yes,,,,,,service page,/services/second-storey-addition/,,,,no
1,3,head,second storey addition contractor,hiring,Commercial,second-storey-addition,Second Storey Addition,Whole Home,yes,,,,,,service page,/services/second-storey-addition/,,,,no
1,3,head,second storey addition contractors,hiring,Commercial,second-storey-addition,Second Storey Addition,Whole Home,yes,,,,,,service page,/services/second-storey-addition/,,,,no
1,3,head,second storey addition near me,near-me,Transactional,second-storey-addition,Second Storey Addition,Whole Home,yes,,,,,,service page,/services/second-storey-addition/,,,,no
1,3,head,second storey addition toronto,anchor-city,Commercial,second-storey-addition,Second Storey Addition,Whole Home,yes,,,,,,service page,/services/second-storey-addition/,,,,no
1,3,head,shower installation,head,Commercial,shower-installation,Shower Installation,Bathroom,yes,,,,,,service page,/services/shower-installation/,,,,no
1,3,head,shower installation contractor,hiring,Commercial,shower-installation,Shower Installation,Bathroom,yes,,,,,,service page,/services/shower-installation/,,,,no
1,3,head,shower installation contractors,hiring,Commercial,shower-installation,Shower Installation,Bathroom,yes,,,,,,service page,/services/shower-installation/,,,,no
1,3,head,shower installation near me,near-me,Transactional,shower-installation,Shower Installation,Bathroom,yes,,,,,,service page,/services/shower-installation/,,,,no
1,3,head,shower installation toronto,anchor-city,Commercial,shower-installation,Shower Installation,Bathroom,yes,,,,,,service page,/services/shower-installation/,,,,no
1,3,head,siding installation,head,Commercial,siding-installation,Siding Installation,Exterior & Siding,yes,,,,,,service page,/services/siding-installation/,,,,no
1,3,head,siding installation contractor,hiring,Commercial,siding-installation,Siding Installation,Exterior & Siding,yes,,,,,,service page,/services/siding-installation/,,,,no
1,3,head,siding installation contractors,hiring,Commercial,siding-installation,Siding Installation,Exterior & Siding,yes,,,,,,service page,/services/siding-installation/,,,,no
1,3,head,siding installation near me,near-me,Transactional,siding-installation,Siding Installation,Exterior & Siding,yes,,,,,,service page,/services/siding-installation/,,,,no
1,3,head,siding installation toronto,anchor-city,Commercial,siding-installation,Siding Installation,Exterior & Siding,yes,,,,,,service page,/services/siding-installation/,,,,no
1,3,head,staircase renovation,head,Commercial,staircase-renovation,Staircase Renovation,Stairs & Railings,yes,,,,,,service page,/services/staircase-renovation/,,,,no
1,3,head,staircase renovation contractor,hiring,Commercial,staircase-renovation,Staircase Renovation,Stairs & Railings,yes,,,,,,service page,/services/staircase-renovation/,,,,no
1,3,head,staircase renovation contractors,hiring,Commercial,staircase-renovation,Staircase Renovation,Stairs & Railings,yes,,,,,,service page,/services/staircase-renovation/,,,,no
1,3,head,staircase renovation near me,near-me,Transactional,staircase-renovation,Staircase Renovation,Stairs & Railings,yes,,,,,,service page,/services/staircase-renovation/,,,,no
1,3,head,staircase renovation toronto,anchor-city,Commercial,staircase-renovation,Staircase Renovation,Stairs & Railings,yes,,,,,,service page,/services/staircase-renovation/,,,,no
1,3,head,tile contractor,head,Commercial,tile-contractor,Tile Contractor,Tile,yes,,,,,,service page,/services/tile-contractor/,,,,no
1,3,head,tile contractor near me,near-me,Transactional,tile-contractor,Tile Contractor,Tile,yes,,,,,,service page,/services/tile-contractor/,,,,no
1,3,head,tile contractor toronto,anchor-city,Commercial,tile-contractor,Tile Contractor,Tile,yes,,,,,,service page,/services/tile-contractor/,,,,no
1,3,head,tile floor installation,head,Commercial,tile-floor-installation,Tile Floor Installation,Flooring,yes,,,,,,service page,/services/tile-floor-installation/,,,,no
1,3,head,tile floor installation contractor,hiring,Commercial,tile-floor-installation,Tile Floor Installation,Flooring,yes,,,,,,service page,/services/tile-floor-installation/,,,,no
1,3,head,tile floor installation contractors,hiring,Commercial,tile-floor-installation,Tile Floor Installation,Flooring,yes,,,,,,service page,/services/tile-floor-installation/,,,,no
1,3,head,tile floor installation near me,near-me,Transactional,tile-floor-installation,Tile Floor Installation,Flooring,yes,,,,,,service page,/services/tile-floor-installation/,,,,no
1,3,head,tile floor installation toronto,anchor-city,Commercial,tile-floor-installation,Tile Floor Installation,Flooring,yes,,,,,,service page,/services/tile-floor-installation/,,,,no
1,3,head,tile installation,head,Commercial,tile-installation,Tile Installation,Tile,yes,,,,,,service page,/services/tile-installation/,,,,no
1,3,head,tile installation contractor,hiring,Commercial,tile-installation,Tile Installation,Tile,yes,,,,,,service page,/services/tile-installation/,,,,no
1,3,head,tile installation contractors,hiring,Commercial,tile-installation,Tile Installation,Tile,yes,,,,,,service page,/services/tile-installation/,,,,no
1,3,head,tile installation near me,near-me,Transactional,tile-installation,Tile Installation,Tile,yes,,,,,,service page,/services/tile-installation/,,,,no
1,3,head,tile installation toronto,anchor-city,Commercial,tile-installation,Tile Installation,Tile,yes,,,,,,service page,/services/tile-installation/,,,,no
1,3,head,trim carpentry,head,Commercial,trim-carpentry,Trim Carpentry,Trim & Millwork,yes,,,,,,service page,/services/trim-carpentry/,,,,no
1,3,head,trim carpentry contractor,hiring,Commercial,trim-carpentry,Trim Carpentry,Trim & Millwork,yes,,,,,,service page,/services/trim-carpentry/,,,,no
1,3,head,trim carpentry contractors,hiring,Commercial,trim-carpentry,Trim Carpentry,Trim & Millwork,yes,,,,,,service page,/services/trim-carpentry/,,,,no
1,3,head,trim carpentry near me,near-me,Transactional,trim-carpentry,Trim Carpentry,Trim & Millwork,yes,,,,,,service page,/services/trim-carpentry/,,,,no
1,3,head,trim carpentry toronto,anchor-city,Commercial,trim-carpentry,Trim Carpentry,Trim & Millwork,yes,,,,,,service page,/services/trim-carpentry/,,,,no
1,3,head,vinyl plank installation,head,Commercial,vinyl-plank-installation,Vinyl Plank Installation,Flooring,yes,,,,,,service page,/services/vinyl-plank-installation/,,,,no
1,3,head,vinyl plank installation contractor,hiring,Commercial,vinyl-plank-installation,Vinyl Plank Installation,Flooring,yes,,,,,,service page,/services/vinyl-plank-installation/,,,,no
1,3,head,vinyl plank installation contractors,hiring,Commercial,vinyl-plank-installation,Vinyl Plank Installation,Flooring,yes,,,,,,service page,/services/vinyl-plank-installation/,,,,no
1,3,head,vinyl plank installation near me,near-me,Transactional,vinyl-plank-installation,Vinyl Plank Installation,Flooring,yes,,,,,,service page,/services/vinyl-plank-installation/,,,,no
1,4,head,vinyl plank installation toronto,anchor-city,Commercial,vinyl-plank-installation,Vinyl Plank Installation,Flooring,yes,,,,,,service page,/services/vinyl-plank-installation/,,,,no
1,4,head,waterproofing contractor,head,Commercial,waterproofing-contractor,Waterproofing Contractor,Waterproofing,yes,,,,,,service page,/services/waterproofing-contractor/,,,,no
1,4,head,waterproofing contractor near me,near-me,Transactional,waterproofing-contractor,Waterproofing Contractor,Waterproofing,yes,,,,,,service page,/services/waterproofing-contractor/,,,,no
1,4,head,waterproofing contractor toronto,anchor-city,Commercial,waterproofing-contractor,Waterproofing Contractor,Waterproofing,yes,,,,,,service page,/services/waterproofing-contractor/,,,,no
1,4,head,whole home renovation,head,Commercial,whole-home-renovation,Whole Home Renovation,Whole Home,yes,,,,,,service page,/services/whole-home-renovation/,210,14,5.15,yes
1,4,head,whole home renovation contractor,hiring,Commercial,whole-home-renovation,Whole Home Renovation,Whole Home,yes,,,,,,service page,/services/whole-home-renovation/,,,,no
1,4,head,whole home renovation contractors,hiring,Commercial,whole-home-renovation,Whole Home Renovation,Whole Home,yes,,,,,,service page,/services/whole-home-renovation/,,,,no
1,4,head,whole home renovation near me,near-me,Transactional,whole-home-renovation,Whole Home Renovation,Whole Home,yes,,,,,,service page,/services/whole-home-renovation/,,,,no
1,4,head,whole home renovation toronto,anchor-city,Commercial,whole-home-renovation,Whole Home Renovation,Whole Home,yes,,,,,,service page,/services/whole-home-renovation/,,,,no
1,4,head,window installation,head,Commercial,window-installation,Window Installation,Windows,yes,,,,,,service page,/services/window-installation/,,,,no
1,4,head,window installation contractor,hiring,Commercial,window-installation,Window Installation,Windows,yes,,,,,,service page,/services/window-installation/,,,,no
1,4,head,window installation contractors,hiring,Commercial,window-installation,Window Installation,Windows,yes,,,,,,service page,/services/window-installation/,,,,no
1,4,head,window installation near me,near-me,Transactional,window-installation,Window Installation,Windows,yes,,,,,,service page,/services/window-installation/,,,,no
1,4,head,window installation toronto,anchor-city,Commercial,window-installation,Window Installation,Windows,yes,,,,,,service page,/services/window-installation/,880,25,21.20,yes
1,4,head,window replacement,head,Commercial,window-replacement,Window Replacement,Windows,yes,,,,,,service page,/services/window-replacement/,,,,no
1,4,head,window replacement contractor,hiring,Commercial,window-replacement,Window Replacement,Windows,yes,,,,,,service page,/services/window-replacement/,,,,no
1,4,head,window replacement contractors,hiring,Commercial,window-replacement,Window Replacement,Windows,yes,,,,,,service page,/services/window-replacement/,,,,no
1,4,head,window replacement near me,near-me,Transactional,window-replacement,Window Replacement,Windows,yes,,,,,,service page,/services/window-replacement/,,,,no
1,4,head,window replacement toronto,anchor-city,Commercial,window-replacement,Window Replacement,Windows,yes,,,,,,service page,/services/window-replacement/,1000,26,20.47,yes
1,4,head,accessibility renovation,head,Commercial,accessibility-renovation,Accessibility Renovation,Accessibility,no,,,,,,service page,/services/accessibility-renovation/,,,,no
1,4,head,accessibility renovation contractor,hiring,Commercial,accessibility-renovation,Accessibility Renovation,Accessibility,no,,,,,,service page,/services/accessibility-renovation/,,,,no
1,4,head,accessibility renovation contractors,hiring,Commercial,accessibility-renovation,Accessibility Renovation,Accessibility,no,,,,,,service page,/services/accessibility-renovation/,,,,no
1,4,head,accessibility renovation near me,near-me,Transactional,accessibility-renovation,Accessibility Renovation,Accessibility,no,,,,,,service page,/services/accessibility-renovation/,,,,no
1,4,head,accessibility renovation toronto,anchor-city,Commercial,accessibility-renovation,Accessibility Renovation,Accessibility,no,,,,,,service page,/services/accessibility-renovation/,,,,no
1,4,head,accessible bathroom renovation,head,Commercial,accessible-bathroom-renovation,Accessible Bathroom Renovation,Bathroom,no,,,,,,service page,/services/accessible-bathroom-renovation/,,,,no
1,4,head,accessible bathroom renovation contractor,hiring,Commercial,accessible-bathroom-renovation,Accessible Bathroom Renovation,Bathroom,no,,,,,,service page,/services/accessible-bathroom-renovation/,,,,no
1,4,head,accessible bathroom renovation contractors,hiring,Commercial,accessible-bathroom-renovation,Accessible Bathroom Renovation,Bathroom,no,,,,,,service page,/services/accessible-bathroom-renovation/,,,,no
1,4,head,accessible bathroom renovation near me,near-me,Transactional,accessible-bathroom-renovation,Accessible Bathroom Renovation,Bathroom,no,,,,,,service page,/services/accessible-bathroom-renovation/,,,,no
1,4,head,accessible bathroom renovation toronto,anchor-city,Commercial,accessible-bathroom-renovation,Accessible Bathroom Renovation,Bathroom,no,,,,,,service page,/services/accessible-bathroom-renovation/,,,,no
1,4,head,aging in place renovation,head,Commercial,aging-in-place-renovation,Aging in Place Renovation,Accessibility,no,,,,,,service page,/services/aging-in-place-renovation/,,,,no
1,4,head,aging in place renovation contractor,hiring,Commercial,aging-in-place-renovation,Aging in Place Renovation,Accessibility,no,,,,,,service page,/services/aging-in-place-renovation/,,,,no
1,4,head,aging in place renovation contractors,hiring,Commercial,aging-in-place-renovation,Aging in Place Renovation,Accessibility,no,,,,,,service page,/services/aging-in-place-renovation/,,,,no
1,4,head,aging in place renovation near me,near-me,Transactional,aging-in-place-renovation,Aging in Place Renovation,Accessibility,no,,,,,,service page,/services/aging-in-place-renovation/,,,,no
1,4,head,aging in place renovation toronto,anchor-city,Commercial,aging-in-place-renovation,Aging in Place Renovation,Accessibility,no,,,,,,service page,/services/aging-in-place-renovation/,,,,no
1,4,head,air sealing home,head,Commercial,air-sealing,Air Sealing,Insulation & Energy,no,,,,,,service page,/services/air-sealing/,,,,no
1,4,head,air sealing home contractor,hiring,Commercial,air-sealing,Air Sealing,Insulation & Energy,no,,,,,,service page,/services/air-sealing/,,,,no
1,4,head,air sealing home contractors,hiring,Commercial,air-sealing,Air Sealing,Insulation & Energy,no,,,,,,service page,/services/air-sealing/,,,,no
1,4,head,air sealing home near me,near-me,Transactional,air-sealing,Air Sealing,Insulation & Energy,no,,,,,,service page,/services/air-sealing/,,,,no
1,4,head,air sealing home toronto,anchor-city,Commercial,air-sealing,Air Sealing,Insulation & Energy,no,,,,,,service page,/services/air-sealing/,,,,no
1,4,head,aluminum fence installation,head,Commercial,aluminum-fence-installation,Aluminum Fence Installation,Fences,no,,,,,,service page,/services/aluminum-fence-installation/,,,,no
1,4,head,aluminum fence installation contractor,hiring,Commercial,aluminum-fence-installation,Aluminum Fence Installation,Fences,no,,,,,,service page,/services/aluminum-fence-installation/,,,,no
1,4,head,aluminum fence installation contractors,hiring,Commercial,aluminum-fence-installation,Aluminum Fence Installation,Fences,no,,,,,,service page,/services/aluminum-fence-installation/,,,,no
1,4,head,aluminum fence installation near me,near-me,Transactional,aluminum-fence-installation,Aluminum Fence Installation,Fences,no,,,,,,service page,/services/aluminum-fence-installation/,,,,no
1,4,head,aluminum fence installation toronto,anchor-city,Commercial,aluminum-fence-installation,Aluminum Fence Installation,Fences,no,,,,,,service page,/services/aluminum-fence-installation/,,,,no
1,4,head,aluminum wiring replacement,head,Commercial,aluminum-wiring-replacement,Aluminum Wiring Replacement,Electrical,no,,,,,,service page,/services/aluminum-wiring-replacement/,,,,no
1,4,head,aluminum wiring replacement contractor,hiring,Commercial,aluminum-wiring-replacement,Aluminum Wiring Replacement,Electrical,no,,,,,,service page,/services/aluminum-wiring-replacement/,,,,no
1,4,head,aluminum wiring replacement contractors,hiring,Commercial,aluminum-wiring-replacement,Aluminum Wiring Replacement,Electrical,no,,,,,,service page,/services/aluminum-wiring-replacement/,,,,no
1,4,head,aluminum wiring replacement near me,near-me,Transactional,aluminum-wiring-replacement,Aluminum Wiring Replacement,Electrical,no,,,,,,service page,/services/aluminum-wiring-replacement/,,,,no
1,4,head,aluminum wiring replacement toronto,anchor-city,Commercial,aluminum-wiring-replacement,Aluminum Wiring Replacement,Electrical,no,,,,,,service page,/services/aluminum-wiring-replacement/,,,,no
1,4,head,asbestos removal,head,Commercial,asbestos-removal,Asbestos Removal,Demolition & Prep,no,,,,,,service page,/services/asbestos-removal/,,,,no
1,4,head,asbestos removal contractor,hiring,Commercial,asbestos-removal,Asbestos Removal,Demolition & Prep,no,,,,,,service page,/services/asbestos-removal/,,,,no
1,4,head,asbestos removal contractors,hiring,Commercial,asbestos-removal,Asbestos Removal,Demolition & Prep,no,,,,,,service page,/services/asbestos-removal/,,,,no
1,4,head,asbestos removal near me,near-me,Transactional,asbestos-removal,Asbestos Removal,Demolition & Prep,no,,,,,,service page,/services/asbestos-removal/,,,,no
1,4,head,asbestos removal toronto,anchor-city,Commercial,asbestos-removal,Asbestos Removal,Demolition & Prep,no,,,,,,service page,/services/asbestos-removal/,,,,no
1,4,head,attic renovation,head,Commercial,attic-renovation,Attic Renovation,Specialty Rooms,no,,,,,,service page,/services/attic-renovation/,,,,no
1,4,head,attic renovation contractor,hiring,Commercial,attic-renovation,Attic Renovation,Specialty Rooms,no,,,,,,service page,/services/attic-renovation/,,,,no
1,4,head,attic renovation contractors,hiring,Commercial,attic-renovation,Attic Renovation,Specialty Rooms,no,,,,,,service page,/services/attic-renovation/,,,,no
1,4,head,attic renovation near me,near-me,Transactional,attic-renovation,Attic Renovation,Specialty Rooms,no,,,,,,service page,/services/attic-renovation/,,,,no
1,4,head,attic renovation toronto,anchor-city,Commercial,attic-renovation,Attic Renovation,Specialty Rooms,no,,,,,,service page,/services/attic-renovation/,,,,no
1,4,head,backsplash installation,head,Commercial,backsplash-installation,Backsplash Installation,Kitchen,no,,,,,,service page,/services/backsplash-installation/,,,,no
1,4,head,backsplash installation contractor,hiring,Commercial,backsplash-installation,Backsplash Installation,Kitchen,no,,,,,,service page,/services/backsplash-installation/,,,,no
1,4,head,backsplash installation contractors,hiring,Commercial,backsplash-installation,Backsplash Installation,Kitchen,no,,,,,,service page,/services/backsplash-installation/,,,,no
1,4,head,backsplash installation near me,near-me,Transactional,backsplash-installation,Backsplash Installation,Kitchen,no,,,,,,service page,/services/backsplash-installation/,,,,no
1,4,head,backsplash installation toronto,anchor-city,Commercial,backsplash-installation,Backsplash Installation,Kitchen,no,,,,,,service page,/services/backsplash-installation/,,,,no
1,4,head,backwater valve installation,head,Commercial,backwater-valve-installation,Backwater Valve Installation,Waterproofing,no,,,,,,service page,/services/backwater-valve-installation/,,,,no
1,4,head,backwater valve installation contractor,hiring,Commercial,backwater-valve-installation,Backwater Valve Installation,Waterproofing,no,,,,,,service page,/services/backwater-valve-installation/,,,,no
1,4,head,backwater valve installation contractors,hiring,Commercial,backwater-valve-installation,Backwater Valve Installation,Waterproofing,no,,,,,,service page,/services/backwater-valve-installation/,,,,no
1,4,head,backwater valve installation near me,near-me,Transactional,backwater-valve-installation,Backwater Valve Installation,Waterproofing,no,,,,,,service page,/services/backwater-valve-installation/,,,,no
1,4,head,backwater valve installation toronto,anchor-city,Commercial,backwater-valve-installation,Backwater Valve Installation,Waterproofing,no,,,,,,service page,/services/backwater-valve-installation/,,,,no
1,4,head,wet bar installation,head,Commercial,bar-cabinetry-installation,Bar Cabinetry Installation,Cabinetry & Storage,no,,,,,,service page,/services/bar-cabinetry-installation/,,,,no
1,4,head,wet bar installation contractor,hiring,Commercial,bar-cabinetry-installation,Bar Cabinetry Installation,Cabinetry & Storage,no,,,,,,service page,/services/bar-cabinetry-installation/,,,,no
1,4,head,wet bar installation contractors,hiring,Commercial,bar-cabinetry-installation,Bar Cabinetry Installation,Cabinetry & Storage,no,,,,,,service page,/services/bar-cabinetry-installation/,,,,no
1,4,head,wet bar installation near me,near-me,Transactional,bar-cabinetry-installation,Bar Cabinetry Installation,Cabinetry & Storage,no,,,,,,service page,/services/bar-cabinetry-installation/,,,,no
1,4,head,wet bar installation toronto,anchor-city,Commercial,bar-cabinetry-installation,Bar Cabinetry Installation,Cabinetry & Storage,no,,,,,,service page,/services/bar-cabinetry-installation/,,,,no
1,4,head,barn door installation,head,Commercial,barn-door-installation,Barn Door Installation,Doors,no,,,,,,service page,/services/barn-door-installation/,,,,no
1,4,head,barn door installation contractor,hiring,Commercial,barn-door-installation,Barn Door Installation,Doors,no,,,,,,service page,/services/barn-door-installation/,,,,no
1,4,head,barn door installation contractors,hiring,Commercial,barn-door-installation,Barn Door Installation,Doors,no,,,,,,service page,/services/barn-door-installation/,,,,no
1,4,head,barn door installation near me,near-me,Transactional,barn-door-installation,Barn Door Installation,Doors,no,,,,,,service page,/services/barn-door-installation/,,,,no
1,4,head,barn door installation toronto,anchor-city,Commercial,barn-door-installation,Barn Door Installation,Doors,no,,,,,,service page,/services/barn-door-installation/,,,,no
1,4,head,barrier free shower installation,head,Commercial,barrier-free-shower-installation,Barrier-Free Shower Installation,Accessibility,no,,,,,,service page,/services/barrier-free-shower-installation/,,,,no
1,4,head,barrier free shower installation contractor,hiring,Commercial,barrier-free-shower-installation,Barrier-Free Shower Installation,Accessibility,no,,,,,,service page,/services/barrier-free-shower-installation/,,,,no
1,4,head,barrier free shower installation contractors,hiring,Commercial,barrier-free-shower-installation,Barrier-Free Shower Installation,Accessibility,no,,,,,,service page,/services/barrier-free-shower-installation/,,,,no
1,4,head,barrier free shower installation near me,near-me,Transactional,barrier-free-shower-installation,Barrier-Free Shower Installation,Accessibility,no,,,,,,service page,/services/barrier-free-shower-installation/,,,,no
1,4,head,barrier free shower installation toronto,anchor-city,Commercial,barrier-free-shower-installation,Barrier-Free Shower Installation,Accessibility,no,,,,,,service page,/services/barrier-free-shower-installation/,,,,no
1,4,head,basement apartment construction,head,Commercial,basement-apartment-construction,Basement Apartment Construction,Basement,no,,,,,,service page,/services/basement-apartment-construction/,,,,no
1,4,head,basement apartment construction contractor,hiring,Commercial,basement-apartment-construction,Basement Apartment Construction,Basement,no,,,,,,service page,/services/basement-apartment-construction/,,,,no
1,4,head,basement apartment construction contractors,hiring,Commercial,basement-apartment-construction,Basement Apartment Construction,Basement,no,,,,,,service page,/services/basement-apartment-construction/,,,,no
1,4,head,basement apartment construction near me,near-me,Transactional,basement-apartment-construction,Basement Apartment Construction,Basement,no,,,,,,service page,/services/basement-apartment-construction/,,,,no
1,4,head,basement apartment construction toronto,anchor-city,Commercial,basement-apartment-construction,Basement Apartment Construction,Basement,no,,,,,,service page,/services/basement-apartment-construction/,,,,no
1,4,head,basement bathroom installation,head,Commercial,basement-bathroom-installation,Basement Bathroom Installation,Bathroom,no,,,,,,service page,/services/basement-bathroom-installation/,,,,no
1,4,head,basement bathroom installation contractor,hiring,Commercial,basement-bathroom-installation,Basement Bathroom Installation,Bathroom,no,,,,,,service page,/services/basement-bathroom-installation/,,,,no
1,4,head,basement bathroom installation contractors,hiring,Commercial,basement-bathroom-installation,Basement Bathroom Installation,Bathroom,no,,,,,,service page,/services/basement-bathroom-installation/,,,,no
1,4,head,basement bathroom installation near me,near-me,Transactional,basement-bathroom-installation,Basement Bathroom Installation,Bathroom,no,,,,,,service page,/services/basement-bathroom-installation/,,,,no
1,4,head,basement bathroom installation toronto,anchor-city,Commercial,basement-bathroom-installation,Basement Bathroom Installation,Bathroom,no,,,,,,service page,/services/basement-bathroom-installation/,,,,no
1,4,head,basement ceiling installation,head,Commercial,basement-ceiling-installation,Basement Ceiling Installation,Basement,no,,,,,,service page,/services/basement-ceiling-installation/,,,,no
1,4,head,basement ceiling installation contractor,hiring,Commercial,basement-ceiling-installation,Basement Ceiling Installation,Basement,no,,,,,,service page,/services/basement-ceiling-installation/,,,,no
1,4,head,basement ceiling installation contractors,hiring,Commercial,basement-ceiling-installation,Basement Ceiling Installation,Basement,no,,,,,,service page,/services/basement-ceiling-installation/,,,,no
1,4,head,basement ceiling installation near me,near-me,Transactional,basement-ceiling-installation,Basement Ceiling Installation,Basement,no,,,,,,service page,/services/basement-ceiling-installation/,,,,no
1,4,head,basement ceiling installation toronto,anchor-city,Commercial,basement-ceiling-installation,Basement Ceiling Installation,Basement,no,,,,,,service page,/services/basement-ceiling-installation/,,,,no
1,4,head,basement demolition,head,Commercial,basement-demolition,Basement Demolition,Demolition & Prep,no,,,,,,service page,/services/basement-demolition/,,,,no
1,5,head,basement demolition contractor,hiring,Commercial,basement-demolition,Basement Demolition,Demolition & Prep,no,,,,,,service page,/services/basement-demolition/,,,,no
1,5,head,basement demolition contractors,hiring,Commercial,basement-demolition,Basement Demolition,Demolition & Prep,no,,,,,,service page,/services/basement-demolition/,,,,no
1,5,head,basement demolition near me,near-me,Transactional,basement-demolition,Basement Demolition,Demolition & Prep,no,,,,,,service page,/services/basement-demolition/,,,,no
1,5,head,basement demolition toronto,anchor-city,Commercial,basement-demolition,Basement Demolition,Demolition & Prep,no,,,,,,service page,/services/basement-demolition/,,,,no
1,5,head,basement electrical rough in,head,Commercial,basement-electrical-rough-in,Basement Electrical Rough-In,Electrical,no,,,,,,service page,/services/basement-electrical-rough-in/,,,,no
1,5,head,basement electrical rough in contractor,hiring,Commercial,basement-electrical-rough-in,Basement Electrical Rough-In,Electrical,no,,,,,,service page,/services/basement-electrical-rough-in/,,,,no
1,5,head,basement electrical rough in contractors,hiring,Commercial,basement-electrical-rough-in,Basement Electrical Rough-In,Electrical,no,,,,,,service page,/services/basement-electrical-rough-in/,,,,no
1,5,head,basement electrical rough in near me,near-me,Transactional,basement-electrical-rough-in,Basement Electrical Rough-In,Electrical,no,,,,,,service page,/services/basement-electrical-rough-in/,,,,no
1,5,head,basement electrical rough in toronto,anchor-city,Commercial,basement-electrical-rough-in,Basement Electrical Rough-In,Electrical,no,,,,,,service page,/services/basement-electrical-rough-in/,,,,no
1,5,head,basement framing,head,Commercial,basement-framing,Basement Framing,Basement,no,,,,,,service page,/services/basement-framing/,,,,no
1,5,head,basement framing contractor,hiring,Commercial,basement-framing,Basement Framing,Basement,no,,,,,,service page,/services/basement-framing/,,,,no
1,5,head,basement framing contractors,hiring,Commercial,basement-framing,Basement Framing,Basement,no,,,,,,service page,/services/basement-framing/,,,,no
1,5,head,basement framing near me,near-me,Transactional,basement-framing,Basement Framing,Basement,no,,,,,,service page,/services/basement-framing/,,,,no
1,5,head,basement framing toronto,anchor-city,Commercial,basement-framing,Basement Framing,Basement,no,,,,,,service page,/services/basement-framing/,,,,no
1,5,head,basement insulation,head,Commercial,basement-insulation,Basement Insulation,Insulation & Energy,no,,,,,,service page,/services/basement-insulation/,,,,no
1,5,head,basement insulation contractor,hiring,Commercial,basement-insulation,Basement Insulation,Insulation & Energy,no,,,,,,service page,/services/basement-insulation/,,,,no
1,5,head,basement insulation contractors,hiring,Commercial,basement-insulation,Basement Insulation,Insulation & Energy,no,,,,,,service page,/services/basement-insulation/,,,,no
1,5,head,basement insulation near me,near-me,Transactional,basement-insulation,Basement Insulation,Insulation & Energy,no,,,,,,service page,/services/basement-insulation/,,,,no
1,5,head,basement insulation toronto,anchor-city,Commercial,basement-insulation,Basement Insulation,Insulation & Energy,no,,,,,,service page,/services/basement-insulation/,,,,no
1,5,head,basement kitchen installation,head,Commercial,basement-kitchen-installation,Basement Kitchen Installation,Basement,no,,,,,,service page,/services/basement-kitchen-installation/,,,,no
1,5,head,basement kitchen installation contractor,hiring,Commercial,basement-kitchen-installation,Basement Kitchen Installation,Basement,no,,,,,,service page,/services/basement-kitchen-installation/,,,,no
1,5,head,basement kitchen installation contractors,hiring,Commercial,basement-kitchen-installation,Basement Kitchen Installation,Basement,no,,,,,,service page,/services/basement-kitchen-installation/,,,,no
1,5,head,basement kitchen installation near me,near-me,Transactional,basement-kitchen-installation,Basement Kitchen Installation,Basement,no,,,,,,service page,/services/basement-kitchen-installation/,,,,no
1,5,head,basement kitchen installation toronto,anchor-city,Commercial,basement-kitchen-installation,Basement Kitchen Installation,Basement,no,,,,,,service page,/services/basement-kitchen-installation/,,,,no
1,5,head,basement lowering,head,Commercial,basement-lowering,Basement Lowering,Basement,no,,,,,,service page,/services/basement-lowering/,,,,no
1,5,head,basement lowering contractor,hiring,Commercial,basement-lowering,Basement Lowering,Basement,no,,,,,,service page,/services/basement-lowering/,,,,no
1,5,head,basement lowering contractors,hiring,Commercial,basement-lowering,Basement Lowering,Basement,no,,,,,,service page,/services/basement-lowering/,,,,no
1,5,head,basement lowering near me,near-me,Transactional,basement-lowering,Basement Lowering,Basement,no,,,,,,service page,/services/basement-lowering/,,,,no
1,5,head,basement lowering toronto,anchor-city,Commercial,basement-lowering,Basement Lowering,Basement,no,,,,,,service page,/services/basement-lowering/,,,,no
1,5,head,basement soundproofing,head,Commercial,basement-soundproofing,Basement Soundproofing,Basement,no,,,,,,service page,/services/basement-soundproofing/,,,,no
1,5,head,basement soundproofing contractor,hiring,Commercial,basement-soundproofing,Basement Soundproofing,Basement,no,,,,,,service page,/services/basement-soundproofing/,,,,no
1,5,head,basement soundproofing contractors,hiring,Commercial,basement-soundproofing,Basement Soundproofing,Basement,no,,,,,,service page,/services/basement-soundproofing/,,,,no
1,5,head,basement soundproofing near me,near-me,Transactional,basement-soundproofing,Basement Soundproofing,Basement,no,,,,,,service page,/services/basement-soundproofing/,,,,no
1,5,head,basement soundproofing toronto,anchor-city,Commercial,basement-soundproofing,Basement Soundproofing,Basement,no,,,,,,service page,/services/basement-soundproofing/,,,,no
1,5,head,basement stair replacement,head,Commercial,basement-stair-replacement,Basement Stair Replacement,Stairs & Railings,no,,,,,,service page,/services/basement-stair-replacement/,,,,no
1,5,head,basement stair replacement contractor,hiring,Commercial,basement-stair-replacement,Basement Stair Replacement,Stairs & Railings,no,,,,,,service page,/services/basement-stair-replacement/,,,,no
1,5,head,basement stair replacement contractors,hiring,Commercial,basement-stair-replacement,Basement Stair Replacement,Stairs & Railings,no,,,,,,service page,/services/basement-stair-replacement/,,,,no
1,5,head,basement stair replacement near me,near-me,Transactional,basement-stair-replacement,Basement Stair Replacement,Stairs & Railings,no,,,,,,service page,/services/basement-stair-replacement/,,,,no
1,5,head,basement stair replacement toronto,anchor-city,Commercial,basement-stair-replacement,Basement Stair Replacement,Stairs & Railings,no,,,,,,service page,/services/basement-stair-replacement/,,,,no
1,5,head,basement underpinning,head,Commercial,basement-underpinning,Basement Underpinning,Basement,no,,,,,,service page,/services/basement-underpinning/,,,,no
1,5,head,basement underpinning contractor,hiring,Commercial,basement-underpinning,Basement Underpinning,Basement,no,,,,,,service page,/services/basement-underpinning/,,,,no
1,5,head,basement underpinning contractors,hiring,Commercial,basement-underpinning,Basement Underpinning,Basement,no,,,,,,service page,/services/basement-underpinning/,,,,no
1,5,head,basement underpinning near me,near-me,Transactional,basement-underpinning,Basement Underpinning,Basement,no,,,,,,service page,/services/basement-underpinning/,,,,no
1,5,head,basement underpinning toronto,anchor-city,Commercial,basement-underpinning,Basement Underpinning,Basement,no,,,,,,service page,/services/basement-underpinning/,,,,no
1,5,head,basement window replacement,head,Commercial,basement-window-replacement,Basement Window Replacement,Windows,no,,,,,,service page,/services/basement-window-replacement/,,,,no
1,5,head,basement window replacement contractor,hiring,Commercial,basement-window-replacement,Basement Window Replacement,Windows,no,,,,,,service page,/services/basement-window-replacement/,,,,no
1,5,head,basement window replacement contractors,hiring,Commercial,basement-window-replacement,Basement Window Replacement,Windows,no,,,,,,service page,/services/basement-window-replacement/,,,,no
1,5,head,basement window replacement near me,near-me,Transactional,basement-window-replacement,Basement Window Replacement,Windows,no,,,,,,service page,/services/basement-window-replacement/,110,17,7.93,yes
1,5,head,basement window replacement toronto,anchor-city,Commercial,basement-window-replacement,Basement Window Replacement,Windows,no,,,,,,service page,/services/basement-window-replacement/,,,,no
1,5,head,bathroom demolition,head,Commercial,bathroom-demolition,Bathroom Demolition,Demolition & Prep,no,,,,,,service page,/services/bathroom-demolition/,,,,no
1,5,head,bathroom demolition contractor,hiring,Commercial,bathroom-demolition,Bathroom Demolition,Demolition & Prep,no,,,,,,service page,/services/bathroom-demolition/,,,,no
1,5,head,bathroom demolition contractors,hiring,Commercial,bathroom-demolition,Bathroom Demolition,Demolition & Prep,no,,,,,,service page,/services/bathroom-demolition/,,,,no
1,5,head,bathroom demolition near me,near-me,Transactional,bathroom-demolition,Bathroom Demolition,Demolition & Prep,no,,,,,,service page,/services/bathroom-demolition/,70,6,4.34,yes
1,5,head,bathroom demolition toronto,anchor-city,Commercial,bathroom-demolition,Bathroom Demolition,Demolition & Prep,no,,,,,,service page,/services/bathroom-demolition/,,,,no
1,5,head,bathroom exhaust fan installation,head,Commercial,bathroom-exhaust-fan-installation,Bathroom Exhaust Fan Installation,Bathroom,no,,,,,,service page,/services/bathroom-exhaust-fan-installation/,,,,no
1,5,head,bathroom exhaust fan installation contractor,hiring,Commercial,bathroom-exhaust-fan-installation,Bathroom Exhaust Fan Installation,Bathroom,no,,,,,,service page,/services/bathroom-exhaust-fan-installation/,,,,no
1,5,head,bathroom exhaust fan installation contractors,hiring,Commercial,bathroom-exhaust-fan-installation,Bathroom Exhaust Fan Installation,Bathroom,no,,,,,,service page,/services/bathroom-exhaust-fan-installation/,,,,no
1,5,head,bathroom exhaust fan installation near me,near-me,Transactional,bathroom-exhaust-fan-installation,Bathroom Exhaust Fan Installation,Bathroom,no,,,,,,service page,/services/bathroom-exhaust-fan-installation/,,,,no
1,5,head,bathroom exhaust fan installation toronto,anchor-city,Commercial,bathroom-exhaust-fan-installation,Bathroom Exhaust Fan Installation,Bathroom,no,,,,,,service page,/services/bathroom-exhaust-fan-installation/,,,,no
1,5,head,bathroom plumbing installation,head,Commercial,bathroom-plumbing-installation,Bathroom Plumbing Installation,Plumbing,no,,,,,,service page,/services/bathroom-plumbing-installation/,,,,no
1,5,head,bathroom plumbing installation contractor,hiring,Commercial,bathroom-plumbing-installation,Bathroom Plumbing Installation,Plumbing,no,,,,,,service page,/services/bathroom-plumbing-installation/,,,,no
1,5,head,bathroom plumbing installation contractors,hiring,Commercial,bathroom-plumbing-installation,Bathroom Plumbing Installation,Plumbing,no,,,,,,service page,/services/bathroom-plumbing-installation/,,,,no
1,5,head,bathroom plumbing installation near me,near-me,Transactional,bathroom-plumbing-installation,Bathroom Plumbing Installation,Plumbing,no,,,,,,service page,/services/bathroom-plumbing-installation/,,,,no
1,5,head,bathroom plumbing installation toronto,anchor-city,Commercial,bathroom-plumbing-installation,Bathroom Plumbing Installation,Plumbing,no,,,,,,service page,/services/bathroom-plumbing-installation/,,,,no
1,5,head,bathroom tile installation,head,Commercial,bathroom-tile-installation,Bathroom Tile Installation,Bathroom,no,,,,,,service page,/services/bathroom-tile-installation/,,,,no
1,5,head,bathroom tile installation contractor,hiring,Commercial,bathroom-tile-installation,Bathroom Tile Installation,Bathroom,no,,,,,,service page,/services/bathroom-tile-installation/,,,,no
1,5,head,bathroom tile installation contractors,hiring,Commercial,bathroom-tile-installation,Bathroom Tile Installation,Bathroom,no,,,,,,service page,/services/bathroom-tile-installation/,,,,no
1,5,head,bathroom tile installation near me,near-me,Transactional,bathroom-tile-installation,Bathroom Tile Installation,Bathroom,no,,,,,,service page,/services/bathroom-tile-installation/,,,,no
1,5,head,bathroom tile installation toronto,anchor-city,Commercial,bathroom-tile-installation,Bathroom Tile Installation,Bathroom,no,,,,,,service page,/services/bathroom-tile-installation/,,,,no
1,5,head,bathroom vanity installation,head,Commercial,bathroom-vanity-installation,Bathroom Vanity Installation,Bathroom,no,,,,,,service page,/services/bathroom-vanity-installation/,,,,no
1,5,head,bathroom vanity installation contractor,hiring,Commercial,bathroom-vanity-installation,Bathroom Vanity Installation,Bathroom,no,,,,,,service page,/services/bathroom-vanity-installation/,,,,no
1,5,head,bathroom vanity installation contractors,hiring,Commercial,bathroom-vanity-installation,Bathroom Vanity Installation,Bathroom,no,,,,,,service page,/services/bathroom-vanity-installation/,,,,no
1,5,head,bathroom vanity installation near me,near-me,Transactional,bathroom-vanity-installation,Bathroom Vanity Installation,Bathroom,no,,,,,,service page,/services/bathroom-vanity-installation/,,,,no
1,5,head,bathroom vanity installation toronto,anchor-city,Commercial,bathroom-vanity-installation,Bathroom Vanity Installation,Bathroom,no,,,,,,service page,/services/bathroom-vanity-installation/,,,,no
1,5,head,bathroom waterproofing,head,Commercial,bathroom-waterproofing,Bathroom Waterproofing,Bathroom,no,,,,,,service page,/services/bathroom-waterproofing/,,,,no
1,5,head,bathroom waterproofing contractor,hiring,Commercial,bathroom-waterproofing,Bathroom Waterproofing,Bathroom,no,,,,,,service page,/services/bathroom-waterproofing/,,,,no
1,5,head,bathroom waterproofing contractors,hiring,Commercial,bathroom-waterproofing,Bathroom Waterproofing,Bathroom,no,,,,,,service page,/services/bathroom-waterproofing/,,,,no
1,5,head,bathroom waterproofing near me,near-me,Transactional,bathroom-waterproofing,Bathroom Waterproofing,Bathroom,no,,,,,,service page,/services/bathroom-waterproofing/,,,,no
1,5,head,bathroom waterproofing toronto,anchor-city,Commercial,bathroom-waterproofing,Bathroom Waterproofing,Bathroom,no,,,,,,service page,/services/bathroom-waterproofing/,,,,no
1,5,head,bathtub installation,head,Commercial,bathtub-installation,Bathtub Installation,Bathroom,no,,,,,,service page,/services/bathtub-installation/,,,,no
1,5,head,bathtub installation contractor,hiring,Commercial,bathtub-installation,Bathtub Installation,Bathroom,no,,,,,,service page,/services/bathtub-installation/,,,,no
1,5,head,bathtub installation contractors,hiring,Commercial,bathtub-installation,Bathtub Installation,Bathroom,no,,,,,,service page,/services/bathtub-installation/,,,,no
1,5,head,bathtub installation near me,near-me,Transactional,bathtub-installation,Bathtub Installation,Bathroom,no,,,,,,service page,/services/bathtub-installation/,,,,no
1,5,head,bathtub installation toronto,anchor-city,Commercial,bathtub-installation,Bathtub Installation,Bathroom,no,,,,,,service page,/services/bathtub-installation/,,,,no
1,5,head,bathtub to shower conversion,head,Commercial,bathtub-to-shower-conversion,Bathtub to Shower Conversion,Bathroom,no,,,,,,service page,/services/bathtub-to-shower-conversion/,,,,no
1,5,head,bathtub to shower conversion contractor,hiring,Commercial,bathtub-to-shower-conversion,Bathtub to Shower Conversion,Bathroom,no,,,,,,service page,/services/bathtub-to-shower-conversion/,,,,no
1,5,head,bathtub to shower conversion contractors,hiring,Commercial,bathtub-to-shower-conversion,Bathtub to Shower Conversion,Bathroom,no,,,,,,service page,/services/bathtub-to-shower-conversion/,,,,no
1,5,head,bathtub to shower conversion near me,near-me,Transactional,bathtub-to-shower-conversion,Bathtub to Shower Conversion,Bathroom,no,,,,,,service page,/services/bathtub-to-shower-conversion/,,,,no
1,5,head,bathtub to shower conversion toronto,anchor-city,Commercial,bathtub-to-shower-conversion,Bathtub to Shower Conversion,Bathroom,no,,,,,,service page,/services/bathtub-to-shower-conversion/,,,,no
1,5,head,bay window installation,head,Commercial,bay-window-installation,Bay Window Installation,Windows,no,,,,,,service page,/services/bay-window-installation/,,,,no
1,5,head,bay window installation contractor,hiring,Commercial,bay-window-installation,Bay Window Installation,Windows,no,,,,,,service page,/services/bay-window-installation/,,,,no
1,5,head,bay window installation contractors,hiring,Commercial,bay-window-installation,Bay Window Installation,Windows,no,,,,,,service page,/services/bay-window-installation/,,,,no
1,5,head,bay window installation near me,near-me,Transactional,bay-window-installation,Bay Window Installation,Windows,no,,,,,,service page,/services/bay-window-installation/,,,,no
1,5,head,bay window installation toronto,anchor-city,Commercial,bay-window-installation,Bay Window Installation,Windows,no,,,,,,service page,/services/bay-window-installation/,,,,no
1,5,head,bench footing basement,head,Commercial,bench-footing,Bench Footing,Basement,no,,,,,,service page,/services/bench-footing/,,,,no
1,5,head,bench footing basement contractor,hiring,Commercial,bench-footing,Bench Footing,Basement,no,,,,,,service page,/services/bench-footing/,,,,no
1,5,head,bench footing basement contractors,hiring,Commercial,bench-footing,Bench Footing,Basement,no,,,,,,service page,/services/bench-footing/,,,,no
1,5,head,bench footing basement near me,near-me,Transactional,bench-footing,Bench Footing,Basement,no,,,,,,service page,/services/bench-footing/,,,,no
1,5,head,bench footing basement toronto,anchor-city,Commercial,bench-footing,Bench Footing,Basement,no,,,,,,service page,/services/bench-footing/,,,,no
1,5,head,bifold door installation,head,Commercial,bifold-door-installation,Bifold Door Installation,Doors,no,,,,,,service page,/services/bifold-door-installation/,320,29,3.43,yes
1,6,head,bifold door installation contractor,hiring,Commercial,bifold-door-installation,Bifold Door Installation,Doors,no,,,,,,service page,/services/bifold-door-installation/,,,,no
1,6,head,bifold door installation contractors,hiring,Commercial,bifold-door-installation,Bifold Door Installation,Doors,no,,,,,,service page,/services/bifold-door-installation/,,,,no
1,6,head,bifold door installation near me,near-me,Transactional,bifold-door-installation,Bifold Door Installation,Doors,no,,,,,,service page,/services/bifold-door-installation/,,,,no
1,6,head,bifold door installation toronto,anchor-city,Commercial,bifold-door-installation,Bifold Door Installation,Doors,no,,,,,,service page,/services/bifold-door-installation/,,,,no
1,6,head,blown in insulation,head,Commercial,blown-in-insulation,Blown-In Insulation,Insulation & Energy,no,,,,,,service page,/services/blown-in-insulation/,,,,no
1,6,head,blown in insulation contractor,hiring,Commercial,blown-in-insulation,Blown-In Insulation,Insulation & Energy,no,,,,,,service page,/services/blown-in-insulation/,,,,no
1,6,head,blown in insulation contractors,hiring,Commercial,blown-in-insulation,Blown-In Insulation,Insulation & Energy,no,,,,,,service page,/services/blown-in-insulation/,,,,no
1,6,head,blown in insulation near me,near-me,Transactional,blown-in-insulation,Blown-In Insulation,Insulation & Energy,no,,,,,,service page,/services/blown-in-insulation/,,,,no
1,6,head,blown in insulation toronto,anchor-city,Commercial,blown-in-insulation,Blown-In Insulation,Insulation & Energy,no,,,,,,service page,/services/blown-in-insulation/,,,,no
1,6,head,built in bookshelf installation,head,Commercial,bookshelf-installation,Bookshelf Installation,Cabinetry & Storage,no,,,,,,service page,/services/bookshelf-installation/,,,,no
1,6,head,built in bookshelf installation contractor,hiring,Commercial,bookshelf-installation,Bookshelf Installation,Cabinetry & Storage,no,,,,,,service page,/services/bookshelf-installation/,,,,no
1,6,head,built in bookshelf installation contractors,hiring,Commercial,bookshelf-installation,Bookshelf Installation,Cabinetry & Storage,no,,,,,,service page,/services/bookshelf-installation/,,,,no
1,6,head,built in bookshelf installation near me,near-me,Transactional,bookshelf-installation,Bookshelf Installation,Cabinetry & Storage,no,,,,,,service page,/services/bookshelf-installation/,,,,no
1,6,head,built in bookshelf installation toronto,anchor-city,Commercial,bookshelf-installation,Bookshelf Installation,Cabinetry & Storage,no,,,,,,service page,/services/bookshelf-installation/,,,,no
1,6,head,bow window installation,head,Commercial,bow-window-installation,Bow Window Installation,Windows,no,,,,,,service page,/services/bow-window-installation/,,,,no
1,6,head,bow window installation contractor,hiring,Commercial,bow-window-installation,Bow Window Installation,Windows,no,,,,,,service page,/services/bow-window-installation/,,,,no
1,6,head,bow window installation contractors,hiring,Commercial,bow-window-installation,Bow Window Installation,Windows,no,,,,,,service page,/services/bow-window-installation/,,,,no
1,6,head,bow window installation near me,near-me,Transactional,bow-window-installation,Bow Window Installation,Windows,no,,,,,,service page,/services/bow-window-installation/,,,,no
1,6,head,bow window installation toronto,anchor-city,Commercial,bow-window-installation,Bow Window Installation,Windows,no,,,,,,service page,/services/bow-window-installation/,,,,no
1,6,head,brick painting,head,Commercial,brick-painting,Brick Painting,Painting,no,,,,,,service page,/services/brick-painting/,,,,no
1,6,head,brick painting contractor,hiring,Commercial,brick-painting,Brick Painting,Painting,no,,,,,,service page,/services/brick-painting/,,,,no
1,6,head,brick painting contractors,hiring,Commercial,brick-painting,Brick Painting,Painting,no,,,,,,service page,/services/brick-painting/,,,,no
1,6,head,brick painting near me,near-me,Transactional,brick-painting,Brick Painting,Painting,no,,,,,,service page,/services/brick-painting/,,,,no
1,6,head,brick painting toronto,anchor-city,Commercial,brick-painting,Brick Painting,Painting,no,,,,,,service page,/services/brick-painting/,,,,no
1,6,head,brick repair,head,Commercial,brick-repair,Brick Repair,Concrete & Masonry,no,,,,,,service page,/services/brick-repair/,,,,no
1,6,head,brick repair contractor,hiring,Commercial,brick-repair,Brick Repair,Concrete & Masonry,no,,,,,,service page,/services/brick-repair/,,,,no
1,6,head,brick repair contractors,hiring,Commercial,brick-repair,Brick Repair,Concrete & Masonry,no,,,,,,service page,/services/brick-repair/,,,,no
1,6,head,brick repair near me,near-me,Transactional,brick-repair,Brick Repair,Concrete & Masonry,no,,,,,,service page,/services/brick-repair/,,,,no
1,6,head,brick repair toronto,anchor-city,Commercial,brick-repair,Brick Repair,Concrete & Masonry,no,,,,,,service page,/services/brick-repair/,,,,no
1,6,head,brick repointing,head,Commercial,brick-repointing,Brick Repointing,Concrete & Masonry,no,,,,,,service page,/services/brick-repointing/,,,,no
1,6,head,brick repointing contractor,hiring,Commercial,brick-repointing,Brick Repointing,Concrete & Masonry,no,,,,,,service page,/services/brick-repointing/,,,,no
1,6,head,brick repointing contractors,hiring,Commercial,brick-repointing,Brick Repointing,Concrete & Masonry,no,,,,,,service page,/services/brick-repointing/,,,,no
1,6,head,brick repointing near me,near-me,Transactional,brick-repointing,Brick Repointing,Concrete & Masonry,no,,,,,,service page,/services/brick-repointing/,,,,no
1,6,head,brick repointing toronto,anchor-city,Commercial,brick-repointing,Brick Repointing,Concrete & Masonry,no,,,,,,service page,/services/brick-repointing/,,,,no
1,6,head,built in shelving,head,Commercial,built-in-shelving,Built-In Shelving,Cabinetry & Storage,no,,,,,,service page,/services/built-in-shelving/,,,,no
1,6,head,built in shelving contractor,hiring,Commercial,built-in-shelving,Built-In Shelving,Cabinetry & Storage,no,,,,,,service page,/services/built-in-shelving/,,,,no
1,6,head,built in shelving contractors,hiring,Commercial,built-in-shelving,Built-In Shelving,Cabinetry & Storage,no,,,,,,service page,/services/built-in-shelving/,,,,no
1,6,head,built in shelving near me,near-me,Transactional,built-in-shelving,Built-In Shelving,Cabinetry & Storage,no,,,,,,service page,/services/built-in-shelving/,,,,no
1,6,head,built in shelving toronto,anchor-city,Commercial,built-in-shelving,Built-In Shelving,Cabinetry & Storage,no,,,,,,service page,/services/built-in-shelving/,,,,no
1,6,head,butcher block countertop installation,head,Commercial,butcher-block-countertop,Butcher Block Countertop,Kitchen,no,,,,,,service page,/services/butcher-block-countertop/,,,,no
1,6,head,butcher block countertop installation contractor,hiring,Commercial,butcher-block-countertop,Butcher Block Countertop,Kitchen,no,,,,,,service page,/services/butcher-block-countertop/,,,,no
1,6,head,butcher block countertop installation contractors,hiring,Commercial,butcher-block-countertop,Butcher Block Countertop,Kitchen,no,,,,,,service page,/services/butcher-block-countertop/,,,,no
1,6,head,butcher block countertop installation near me,near-me,Transactional,butcher-block-countertop,Butcher Block Countertop,Kitchen,no,,,,,,service page,/services/butcher-block-countertop/,,,,no
1,6,head,butcher block countertop installation toronto,anchor-city,Commercial,butcher-block-countertop,Butcher Block Countertop,Kitchen,no,,,,,,service page,/services/butcher-block-countertop/,,,,no
1,6,head,cabinet painting,head,Commercial,cabinet-painting,Cabinet Painting,Painting,no,,,,,,service page,/services/cabinet-painting/,,,,no
1,6,head,cabinet painting contractor,hiring,Commercial,cabinet-painting,Cabinet Painting,Painting,no,,,,,,service page,/services/cabinet-painting/,,,,no
1,6,head,cabinet painting contractors,hiring,Commercial,cabinet-painting,Cabinet Painting,Painting,no,,,,,,service page,/services/cabinet-painting/,,,,no
1,6,head,cabinet painting near me,near-me,Transactional,cabinet-painting,Cabinet Painting,Painting,no,,,,,,service page,/services/cabinet-painting/,,,,no
1,6,head,cabinet painting toronto,anchor-city,Commercial,cabinet-painting,Cabinet Painting,Painting,no,,,,,,service page,/services/cabinet-painting/,,,,no
1,6,head,carpet installation,head,Commercial,carpet-installation,Carpet Installation,Flooring,no,,,,,,service page,/services/carpet-installation/,,,,no
1,6,head,carpet installation contractor,hiring,Commercial,carpet-installation,Carpet Installation,Flooring,no,,,,,,service page,/services/carpet-installation/,,,,no
1,6,head,carpet installation contractors,hiring,Commercial,carpet-installation,Carpet Installation,Flooring,no,,,,,,service page,/services/carpet-installation/,,,,no
1,6,head,carpet installation near me,near-me,Transactional,carpet-installation,Carpet Installation,Flooring,no,,,,,,service page,/services/carpet-installation/,,,,no
1,6,head,carpet installation toronto,anchor-city,Commercial,carpet-installation,Carpet Installation,Flooring,no,,,,,,service page,/services/carpet-installation/,,,,no
1,6,head,carpet to hardwood stairs,head,Commercial,carpet-to-hardwood-stairs,Carpet to Hardwood Stairs,Stairs & Railings,no,,,,,,service page,/services/carpet-to-hardwood-stairs/,,,,no
1,6,head,carpet to hardwood stairs contractor,hiring,Commercial,carpet-to-hardwood-stairs,Carpet to Hardwood Stairs,Stairs & Railings,no,,,,,,service page,/services/carpet-to-hardwood-stairs/,,,,no
1,6,head,carpet to hardwood stairs contractors,hiring,Commercial,carpet-to-hardwood-stairs,Carpet to Hardwood Stairs,Stairs & Railings,no,,,,,,service page,/services/carpet-to-hardwood-stairs/,,,,no
1,6,head,carpet to hardwood stairs near me,near-me,Transactional,carpet-to-hardwood-stairs,Carpet to Hardwood Stairs,Stairs & Railings,no,,,,,,service page,/services/carpet-to-hardwood-stairs/,,,,no
1,6,head,carpet to hardwood stairs toronto,anchor-city,Commercial,carpet-to-hardwood-stairs,Carpet to Hardwood Stairs,Stairs & Railings,no,,,,,,service page,/services/carpet-to-hardwood-stairs/,,,,no
1,6,head,casement window installation,head,Commercial,casement-window-installation,Casement Window Installation,Windows,no,,,,,,service page,/services/casement-window-installation/,,,,no
1,6,head,casement window installation contractor,hiring,Commercial,casement-window-installation,Casement Window Installation,Windows,no,,,,,,service page,/services/casement-window-installation/,,,,no
1,6,head,casement window installation contractors,hiring,Commercial,casement-window-installation,Casement Window Installation,Windows,no,,,,,,service page,/services/casement-window-installation/,,,,no
1,6,head,casement window installation near me,near-me,Transactional,casement-window-installation,Casement Window Installation,Windows,no,,,,,,service page,/services/casement-window-installation/,,,,no
1,6,head,casement window installation toronto,anchor-city,Commercial,casement-window-installation,Casement Window Installation,Windows,no,,,,,,service page,/services/casement-window-installation/,,,,no
1,6,head,door casing installation,head,Commercial,casing-installation,Casing Installation,Trim & Millwork,no,,,,,,service page,/services/casing-installation/,,,,no
1,6,head,door casing installation contractor,hiring,Commercial,casing-installation,Casing Installation,Trim & Millwork,no,,,,,,service page,/services/casing-installation/,,,,no
1,6,head,door casing installation contractors,hiring,Commercial,casing-installation,Casing Installation,Trim & Millwork,no,,,,,,service page,/services/casing-installation/,,,,no
1,6,head,door casing installation near me,near-me,Transactional,casing-installation,Casing Installation,Trim & Millwork,no,,,,,,service page,/services/casing-installation/,,,,no
1,6,head,door casing installation toronto,anchor-city,Commercial,casing-installation,Casing Installation,Trim & Millwork,no,,,,,,service page,/services/casing-installation/,,,,no
1,6,head,cedar deck building,head,Commercial,cedar-deck-building,Cedar Deck Building,Decks,no,,,,,,service page,/services/cedar-deck-building/,,,,no
1,6,head,cedar deck building contractor,hiring,Commercial,cedar-deck-building,Cedar Deck Building,Decks,no,,,,,,service page,/services/cedar-deck-building/,,,,no
1,6,head,cedar deck building contractors,hiring,Commercial,cedar-deck-building,Cedar Deck Building,Decks,no,,,,,,service page,/services/cedar-deck-building/,,,,no
1,6,head,cedar deck building near me,near-me,Transactional,cedar-deck-building,Cedar Deck Building,Decks,no,,,,,,service page,/services/cedar-deck-building/,,,,no
1,6,head,cedar deck building toronto,anchor-city,Commercial,cedar-deck-building,Cedar Deck Building,Decks,no,,,,,,service page,/services/cedar-deck-building/,,,,no
1,6,head,cedar fence installation,head,Commercial,cedar-fence-installation,Cedar Fence Installation,Fences,no,,,,,,service page,/services/cedar-fence-installation/,,,,no
1,6,head,cedar fence installation contractor,hiring,Commercial,cedar-fence-installation,Cedar Fence Installation,Fences,no,,,,,,service page,/services/cedar-fence-installation/,,,,no
1,6,head,cedar fence installation contractors,hiring,Commercial,cedar-fence-installation,Cedar Fence Installation,Fences,no,,,,,,service page,/services/cedar-fence-installation/,,,,no
1,6,head,cedar fence installation near me,near-me,Transactional,cedar-fence-installation,Cedar Fence Installation,Fences,no,,,,,,service page,/services/cedar-fence-installation/,,,,no
1,6,head,cedar fence installation toronto,anchor-city,Commercial,cedar-fence-installation,Cedar Fence Installation,Fences,no,,,,,,service page,/services/cedar-fence-installation/,,,,no
1,6,head,ceiling fan installation,head,Commercial,ceiling-fan-installation,Ceiling Fan Installation,Electrical,no,,,,,,service page,/services/ceiling-fan-installation/,,,,no
1,6,head,ceiling fan installation contractor,hiring,Commercial,ceiling-fan-installation,Ceiling Fan Installation,Electrical,no,,,,,,service page,/services/ceiling-fan-installation/,,,,no
1,6,head,ceiling fan installation contractors,hiring,Commercial,ceiling-fan-installation,Ceiling Fan Installation,Electrical,no,,,,,,service page,/services/ceiling-fan-installation/,,,,no
1,6,head,ceiling fan installation near me,near-me,Transactional,ceiling-fan-installation,Ceiling Fan Installation,Electrical,no,,,,,,service page,/services/ceiling-fan-installation/,,,,no
1,6,head,ceiling fan installation toronto,anchor-city,Commercial,ceiling-fan-installation,Ceiling Fan Installation,Electrical,no,,,,,,service page,/services/ceiling-fan-installation/,,,,no
1,6,head,ceiling installation,head,Commercial,ceiling-installation,Ceiling Installation,Drywall & Ceilings,no,,,,,,service page,/services/ceiling-installation/,,,,no
1,6,head,ceiling installation contractor,hiring,Commercial,ceiling-installation,Ceiling Installation,Drywall & Ceilings,no,,,,,,service page,/services/ceiling-installation/,,,,no
1,6,head,ceiling installation contractors,hiring,Commercial,ceiling-installation,Ceiling Installation,Drywall & Ceilings,no,,,,,,service page,/services/ceiling-installation/,,,,no
1,6,head,ceiling installation near me,near-me,Transactional,ceiling-installation,Ceiling Installation,Drywall & Ceilings,no,,,,,,service page,/services/ceiling-installation/,,,,no
1,6,head,ceiling installation toronto,anchor-city,Commercial,ceiling-installation,Ceiling Installation,Drywall & Ceilings,no,,,,,,service page,/services/ceiling-installation/,,,,no
1,6,head,ceiling painting,head,Commercial,ceiling-painting,Ceiling Painting,Painting,no,,,,,,service page,/services/ceiling-painting/,,,,no
1,6,head,ceiling painting contractor,hiring,Commercial,ceiling-painting,Ceiling Painting,Painting,no,,,,,,service page,/services/ceiling-painting/,,,,no
1,6,head,ceiling painting contractors,hiring,Commercial,ceiling-painting,Ceiling Painting,Painting,no,,,,,,service page,/services/ceiling-painting/,,,,no
1,6,head,ceiling painting near me,near-me,Transactional,ceiling-painting,Ceiling Painting,Painting,no,,,,,,service page,/services/ceiling-painting/,,,,no
1,6,head,ceiling painting toronto,anchor-city,Commercial,ceiling-painting,Ceiling Painting,Painting,no,,,,,,service page,/services/ceiling-painting/,,,,no
1,6,head,ceiling repair,head,Commercial,ceiling-repair,Ceiling Repair,Drywall & Ceilings,no,,,,,,service page,/services/ceiling-repair/,,,,no
1,6,head,ceiling repair contractor,hiring,Commercial,ceiling-repair,Ceiling Repair,Drywall & Ceilings,no,,,,,,service page,/services/ceiling-repair/,,,,no
1,6,head,ceiling repair contractors,hiring,Commercial,ceiling-repair,Ceiling Repair,Drywall & Ceilings,no,,,,,,service page,/services/ceiling-repair/,,,,no
1,6,head,ceiling repair near me,near-me,Transactional,ceiling-repair,Ceiling Repair,Drywall & Ceilings,no,,,,,,service page,/services/ceiling-repair/,,,,no
1,6,head,ceiling repair toronto,anchor-city,Commercial,ceiling-repair,Ceiling Repair,Drywall & Ceilings,no,,,,,,service page,/services/ceiling-repair/,,,,no
1,6,head,chain link fence installation,head,Commercial,chain-link-fence-installation,Chain Link Fence Installation,Fences,no,,,,,,service page,/services/chain-link-fence-installation/,,,,no
1,7,head,chain link fence installation contractor,hiring,Commercial,chain-link-fence-installation,Chain Link Fence Installation,Fences,no,,,,,,service page,/services/chain-link-fence-installation/,,,,no
1,7,head,chain link fence installation contractors,hiring,Commercial,chain-link-fence-installation,Chain Link Fence Installation,Fences,no,,,,,,service page,/services/chain-link-fence-installation/,,,,no
1,7,head,chain link fence installation near me,near-me,Transactional,chain-link-fence-installation,Chain Link Fence Installation,Fences,no,,,,,,service page,/services/chain-link-fence-installation/,,,,no
1,7,head,chain link fence installation toronto,anchor-city,Commercial,chain-link-fence-installation,Chain Link Fence Installation,Fences,no,,,,,,service page,/services/chain-link-fence-installation/,,,,no
1,7,head,chair rail installation,head,Commercial,chair-rail-installation,Chair Rail Installation,Trim & Millwork,no,,,,,,service page,/services/chair-rail-installation/,,,,no
1,7,head,chair rail installation contractor,hiring,Commercial,chair-rail-installation,Chair Rail Installation,Trim & Millwork,no,,,,,,service page,/services/chair-rail-installation/,,,,no
1,7,head,chair rail installation contractors,hiring,Commercial,chair-rail-installation,Chair Rail Installation,Trim & Millwork,no,,,,,,service page,/services/chair-rail-installation/,,,,no
1,7,head,chair rail installation near me,near-me,Transactional,chair-rail-installation,Chair Rail Installation,Trim & Millwork,no,,,,,,service page,/services/chair-rail-installation/,,,,no
1,7,head,chair rail installation toronto,anchor-city,Commercial,chair-rail-installation,Chair Rail Installation,Trim & Millwork,no,,,,,,service page,/services/chair-rail-installation/,,,,no
1,7,head,chimney repair,head,Commercial,chimney-repair,Chimney Repair,Concrete & Masonry,no,,,,,,service page,/services/chimney-repair/,,,,no
1,7,head,chimney repair contractor,hiring,Commercial,chimney-repair,Chimney Repair,Concrete & Masonry,no,,,,,,service page,/services/chimney-repair/,,,,no
1,7,head,chimney repair contractors,hiring,Commercial,chimney-repair,Chimney Repair,Concrete & Masonry,no,,,,,,service page,/services/chimney-repair/,,,,no
1,7,head,chimney repair near me,near-me,Transactional,chimney-repair,Chimney Repair,Concrete & Masonry,no,,,,,,service page,/services/chimney-repair/,,,,no
1,7,head,chimney repair toronto,anchor-city,Commercial,chimney-repair,Chimney Repair,Concrete & Masonry,no,,,,,,service page,/services/chimney-repair/,,,,no
1,7,head,closet door installation,head,Commercial,closet-door-installation,Closet Door Installation,Doors,no,,,,,,service page,/services/closet-door-installation/,,,,no
1,7,head,closet door installation contractor,hiring,Commercial,closet-door-installation,Closet Door Installation,Doors,no,,,,,,service page,/services/closet-door-installation/,,,,no
1,7,head,closet door installation contractors,hiring,Commercial,closet-door-installation,Closet Door Installation,Doors,no,,,,,,service page,/services/closet-door-installation/,,,,no
1,7,head,closet door installation near me,near-me,Transactional,closet-door-installation,Closet Door Installation,Doors,no,,,,,,service page,/services/closet-door-installation/,,,,no
1,7,head,closet door installation toronto,anchor-city,Commercial,closet-door-installation,Closet Door Installation,Doors,no,,,,,,service page,/services/closet-door-installation/,,,,no
1,7,head,closet organizer installation,head,Commercial,closet-organizer-installation,Closet Organizer Installation,Cabinetry & Storage,no,,,,,,service page,/services/closet-organizer-installation/,,,,no
1,7,head,closet organizer installation contractor,hiring,Commercial,closet-organizer-installation,Closet Organizer Installation,Cabinetry & Storage,no,,,,,,service page,/services/closet-organizer-installation/,,,,no
1,7,head,closet organizer installation contractors,hiring,Commercial,closet-organizer-installation,Closet Organizer Installation,Cabinetry & Storage,no,,,,,,service page,/services/closet-organizer-installation/,,,,no
1,7,head,closet organizer installation near me,near-me,Transactional,closet-organizer-installation,Closet Organizer Installation,Cabinetry & Storage,no,,,,,,service page,/services/closet-organizer-installation/,,,,no
1,7,head,closet organizer installation toronto,anchor-city,Commercial,closet-organizer-installation,Closet Organizer Installation,Cabinetry & Storage,no,,,,,,service page,/services/closet-organizer-installation/,,,,no
1,7,head,closet renovation,head,Commercial,closet-renovation,Closet Renovation,Specialty Rooms,no,,,,,,service page,/services/closet-renovation/,,,,no
1,7,head,closet renovation contractor,hiring,Commercial,closet-renovation,Closet Renovation,Specialty Rooms,no,,,,,,service page,/services/closet-renovation/,,,,no
1,7,head,closet renovation contractors,hiring,Commercial,closet-renovation,Closet Renovation,Specialty Rooms,no,,,,,,service page,/services/closet-renovation/,,,,no
1,7,head,closet renovation near me,near-me,Transactional,closet-renovation,Closet Renovation,Specialty Rooms,no,,,,,,service page,/services/closet-renovation/,,,,no
1,7,head,closet renovation toronto,anchor-city,Commercial,closet-renovation,Closet Renovation,Specialty Rooms,no,,,,,,service page,/services/closet-renovation/,,,,no
1,7,head,coffered ceiling installation,head,Commercial,coffered-ceiling-installation,Coffered Ceiling Installation,Drywall & Ceilings,no,,,,,,service page,/services/coffered-ceiling-installation/,,,,no
1,7,head,coffered ceiling installation contractor,hiring,Commercial,coffered-ceiling-installation,Coffered Ceiling Installation,Drywall & Ceilings,no,,,,,,service page,/services/coffered-ceiling-installation/,,,,no
1,7,head,coffered ceiling installation contractors,hiring,Commercial,coffered-ceiling-installation,Coffered Ceiling Installation,Drywall & Ceilings,no,,,,,,service page,/services/coffered-ceiling-installation/,,,,no
1,7,head,coffered ceiling installation near me,near-me,Transactional,coffered-ceiling-installation,Coffered Ceiling Installation,Drywall & Ceilings,no,,,,,,service page,/services/coffered-ceiling-installation/,,,,no
1,7,head,coffered ceiling installation toronto,anchor-city,Commercial,coffered-ceiling-installation,Coffered Ceiling Installation,Drywall & Ceilings,no,,,,,,service page,/services/coffered-ceiling-installation/,,,,no
1,7,head,composite deck installation,head,Commercial,composite-deck-installation,Composite Deck Installation,Decks,no,,,,,,service page,/services/composite-deck-installation/,,,,no
1,7,head,composite deck installation contractor,hiring,Commercial,composite-deck-installation,Composite Deck Installation,Decks,no,,,,,,service page,/services/composite-deck-installation/,,,,no
1,7,head,composite deck installation contractors,hiring,Commercial,composite-deck-installation,Composite Deck Installation,Decks,no,,,,,,service page,/services/composite-deck-installation/,,,,no
1,7,head,composite deck installation near me,near-me,Transactional,composite-deck-installation,Composite Deck Installation,Decks,no,,,,,,service page,/services/composite-deck-installation/,,,,no
1,7,head,composite deck installation toronto,anchor-city,Commercial,composite-deck-installation,Composite Deck Installation,Decks,no,,,,,,service page,/services/composite-deck-installation/,,,,no
1,7,head,composite fence installation,head,Commercial,composite-fence-installation,Composite Fence Installation,Fences,no,,,,,,service page,/services/composite-fence-installation/,,,,no
1,7,head,composite fence installation contractor,hiring,Commercial,composite-fence-installation,Composite Fence Installation,Fences,no,,,,,,service page,/services/composite-fence-installation/,,,,no
1,7,head,composite fence installation contractors,hiring,Commercial,composite-fence-installation,Composite Fence Installation,Fences,no,,,,,,service page,/services/composite-fence-installation/,,,,no
1,7,head,composite fence installation near me,near-me,Transactional,composite-fence-installation,Composite Fence Installation,Fences,no,,,,,,service page,/services/composite-fence-installation/,,,,no
1,7,head,composite fence installation toronto,anchor-city,Commercial,composite-fence-installation,Composite Fence Installation,Fences,no,,,,,,service page,/services/composite-fence-installation/,,,,no
1,7,head,concrete driveway installation,head,Commercial,concrete-driveway-installation,Concrete Driveway Installation,Concrete & Masonry,no,,,,,,service page,/services/concrete-driveway-installation/,,,,no
1,7,head,concrete driveway installation contractor,hiring,Commercial,concrete-driveway-installation,Concrete Driveway Installation,Concrete & Masonry,no,,,,,,service page,/services/concrete-driveway-installation/,,,,no
1,7,head,concrete driveway installation contractors,hiring,Commercial,concrete-driveway-installation,Concrete Driveway Installation,Concrete & Masonry,no,,,,,,service page,/services/concrete-driveway-installation/,,,,no
1,7,head,concrete driveway installation near me,near-me,Transactional,concrete-driveway-installation,Concrete Driveway Installation,Concrete & Masonry,no,,,,,,service page,/services/concrete-driveway-installation/,,,,no
1,7,head,concrete driveway installation toronto,anchor-city,Commercial,concrete-driveway-installation,Concrete Driveway Installation,Concrete & Masonry,no,,,,,,service page,/services/concrete-driveway-installation/,,,,no
1,7,head,concrete patio installation,head,Commercial,concrete-patio-installation,Concrete Patio Installation,Concrete & Masonry,no,,,,,,service page,/services/concrete-patio-installation/,,,,no
1,7,head,concrete patio installation contractor,hiring,Commercial,concrete-patio-installation,Concrete Patio Installation,Concrete & Masonry,no,,,,,,service page,/services/concrete-patio-installation/,,,,no
1,7,head,concrete patio installation contractors,hiring,Commercial,concrete-patio-installation,Concrete Patio Installation,Concrete & Masonry,no,,,,,,service page,/services/concrete-patio-installation/,,,,no
1,7,head,concrete patio installation near me,near-me,Transactional,concrete-patio-installation,Concrete Patio Installation,Concrete & Masonry,no,,,,,,service page,/services/concrete-patio-installation/,,,,no
1,7,head,concrete patio installation toronto,anchor-city,Commercial,concrete-patio-installation,Concrete Patio Installation,Concrete & Masonry,no,,,,,,service page,/services/concrete-patio-installation/,,,,no
1,7,head,concrete repair,head,Commercial,concrete-repair,Concrete Repair,Concrete & Masonry,no,,,,,,service page,/services/concrete-repair/,,,,no
1,7,head,concrete repair contractor,hiring,Commercial,concrete-repair,Concrete Repair,Concrete & Masonry,no,,,,,,service page,/services/concrete-repair/,,,,no
1,7,head,concrete repair contractors,hiring,Commercial,concrete-repair,Concrete Repair,Concrete & Masonry,no,,,,,,service page,/services/concrete-repair/,,,,no
1,7,head,concrete repair near me,near-me,Transactional,concrete-repair,Concrete Repair,Concrete & Masonry,no,,,,,,service page,/services/concrete-repair/,,,,no
1,7,head,concrete repair toronto,anchor-city,Commercial,concrete-repair,Concrete Repair,Concrete & Masonry,no,,,,,,service page,/services/concrete-repair/,,,,no
1,7,head,concrete steps replacement,head,Commercial,concrete-steps-replacement,Concrete Steps Replacement,Concrete & Masonry,no,,,,,,service page,/services/concrete-steps-replacement/,,,,no
1,7,head,concrete steps replacement contractor,hiring,Commercial,concrete-steps-replacement,Concrete Steps Replacement,Concrete & Masonry,no,,,,,,service page,/services/concrete-steps-replacement/,,,,no
1,7,head,concrete steps replacement contractors,hiring,Commercial,concrete-steps-replacement,Concrete Steps Replacement,Concrete & Masonry,no,,,,,,service page,/services/concrete-steps-replacement/,,,,no
1,7,head,concrete steps replacement near me,near-me,Transactional,concrete-steps-replacement,Concrete Steps Replacement,Concrete & Masonry,no,,,,,,service page,/services/concrete-steps-replacement/,,,,no
1,7,head,concrete steps replacement toronto,anchor-city,Commercial,concrete-steps-replacement,Concrete Steps Replacement,Concrete & Masonry,no,,,,,,service page,/services/concrete-steps-replacement/,,,,no
1,7,head,concrete walkway installation,head,Commercial,concrete-walkway-installation,Concrete Walkway Installation,Concrete & Masonry,no,,,,,,service page,/services/concrete-walkway-installation/,,,,no
1,7,head,concrete walkway installation contractor,hiring,Commercial,concrete-walkway-installation,Concrete Walkway Installation,Concrete & Masonry,no,,,,,,service page,/services/concrete-walkway-installation/,,,,no
1,7,head,concrete walkway installation contractors,hiring,Commercial,concrete-walkway-installation,Concrete Walkway Installation,Concrete & Masonry,no,,,,,,service page,/services/concrete-walkway-installation/,,,,no
1,7,head,concrete walkway installation near me,near-me,Transactional,concrete-walkway-installation,Concrete Walkway Installation,Concrete & Masonry,no,,,,,,service page,/services/concrete-walkway-installation/,,,,no
1,7,head,concrete walkway installation toronto,anchor-city,Commercial,concrete-walkway-installation,Concrete Walkway Installation,Concrete & Masonry,no,,,,,,service page,/services/concrete-walkway-installation/,,,,no
1,7,head,condo kitchen renovation,head,Commercial,condo-kitchen-renovation,Condo Kitchen Renovation,Kitchen,no,,,,,,service page,/services/condo-kitchen-renovation/,260,14,3.70,yes
1,7,head,condo kitchen renovation contractor,hiring,Commercial,condo-kitchen-renovation,Condo Kitchen Renovation,Kitchen,no,,,,,,service page,/services/condo-kitchen-renovation/,,,,no
1,7,head,condo kitchen renovation contractors,hiring,Commercial,condo-kitchen-renovation,Condo Kitchen Renovation,Kitchen,no,,,,,,service page,/services/condo-kitchen-renovation/,,,,no
1,7,head,condo kitchen renovation near me,near-me,Transactional,condo-kitchen-renovation,Condo Kitchen Renovation,Kitchen,no,,,,,,service page,/services/condo-kitchen-renovation/,,,,no
1,7,head,condo kitchen renovation toronto,anchor-city,Commercial,condo-kitchen-renovation,Condo Kitchen Renovation,Kitchen,no,,,,,,service page,/services/condo-kitchen-renovation/,260,18,5.41,yes
1,7,head,condo painting,head,Commercial,condo-painting,Condo Painting,Painting,no,,,,,,service page,/services/condo-painting/,,,,no
1,7,head,condo painting contractor,hiring,Commercial,condo-painting,Condo Painting,Painting,no,,,,,,service page,/services/condo-painting/,,,,no
1,7,head,condo painting contractors,hiring,Commercial,condo-painting,Condo Painting,Painting,no,,,,,,service page,/services/condo-painting/,,,,no
1,7,head,condo painting near me,near-me,Transactional,condo-painting,Condo Painting,Painting,no,,,,,,service page,/services/condo-painting/,,,,no
1,7,head,condo painting toronto,anchor-city,Commercial,condo-painting,Condo Painting,Painting,no,,,,,,service page,/services/condo-painting/,,,,no
1,7,head,crawl space conversion,head,Commercial,crawl-space-conversion,Crawl Space Conversion,Basement,no,,,,,,service page,/services/crawl-space-conversion/,,,,no
1,7,head,crawl space conversion contractor,hiring,Commercial,crawl-space-conversion,Crawl Space Conversion,Basement,no,,,,,,service page,/services/crawl-space-conversion/,,,,no
1,7,head,crawl space conversion contractors,hiring,Commercial,crawl-space-conversion,Crawl Space Conversion,Basement,no,,,,,,service page,/services/crawl-space-conversion/,,,,no
1,7,head,crawl space conversion near me,near-me,Transactional,crawl-space-conversion,Crawl Space Conversion,Basement,no,,,,,,service page,/services/crawl-space-conversion/,,,,no
1,7,head,crawl space conversion toronto,anchor-city,Commercial,crawl-space-conversion,Crawl Space Conversion,Basement,no,,,,,,service page,/services/crawl-space-conversion/,,,,no
1,7,head,crawl space waterproofing,head,Commercial,crawl-space-waterproofing,Crawl Space Waterproofing,Waterproofing,no,,,,,,service page,/services/crawl-space-waterproofing/,,,,no
1,7,head,crawl space waterproofing contractor,hiring,Commercial,crawl-space-waterproofing,Crawl Space Waterproofing,Waterproofing,no,,,,,,service page,/services/crawl-space-waterproofing/,,,,no
1,7,head,crawl space waterproofing contractors,hiring,Commercial,crawl-space-waterproofing,Crawl Space Waterproofing,Waterproofing,no,,,,,,service page,/services/crawl-space-waterproofing/,,,,no
1,7,head,crawl space waterproofing near me,near-me,Transactional,crawl-space-waterproofing,Crawl Space Waterproofing,Waterproofing,no,,,,,,service page,/services/crawl-space-waterproofing/,,,,no
1,7,head,crawl space waterproofing toronto,anchor-city,Commercial,crawl-space-waterproofing,Crawl Space Waterproofing,Waterproofing,no,,,,,,service page,/services/crawl-space-waterproofing/,,,,no
1,7,head,curb appeal renovation,head,Commercial,curb-appeal-renovation,Curb Appeal Renovation,Exterior & Siding,no,,,,,,service page,/services/curb-appeal-renovation/,,,,no
1,7,head,curb appeal renovation contractor,hiring,Commercial,curb-appeal-renovation,Curb Appeal Renovation,Exterior & Siding,no,,,,,,service page,/services/curb-appeal-renovation/,,,,no
1,7,head,curb appeal renovation contractors,hiring,Commercial,curb-appeal-renovation,Curb Appeal Renovation,Exterior & Siding,no,,,,,,service page,/services/curb-appeal-renovation/,,,,no
1,7,head,curb appeal renovation near me,near-me,Transactional,curb-appeal-renovation,Curb Appeal Renovation,Exterior & Siding,no,,,,,,service page,/services/curb-appeal-renovation/,,,,no
1,7,head,curb appeal renovation toronto,anchor-city,Commercial,curb-appeal-renovation,Curb Appeal Renovation,Exterior & Siding,no,,,,,,service page,/services/curb-appeal-renovation/,,,,no
1,7,head,curbless shower installation,head,Commercial,curbless-shower-installation,Curbless Shower Installation,Bathroom,no,,,,,,service page,/services/curbless-shower-installation/,,,,no
1,7,head,curbless shower installation contractor,hiring,Commercial,curbless-shower-installation,Curbless Shower Installation,Bathroom,no,,,,,,service page,/services/curbless-shower-installation/,,,,no
1,7,head,curbless shower installation contractors,hiring,Commercial,curbless-shower-installation,Curbless Shower Installation,Bathroom,no,,,,,,service page,/services/curbless-shower-installation/,,,,no
1,7,head,curbless shower installation near me,near-me,Transactional,curbless-shower-installation,Curbless Shower Installation,Bathroom,no,,,,,,service page,/services/curbless-shower-installation/,,,,no
1,7,head,curbless shower installation toronto,anchor-city,Commercial,curbless-shower-installation,Curbless Shower Installation,Bathroom,no,,,,,,service page,/services/curbless-shower-installation/,,,,no
1,7,head,custom home builder,head,Commercial,custom-home-building,Custom Home Building,Whole Home,no,,,,,,service page,/services/custom-home-building/,,,,no
1,8,head,custom home builder contractor,hiring,Commercial,custom-home-building,Custom Home Building,Whole Home,no,,,,,,service page,/services/custom-home-building/,,,,no
1,8,head,custom home builder contractors,hiring,Commercial,custom-home-building,Custom Home Building,Whole Home,no,,,,,,service page,/services/custom-home-building/,,,,no
1,8,head,custom home builder near me,near-me,Transactional,custom-home-building,Custom Home Building,Whole Home,no,,,,,,service page,/services/custom-home-building/,,,,no
1,8,head,custom home builder toronto,anchor-city,Commercial,custom-home-building,Custom Home Building,Whole Home,no,,,,,,service page,/services/custom-home-building/,,,,no
1,8,head,custom millwork,head,Commercial,custom-millwork,Custom Millwork,Trim & Millwork,no,,,,,,service page,/services/custom-millwork/,,,,no
1,8,head,custom millwork contractor,hiring,Commercial,custom-millwork,Custom Millwork,Trim & Millwork,no,,,,,,service page,/services/custom-millwork/,,,,no
1,8,head,custom millwork contractors,hiring,Commercial,custom-millwork,Custom Millwork,Trim & Millwork,no,,,,,,service page,/services/custom-millwork/,,,,no
1,8,head,custom millwork near me,near-me,Transactional,custom-millwork,Custom Millwork,Trim & Millwork,no,,,,,,service page,/services/custom-millwork/,,,,no
1,8,head,custom millwork toronto,anchor-city,Commercial,custom-millwork,Custom Millwork,Trim & Millwork,no,,,,,,service page,/services/custom-millwork/,,,,no
1,8,head,deck railing installation,head,Commercial,deck-railing-installation,Deck Railing Installation,Decks,no,,,,,,service page,/services/deck-railing-installation/,,,,no
1,8,head,deck railing installation contractor,hiring,Commercial,deck-railing-installation,Deck Railing Installation,Decks,no,,,,,,service page,/services/deck-railing-installation/,,,,no
1,8,head,deck railing installation contractors,hiring,Commercial,deck-railing-installation,Deck Railing Installation,Decks,no,,,,,,service page,/services/deck-railing-installation/,,,,no
1,8,head,deck railing installation near me,near-me,Transactional,deck-railing-installation,Deck Railing Installation,Decks,no,,,,,,service page,/services/deck-railing-installation/,,,,no
1,8,head,deck railing installation toronto,anchor-city,Commercial,deck-railing-installation,Deck Railing Installation,Decks,no,,,,,,service page,/services/deck-railing-installation/,,,,no
1,8,head,deck replacement,head,Commercial,deck-replacement,Deck Replacement,Decks,no,,,,,,service page,/services/deck-replacement/,140,15,3.06,yes
1,8,head,deck replacement contractor,hiring,Commercial,deck-replacement,Deck Replacement,Decks,no,,,,,,service page,/services/deck-replacement/,,,,no
1,8,head,deck replacement contractors,hiring,Commercial,deck-replacement,Deck Replacement,Decks,no,,,,,,service page,/services/deck-replacement/,,,,no
1,8,head,deck replacement near me,near-me,Transactional,deck-replacement,Deck Replacement,Decks,no,,,,,,service page,/services/deck-replacement/,50,13,4.24,yes
1,8,head,deck replacement toronto,anchor-city,Commercial,deck-replacement,Deck Replacement,Decks,no,,,,,,service page,/services/deck-replacement/,,,,no
1,8,head,deck staining,head,Commercial,deck-staining,Deck Staining,Decks,no,,,,,,service page,/services/deck-staining/,,,,no
1,8,head,deck staining contractor,hiring,Commercial,deck-staining,Deck Staining,Decks,no,,,,,,service page,/services/deck-staining/,,,,no
1,8,head,deck staining contractors,hiring,Commercial,deck-staining,Deck Staining,Decks,no,,,,,,service page,/services/deck-staining/,,,,no
1,8,head,deck staining near me,near-me,Transactional,deck-staining,Deck Staining,Decks,no,,,,,,service page,/services/deck-staining/,,,,no
1,8,head,deck staining toronto,anchor-city,Commercial,deck-staining,Deck Staining,Decks,no,,,,,,service page,/services/deck-staining/,,,,no
1,8,head,deck stairs construction,head,Commercial,deck-stairs-construction,Deck Stairs Construction,Decks,no,,,,,,service page,/services/deck-stairs-construction/,,,,no
1,8,head,deck stairs construction contractor,hiring,Commercial,deck-stairs-construction,Deck Stairs Construction,Decks,no,,,,,,service page,/services/deck-stairs-construction/,,,,no
1,8,head,deck stairs construction contractors,hiring,Commercial,deck-stairs-construction,Deck Stairs Construction,Decks,no,,,,,,service page,/services/deck-stairs-construction/,,,,no
1,8,head,deck stairs construction near me,near-me,Transactional,deck-stairs-construction,Deck Stairs Construction,Decks,no,,,,,,service page,/services/deck-stairs-construction/,,,,no
1,8,head,deck stairs construction toronto,anchor-city,Commercial,deck-stairs-construction,Deck Stairs Construction,Decks,no,,,,,,service page,/services/deck-stairs-construction/,,,,no
1,8,head,demolition contractor,head,Commercial,demolition-contractor,Demolition Contractor,Demolition & Prep,no,,,,,,service page,/services/demolition-contractor/,,,,no
1,8,head,demolition contractor near me,near-me,Transactional,demolition-contractor,Demolition Contractor,Demolition & Prep,no,,,,,,service page,/services/demolition-contractor/,,,,no
1,8,head,demolition contractor toronto,anchor-city,Commercial,demolition-contractor,Demolition Contractor,Demolition & Prep,no,,,,,,service page,/services/demolition-contractor/,,,,no
1,8,head,door frame repair,head,Commercial,door-frame-repair,Door Frame Repair,Doors,no,,,,,,service page,/services/door-frame-repair/,,,,no
1,8,head,door frame repair contractor,hiring,Commercial,door-frame-repair,Door Frame Repair,Doors,no,,,,,,service page,/services/door-frame-repair/,,,,no
1,8,head,door frame repair contractors,hiring,Commercial,door-frame-repair,Door Frame Repair,Doors,no,,,,,,service page,/services/door-frame-repair/,,,,no
1,8,head,door frame repair near me,near-me,Transactional,door-frame-repair,Door Frame Repair,Doors,no,,,,,,service page,/services/door-frame-repair/,,,,no
1,8,head,door frame repair toronto,anchor-city,Commercial,door-frame-repair,Door Frame Repair,Doors,no,,,,,,service page,/services/door-frame-repair/,,,,no
1,8,head,door hardware installation,head,Commercial,door-hardware-installation,Door Hardware Installation,Doors,no,,,,,,service page,/services/door-hardware-installation/,,,,no
1,8,head,door hardware installation contractor,hiring,Commercial,door-hardware-installation,Door Hardware Installation,Doors,no,,,,,,service page,/services/door-hardware-installation/,,,,no
1,8,head,door hardware installation contractors,hiring,Commercial,door-hardware-installation,Door Hardware Installation,Doors,no,,,,,,service page,/services/door-hardware-installation/,,,,no
1,8,head,door hardware installation near me,near-me,Transactional,door-hardware-installation,Door Hardware Installation,Doors,no,,,,,,service page,/services/door-hardware-installation/,,,,no
1,8,head,door hardware installation toronto,anchor-city,Commercial,door-hardware-installation,Door Hardware Installation,Doors,no,,,,,,service page,/services/door-hardware-installation/,,,,no
1,8,head,door painting,head,Commercial,door-painting,Door Painting,Painting,no,,,,,,service page,/services/door-painting/,,,,no
1,8,head,door painting contractor,hiring,Commercial,door-painting,Door Painting,Painting,no,,,,,,service page,/services/door-painting/,,,,no
1,8,head,door painting contractors,hiring,Commercial,door-painting,Door Painting,Painting,no,,,,,,service page,/services/door-painting/,,,,no
1,8,head,door painting near me,near-me,Transactional,door-painting,Door Painting,Painting,no,,,,,,service page,/services/door-painting/,,,,no
1,8,head,door painting toronto,anchor-city,Commercial,door-painting,Door Painting,Painting,no,,,,,,service page,/services/door-painting/,,,,no
1,8,head,doorway widening,head,Commercial,doorway-widening,Doorway Widening,Accessibility,no,,,,,,service page,/services/doorway-widening/,,,,no
1,8,head,doorway widening contractor,hiring,Commercial,doorway-widening,Doorway Widening,Accessibility,no,,,,,,service page,/services/doorway-widening/,,,,no
1,8,head,doorway widening contractors,hiring,Commercial,doorway-widening,Doorway Widening,Accessibility,no,,,,,,service page,/services/doorway-widening/,,,,no
1,8,head,doorway widening near me,near-me,Transactional,doorway-widening,Doorway Widening,Accessibility,no,,,,,,service page,/services/doorway-widening/,,,,no
1,8,head,doorway widening toronto,anchor-city,Commercial,doorway-widening,Doorway Widening,Accessibility,no,,,,,,service page,/services/doorway-widening/,,,,no
1,8,head,dormer construction,head,Commercial,dormer-construction,Dormer Construction,Roofing,no,,,,,,service page,/services/dormer-construction/,,,,no
1,8,head,dormer construction contractor,hiring,Commercial,dormer-construction,Dormer Construction,Roofing,no,,,,,,service page,/services/dormer-construction/,,,,no
1,8,head,dormer construction contractors,hiring,Commercial,dormer-construction,Dormer Construction,Roofing,no,,,,,,service page,/services/dormer-construction/,,,,no
1,8,head,dormer construction near me,near-me,Transactional,dormer-construction,Dormer Construction,Roofing,no,,,,,,service page,/services/dormer-construction/,,,,no
1,8,head,dormer construction toronto,anchor-city,Commercial,dormer-construction,Dormer Construction,Roofing,no,,,,,,service page,/services/dormer-construction/,,,,no
1,8,head,drain relocation,head,Commercial,drain-relocation,Drain Relocation,Plumbing,no,,,,,,service page,/services/drain-relocation/,,,,no
1,8,head,drain relocation contractor,hiring,Commercial,drain-relocation,Drain Relocation,Plumbing,no,,,,,,service page,/services/drain-relocation/,,,,no
1,8,head,drain relocation contractors,hiring,Commercial,drain-relocation,Drain Relocation,Plumbing,no,,,,,,service page,/services/drain-relocation/,,,,no
1,8,head,drain relocation near me,near-me,Transactional,drain-relocation,Drain Relocation,Plumbing,no,,,,,,service page,/services/drain-relocation/,,,,no
1,8,head,drain relocation toronto,anchor-city,Commercial,drain-relocation,Drain Relocation,Plumbing,no,,,,,,service page,/services/drain-relocation/,,,,no
1,8,head,drop ceiling installation,head,Commercial,drop-ceiling-installation,Drop Ceiling Installation,Drywall & Ceilings,no,,,,,,service page,/services/drop-ceiling-installation/,,,,no
1,8,head,drop ceiling installation contractor,hiring,Commercial,drop-ceiling-installation,Drop Ceiling Installation,Drywall & Ceilings,no,,,,,,service page,/services/drop-ceiling-installation/,,,,no
1,8,head,drop ceiling installation contractors,hiring,Commercial,drop-ceiling-installation,Drop Ceiling Installation,Drywall & Ceilings,no,,,,,,service page,/services/drop-ceiling-installation/,,,,no
1,8,head,drop ceiling installation near me,near-me,Transactional,drop-ceiling-installation,Drop Ceiling Installation,Drywall & Ceilings,no,,,,,,service page,/services/drop-ceiling-installation/,,,,no
1,8,head,drop ceiling installation toronto,anchor-city,Commercial,drop-ceiling-installation,Drop Ceiling Installation,Drywall & Ceilings,no,,,,,,service page,/services/drop-ceiling-installation/,,,,no
1,8,head,drywall mudding,head,Commercial,drywall-mudding,Drywall Mudding,Drywall & Ceilings,no,,,,,,service page,/services/drywall-mudding/,,,,no
1,8,head,drywall mudding contractor,hiring,Commercial,drywall-mudding,Drywall Mudding,Drywall & Ceilings,no,,,,,,service page,/services/drywall-mudding/,,,,no
1,8,head,drywall mudding contractors,hiring,Commercial,drywall-mudding,Drywall Mudding,Drywall & Ceilings,no,,,,,,service page,/services/drywall-mudding/,,,,no
1,8,head,drywall mudding near me,near-me,Transactional,drywall-mudding,Drywall Mudding,Drywall & Ceilings,no,,,,,,service page,/services/drywall-mudding/,,,,no
1,8,head,drywall mudding toronto,anchor-city,Commercial,drywall-mudding,Drywall Mudding,Drywall & Ceilings,no,,,,,,service page,/services/drywall-mudding/,,,,no
1,8,head,drywall taping,head,Commercial,drywall-taping,Drywall Taping,Drywall & Ceilings,no,,,,,,service page,/services/drywall-taping/,,,,no
1,8,head,drywall taping contractor,hiring,Commercial,drywall-taping,Drywall Taping,Drywall & Ceilings,no,,,,,,service page,/services/drywall-taping/,,,,no
1,8,head,drywall taping contractors,hiring,Commercial,drywall-taping,Drywall Taping,Drywall & Ceilings,no,,,,,,service page,/services/drywall-taping/,,,,no
1,8,head,drywall taping near me,near-me,Transactional,drywall-taping,Drywall Taping,Drywall & Ceilings,no,,,,,,service page,/services/drywall-taping/,,,,no
1,8,head,drywall taping toronto,anchor-city,Commercial,drywall-taping,Drywall Taping,Drywall & Ceilings,no,,,,,,service page,/services/drywall-taping/,,,,no
1,8,head,eavestrough installation,head,Commercial,eavestrough-installation,Eavestrough Installation,Exterior & Siding,no,,,,,,service page,/services/eavestrough-installation/,,,,no
1,8,head,eavestrough installation contractor,hiring,Commercial,eavestrough-installation,Eavestrough Installation,Exterior & Siding,no,,,,,,service page,/services/eavestrough-installation/,,,,no
1,8,head,eavestrough installation contractors,hiring,Commercial,eavestrough-installation,Eavestrough Installation,Exterior & Siding,no,,,,,,service page,/services/eavestrough-installation/,,,,no
1,8,head,eavestrough installation near me,near-me,Transactional,eavestrough-installation,Eavestrough Installation,Exterior & Siding,no,,,,,,service page,/services/eavestrough-installation/,,,,no
1,8,head,eavestrough installation toronto,anchor-city,Commercial,eavestrough-installation,Eavestrough Installation,Exterior & Siding,no,,,,,,service page,/services/eavestrough-installation/,,,,no
1,8,head,egress window installation,head,Commercial,egress-window-installation,Egress Window Installation,Basement,no,,,,,,service page,/services/egress-window-installation/,,,,no
1,8,head,egress window installation contractor,hiring,Commercial,egress-window-installation,Egress Window Installation,Basement,no,,,,,,service page,/services/egress-window-installation/,,,,no
1,8,head,egress window installation contractors,hiring,Commercial,egress-window-installation,Egress Window Installation,Basement,no,,,,,,service page,/services/egress-window-installation/,,,,no
1,8,head,egress window installation near me,near-me,Transactional,egress-window-installation,Egress Window Installation,Basement,no,,,,,,service page,/services/egress-window-installation/,,,,no
1,8,head,egress window installation toronto,anchor-city,Commercial,egress-window-installation,Egress Window Installation,Basement,no,,,,,,service page,/services/egress-window-installation/,,,,no
1,8,head,engineered hardwood installation,head,Commercial,engineered-hardwood-installation,Engineered Hardwood Installation,Flooring,no,,,,,,service page,/services/engineered-hardwood-installation/,,,,no
1,8,head,engineered hardwood installation contractor,hiring,Commercial,engineered-hardwood-installation,Engineered Hardwood Installation,Flooring,no,,,,,,service page,/services/engineered-hardwood-installation/,,,,no
1,8,head,engineered hardwood installation contractors,hiring,Commercial,engineered-hardwood-installation,Engineered Hardwood Installation,Flooring,no,,,,,,service page,/services/engineered-hardwood-installation/,,,,no
1,8,head,engineered hardwood installation near me,near-me,Transactional,engineered-hardwood-installation,Engineered Hardwood Installation,Flooring,no,,,,,,service page,/services/engineered-hardwood-installation/,,,,no
1,8,head,engineered hardwood installation toronto,anchor-city,Commercial,engineered-hardwood-installation,Engineered Hardwood Installation,Flooring,no,,,,,,service page,/services/engineered-hardwood-installation/,,,,no
1,8,head,ensuite renovation,head,Commercial,ensuite-renovation,Ensuite Renovation,Bathroom,no,,,,,,service page,/services/ensuite-renovation/,,,,no
1,8,head,ensuite renovation contractor,hiring,Commercial,ensuite-renovation,Ensuite Renovation,Bathroom,no,,,,,,service page,/services/ensuite-renovation/,,,,no
1,8,head,ensuite renovation contractors,hiring,Commercial,ensuite-renovation,Ensuite Renovation,Bathroom,no,,,,,,service page,/services/ensuite-renovation/,,,,no
1,8,head,ensuite renovation near me,near-me,Transactional,ensuite-renovation,Ensuite Renovation,Bathroom,no,,,,,,service page,/services/ensuite-renovation/,,,,no
1,8,head,ensuite renovation toronto,anchor-city,Commercial,ensuite-renovation,Ensuite Renovation,Bathroom,no,,,,,,service page,/services/ensuite-renovation/,,,,no
1,8,head,built in entertainment unit,head,Commercial,entertainment-unit-installation,Entertainment Unit Installation,Cabinetry & Storage,no,,,,,,service page,/services/entertainment-unit-installation/,,,,no
1,8,head,built in entertainment unit contractor,hiring,Commercial,entertainment-unit-installation,Entertainment Unit Installation,Cabinetry & Storage,no,,,,,,service page,/services/entertainment-unit-installation/,,,,no
1,8,head,built in entertainment unit contractors,hiring,Commercial,entertainment-unit-installation,Entertainment Unit Installation,Cabinetry & Storage,no,,,,,,service page,/services/entertainment-unit-installation/,,,,no
1,9,head,built in entertainment unit near me,near-me,Transactional,entertainment-unit-installation,Entertainment Unit Installation,Cabinetry & Storage,no,,,,,,service page,/services/entertainment-unit-installation/,,,,no
1,9,head,built in entertainment unit toronto,anchor-city,Commercial,entertainment-unit-installation,Entertainment Unit Installation,Cabinetry & Storage,no,,,,,,service page,/services/entertainment-unit-installation/,,,,no
1,9,head,ev charger installation,head,Commercial,ev-charger-installation,EV Charger Installation,Electrical,no,,,,,,service page,/services/ev-charger-installation/,,,,no
1,9,head,ev charger installation contractor,hiring,Commercial,ev-charger-installation,EV Charger Installation,Electrical,no,,,,,,service page,/services/ev-charger-installation/,,,,no
1,9,head,ev charger installation contractors,hiring,Commercial,ev-charger-installation,EV Charger Installation,Electrical,no,,,,,,service page,/services/ev-charger-installation/,,,,no
1,9,head,ev charger installation near me,near-me,Transactional,ev-charger-installation,EV Charger Installation,Electrical,no,,,,,,service page,/services/ev-charger-installation/,,,,no
1,9,head,ev charger installation toronto,anchor-city,Commercial,ev-charger-installation,EV Charger Installation,Electrical,no,,,,,,service page,/services/ev-charger-installation/,,,,no
1,9,head,exterior trim replacement,head,Commercial,exterior-trim-replacement,Exterior Trim Replacement,Exterior & Siding,no,,,,,,service page,/services/exterior-trim-replacement/,,,,no
1,9,head,exterior trim replacement contractor,hiring,Commercial,exterior-trim-replacement,Exterior Trim Replacement,Exterior & Siding,no,,,,,,service page,/services/exterior-trim-replacement/,,,,no
1,9,head,exterior trim replacement contractors,hiring,Commercial,exterior-trim-replacement,Exterior Trim Replacement,Exterior & Siding,no,,,,,,service page,/services/exterior-trim-replacement/,,,,no
1,9,head,exterior trim replacement near me,near-me,Transactional,exterior-trim-replacement,Exterior Trim Replacement,Exterior & Siding,no,,,,,,service page,/services/exterior-trim-replacement/,,,,no
1,9,head,exterior trim replacement toronto,anchor-city,Commercial,exterior-trim-replacement,Exterior Trim Replacement,Exterior & Siding,no,,,,,,service page,/services/exterior-trim-replacement/,,,,no
1,9,head,exterior basement waterproofing,head,Commercial,exterior-waterproofing,Exterior Waterproofing,Waterproofing,no,,,,,,service page,/services/exterior-waterproofing/,,,,no
1,9,head,exterior basement waterproofing contractor,hiring,Commercial,exterior-waterproofing,Exterior Waterproofing,Waterproofing,no,,,,,,service page,/services/exterior-waterproofing/,,,,no
1,9,head,exterior basement waterproofing contractors,hiring,Commercial,exterior-waterproofing,Exterior Waterproofing,Waterproofing,no,,,,,,service page,/services/exterior-waterproofing/,,,,no
1,9,head,exterior basement waterproofing near me,near-me,Transactional,exterior-waterproofing,Exterior Waterproofing,Waterproofing,no,,,,,,service page,/services/exterior-waterproofing/,,,,no
1,9,head,exterior basement waterproofing toronto,anchor-city,Commercial,exterior-waterproofing,Exterior Waterproofing,Waterproofing,no,,,,,,service page,/services/exterior-waterproofing/,,,,no
1,9,head,feature wall installation,head,Commercial,feature-wall-installation,Feature Wall Installation,Cabinetry & Storage,no,,,,,,service page,/services/feature-wall-installation/,,,,no
1,9,head,feature wall installation contractor,hiring,Commercial,feature-wall-installation,Feature Wall Installation,Cabinetry & Storage,no,,,,,,service page,/services/feature-wall-installation/,,,,no
1,9,head,feature wall installation contractors,hiring,Commercial,feature-wall-installation,Feature Wall Installation,Cabinetry & Storage,no,,,,,,service page,/services/feature-wall-installation/,,,,no
1,9,head,feature wall installation near me,near-me,Transactional,feature-wall-installation,Feature Wall Installation,Cabinetry & Storage,no,,,,,,service page,/services/feature-wall-installation/,,,,no
1,9,head,feature wall installation toronto,anchor-city,Commercial,feature-wall-installation,Feature Wall Installation,Cabinetry & Storage,no,,,,,,service page,/services/feature-wall-installation/,,,,no
1,9,head,fence post replacement,head,Commercial,fence-post-replacement,Fence Post Replacement,Fences,no,,,,,,service page,/services/fence-post-replacement/,,,,no
1,9,head,fence post replacement contractor,hiring,Commercial,fence-post-replacement,Fence Post Replacement,Fences,no,,,,,,service page,/services/fence-post-replacement/,,,,no
1,9,head,fence post replacement contractors,hiring,Commercial,fence-post-replacement,Fence Post Replacement,Fences,no,,,,,,service page,/services/fence-post-replacement/,,,,no
1,9,head,fence post replacement near me,near-me,Transactional,fence-post-replacement,Fence Post Replacement,Fences,no,,,,,,service page,/services/fence-post-replacement/,,,,no
1,9,head,fence post replacement toronto,anchor-city,Commercial,fence-post-replacement,Fence Post Replacement,Fences,no,,,,,,service page,/services/fence-post-replacement/,,,,no
1,9,head,fence replacement,head,Commercial,fence-replacement,Fence Replacement,Fences,no,,,,,,service page,/services/fence-replacement/,,,,no
1,9,head,fence replacement contractor,hiring,Commercial,fence-replacement,Fence Replacement,Fences,no,,,,,,service page,/services/fence-replacement/,,,,no
1,9,head,fence replacement contractors,hiring,Commercial,fence-replacement,Fence Replacement,Fences,no,,,,,,service page,/services/fence-replacement/,,,,no
1,9,head,fence replacement near me,near-me,Transactional,fence-replacement,Fence Replacement,Fences,no,,,,,,service page,/services/fence-replacement/,,,,no
1,9,head,fence replacement toronto,anchor-city,Commercial,fence-replacement,Fence Replacement,Fences,no,,,,,,service page,/services/fence-replacement/,,,,no
1,9,head,fence staining,head,Commercial,fence-staining,Fence Staining,Fences,no,,,,,,service page,/services/fence-staining/,,,,no
1,9,head,fence staining contractor,hiring,Commercial,fence-staining,Fence Staining,Fences,no,,,,,,service page,/services/fence-staining/,,,,no
1,9,head,fence staining contractors,hiring,Commercial,fence-staining,Fence Staining,Fences,no,,,,,,service page,/services/fence-staining/,,,,no
1,9,head,fence staining near me,near-me,Transactional,fence-staining,Fence Staining,Fences,no,,,,,,service page,/services/fence-staining/,,,,no
1,9,head,fence staining toronto,anchor-city,Commercial,fence-staining,Fence Staining,Fences,no,,,,,,service page,/services/fence-staining/,,,,no
1,9,head,fibre cement siding installation,head,Commercial,fibre-cement-siding-installation,Fibre Cement Siding Installation,Exterior & Siding,no,,,,,,service page,/services/fibre-cement-siding-installation/,,,,no
1,9,head,fibre cement siding installation contractor,hiring,Commercial,fibre-cement-siding-installation,Fibre Cement Siding Installation,Exterior & Siding,no,,,,,,service page,/services/fibre-cement-siding-installation/,,,,no
1,9,head,fibre cement siding installation contractors,hiring,Commercial,fibre-cement-siding-installation,Fibre Cement Siding Installation,Exterior & Siding,no,,,,,,service page,/services/fibre-cement-siding-installation/,,,,no
1,9,head,fibre cement siding installation near me,near-me,Transactional,fibre-cement-siding-installation,Fibre Cement Siding Installation,Exterior & Siding,no,,,,,,service page,/services/fibre-cement-siding-installation/,,,,no
1,9,head,fibre cement siding installation toronto,anchor-city,Commercial,fibre-cement-siding-installation,Fibre Cement Siding Installation,Exterior & Siding,no,,,,,,service page,/services/fibre-cement-siding-installation/,,,,no
1,9,head,fireplace surround installation,head,Commercial,fireplace-surround-installation,Fireplace Surround Installation,Cabinetry & Storage,no,,,,,,service page,/services/fireplace-surround-installation/,,,,no
1,9,head,fireplace surround installation contractor,hiring,Commercial,fireplace-surround-installation,Fireplace Surround Installation,Cabinetry & Storage,no,,,,,,service page,/services/fireplace-surround-installation/,,,,no
1,9,head,fireplace surround installation contractors,hiring,Commercial,fireplace-surround-installation,Fireplace Surround Installation,Cabinetry & Storage,no,,,,,,service page,/services/fireplace-surround-installation/,,,,no
1,9,head,fireplace surround installation near me,near-me,Transactional,fireplace-surround-installation,Fireplace Surround Installation,Cabinetry & Storage,no,,,,,,service page,/services/fireplace-surround-installation/,,,,no
1,9,head,fireplace surround installation toronto,anchor-city,Commercial,fireplace-surround-installation,Fireplace Surround Installation,Cabinetry & Storage,no,,,,,,service page,/services/fireplace-surround-installation/,,,,no
1,9,head,flat roof installation,head,Commercial,flat-roof-installation,Flat Roof Installation,Roofing,no,,,,,,service page,/services/flat-roof-installation/,,,,no
1,9,head,flat roof installation contractor,hiring,Commercial,flat-roof-installation,Flat Roof Installation,Roofing,no,,,,,,service page,/services/flat-roof-installation/,,,,no
1,9,head,flat roof installation contractors,hiring,Commercial,flat-roof-installation,Flat Roof Installation,Roofing,no,,,,,,service page,/services/flat-roof-installation/,,,,no
1,9,head,flat roof installation near me,near-me,Transactional,flat-roof-installation,Flat Roof Installation,Roofing,no,,,,,,service page,/services/flat-roof-installation/,,,,no
1,9,head,flat roof installation toronto,anchor-city,Commercial,flat-roof-installation,Flat Roof Installation,Roofing,no,,,,,,service page,/services/flat-roof-installation/,,,,no
1,9,head,floating staircase installation,head,Commercial,floating-staircase-installation,Floating Staircase Installation,Stairs & Railings,no,,,,,,service page,/services/floating-staircase-installation/,,,,no
1,9,head,floating staircase installation contractor,hiring,Commercial,floating-staircase-installation,Floating Staircase Installation,Stairs & Railings,no,,,,,,service page,/services/floating-staircase-installation/,,,,no
1,9,head,floating staircase installation contractors,hiring,Commercial,floating-staircase-installation,Floating Staircase Installation,Stairs & Railings,no,,,,,,service page,/services/floating-staircase-installation/,,,,no
1,9,head,floating staircase installation near me,near-me,Transactional,floating-staircase-installation,Floating Staircase Installation,Stairs & Railings,no,,,,,,service page,/services/floating-staircase-installation/,,,,no
1,9,head,floating staircase installation toronto,anchor-city,Commercial,floating-staircase-installation,Floating Staircase Installation,Stairs & Railings,no,,,,,,service page,/services/floating-staircase-installation/,,,,no
1,9,head,floor leveling,head,Commercial,floor-leveling,Floor Leveling,Flooring,no,,,,,,service page,/services/floor-leveling/,,,,no
1,9,head,floor leveling contractor,hiring,Commercial,floor-leveling,Floor Leveling,Flooring,no,,,,,,service page,/services/floor-leveling/,,,,no
1,9,head,floor leveling contractors,hiring,Commercial,floor-leveling,Floor Leveling,Flooring,no,,,,,,service page,/services/floor-leveling/,,,,no
1,9,head,floor leveling near me,near-me,Transactional,floor-leveling,Floor Leveling,Flooring,no,,,,,,service page,/services/floor-leveling/,,,,no
1,9,head,floor leveling toronto,anchor-city,Commercial,floor-leveling,Floor Leveling,Flooring,no,,,,,,service page,/services/floor-leveling/,,,,no
1,9,head,floor repair,head,Commercial,floor-repair,Floor Repair,Flooring,no,,,,,,service page,/services/floor-repair/,,,,no
1,9,head,floor repair contractor,hiring,Commercial,floor-repair,Floor Repair,Flooring,no,,,,,,service page,/services/floor-repair/,,,,no
1,9,head,floor repair contractors,hiring,Commercial,floor-repair,Floor Repair,Flooring,no,,,,,,service page,/services/floor-repair/,,,,no
1,9,head,floor repair near me,near-me,Transactional,floor-repair,Floor Repair,Flooring,no,,,,,,service page,/services/floor-repair/,,,,no
1,9,head,floor repair toronto,anchor-city,Commercial,floor-repair,Floor Repair,Flooring,no,,,,,,service page,/services/floor-repair/,,,,no
1,9,head,floor transition installation,head,Commercial,floor-transition-installation,Floor Transition Installation,Flooring,no,,,,,,service page,/services/floor-transition-installation/,,,,no
1,9,head,floor transition installation contractor,hiring,Commercial,floor-transition-installation,Floor Transition Installation,Flooring,no,,,,,,service page,/services/floor-transition-installation/,,,,no
1,9,head,floor transition installation contractors,hiring,Commercial,floor-transition-installation,Floor Transition Installation,Flooring,no,,,,,,service page,/services/floor-transition-installation/,,,,no
1,9,head,floor transition installation near me,near-me,Transactional,floor-transition-installation,Floor Transition Installation,Flooring,no,,,,,,service page,/services/floor-transition-installation/,,,,no
1,9,head,floor transition installation toronto,anchor-city,Commercial,floor-transition-installation,Floor Transition Installation,Flooring,no,,,,,,service page,/services/floor-transition-installation/,,,,no
1,9,head,foundation crack repair,head,Commercial,foundation-crack-repair,Foundation Crack Repair,Concrete & Masonry,no,,,,,,service page,/services/foundation-crack-repair/,,,,no
1,9,head,foundation crack repair contractor,hiring,Commercial,foundation-crack-repair,Foundation Crack Repair,Concrete & Masonry,no,,,,,,service page,/services/foundation-crack-repair/,,,,no
1,9,head,foundation crack repair contractors,hiring,Commercial,foundation-crack-repair,Foundation Crack Repair,Concrete & Masonry,no,,,,,,service page,/services/foundation-crack-repair/,,,,no
1,9,head,foundation crack repair near me,near-me,Transactional,foundation-crack-repair,Foundation Crack Repair,Concrete & Masonry,no,,,,,,service page,/services/foundation-crack-repair/,,,,no
1,9,head,foundation crack repair toronto,anchor-city,Commercial,foundation-crack-repair,Foundation Crack Repair,Concrete & Masonry,no,,,,,,service page,/services/foundation-crack-repair/,,,,no
1,9,head,french door installation,head,Commercial,french-door-installation,French Door Installation,Doors,no,,,,,,service page,/services/french-door-installation/,,,,no
1,9,head,french door installation contractor,hiring,Commercial,french-door-installation,French Door Installation,Doors,no,,,,,,service page,/services/french-door-installation/,,,,no
1,9,head,french door installation contractors,hiring,Commercial,french-door-installation,French Door Installation,Doors,no,,,,,,service page,/services/french-door-installation/,,,,no
1,9,head,french door installation near me,near-me,Transactional,french-door-installation,French Door Installation,Doors,no,,,,,,service page,/services/french-door-installation/,,,,no
1,9,head,french door installation toronto,anchor-city,Commercial,french-door-installation,French Door Installation,Doors,no,,,,,,service page,/services/french-door-installation/,,,,no
1,9,head,french drain installation,head,Commercial,french-drain-installation,French Drain Installation,Waterproofing,no,,,,,,service page,/services/french-drain-installation/,,,,no
1,9,head,french drain installation contractor,hiring,Commercial,french-drain-installation,French Drain Installation,Waterproofing,no,,,,,,service page,/services/french-drain-installation/,,,,no
1,9,head,french drain installation contractors,hiring,Commercial,french-drain-installation,French Drain Installation,Waterproofing,no,,,,,,service page,/services/french-drain-installation/,,,,no
1,9,head,french drain installation near me,near-me,Transactional,french-drain-installation,French Drain Installation,Waterproofing,no,,,,,,service page,/services/french-drain-installation/,,,,no
1,9,head,french drain installation toronto,anchor-city,Commercial,french-drain-installation,French Drain Installation,Waterproofing,no,,,,,,service page,/services/french-drain-installation/,,,,no
1,9,head,front door installation,head,Commercial,front-door-installation,Front Door Installation,Doors,no,,,,,,service page,/services/front-door-installation/,,,,no
1,9,head,front door installation contractor,hiring,Commercial,front-door-installation,Front Door Installation,Doors,no,,,,,,service page,/services/front-door-installation/,,,,no
1,9,head,front door installation contractors,hiring,Commercial,front-door-installation,Front Door Installation,Doors,no,,,,,,service page,/services/front-door-installation/,,,,no
1,9,head,front door installation near me,near-me,Transactional,front-door-installation,Front Door Installation,Doors,no,,,,,,service page,/services/front-door-installation/,,,,no
1,9,head,front door installation toronto,anchor-city,Commercial,front-door-installation,Front Door Installation,Doors,no,,,,,,service page,/services/front-door-installation/,,,,no
1,9,head,front steps replacement,head,Commercial,front-steps-replacement,Front Steps Replacement,Exterior & Siding,no,,,,,,service page,/services/front-steps-replacement/,,,,no
1,9,head,front steps replacement contractor,hiring,Commercial,front-steps-replacement,Front Steps Replacement,Exterior & Siding,no,,,,,,service page,/services/front-steps-replacement/,,,,no
1,9,head,front steps replacement contractors,hiring,Commercial,front-steps-replacement,Front Steps Replacement,Exterior & Siding,no,,,,,,service page,/services/front-steps-replacement/,,,,no
1,9,head,front steps replacement near me,near-me,Transactional,front-steps-replacement,Front Steps Replacement,Exterior & Siding,no,,,,,,service page,/services/front-steps-replacement/,,,,no
1,9,head,front steps replacement toronto,anchor-city,Commercial,front-steps-replacement,Front Steps Replacement,Exterior & Siding,no,,,,,,service page,/services/front-steps-replacement/,,,,no
1,9,head,galley kitchen renovation,head,Commercial,galley-kitchen-renovation,Galley Kitchen Renovation,Kitchen,no,,,,,,service page,/services/galley-kitchen-renovation/,,,,no
1,9,head,galley kitchen renovation contractor,hiring,Commercial,galley-kitchen-renovation,Galley Kitchen Renovation,Kitchen,no,,,,,,service page,/services/galley-kitchen-renovation/,,,,no
1,9,head,galley kitchen renovation contractors,hiring,Commercial,galley-kitchen-renovation,Galley Kitchen Renovation,Kitchen,no,,,,,,service page,/services/galley-kitchen-renovation/,,,,no
1,10,head,galley kitchen renovation near me,near-me,Transactional,galley-kitchen-renovation,Galley Kitchen Renovation,Kitchen,no,,,,,,service page,/services/galley-kitchen-renovation/,,,,no
1,10,head,galley kitchen renovation toronto,anchor-city,Commercial,galley-kitchen-renovation,Galley Kitchen Renovation,Kitchen,no,,,,,,service page,/services/galley-kitchen-renovation/,,,,no
1,10,head,galvanized pipe replacement,head,Commercial,galvanised-pipe-replacement,Galvanised Pipe Replacement,Plumbing,no,,,,,,service page,/services/galvanised-pipe-replacement/,,,,no
1,10,head,galvanized pipe replacement contractor,hiring,Commercial,galvanised-pipe-replacement,Galvanised Pipe Replacement,Plumbing,no,,,,,,service page,/services/galvanised-pipe-replacement/,,,,no
1,10,head,galvanized pipe replacement contractors,hiring,Commercial,galvanised-pipe-replacement,Galvanised Pipe Replacement,Plumbing,no,,,,,,service page,/services/galvanised-pipe-replacement/,,,,no
1,10,head,galvanized pipe replacement near me,near-me,Transactional,galvanised-pipe-replacement,Galvanised Pipe Replacement,Plumbing,no,,,,,,service page,/services/galvanised-pipe-replacement/,,,,no
1,10,head,galvanized pipe replacement toronto,anchor-city,Commercial,galvanised-pipe-replacement,Galvanised Pipe Replacement,Plumbing,no,,,,,,service page,/services/galvanised-pipe-replacement/,,,,no
1,10,head,garage conversion,head,Commercial,garage-conversion,Garage Conversion,Whole Home,no,,,,,,service page,/services/garage-conversion/,140,19,2.50,yes
1,10,head,garage conversion contractor,hiring,Commercial,garage-conversion,Garage Conversion,Whole Home,no,,,,,,service page,/services/garage-conversion/,210,6,0.00,yes
1,10,head,garage conversion contractors,hiring,Commercial,garage-conversion,Garage Conversion,Whole Home,no,,,,,,service page,/services/garage-conversion/,,,,no
1,10,head,garage conversion near me,near-me,Transactional,garage-conversion,Garage Conversion,Whole Home,no,,,,,,service page,/services/garage-conversion/,,,,no
1,10,head,garage conversion toronto,anchor-city,Commercial,garage-conversion,Garage Conversion,Whole Home,no,,,,,,service page,/services/garage-conversion/,,,,no
1,10,head,garage door installation,head,Commercial,garage-door-installation,Garage Door Installation,Doors,no,,,,,,service page,/services/garage-door-installation/,,,,no
1,10,head,garage door installation contractor,hiring,Commercial,garage-door-installation,Garage Door Installation,Doors,no,,,,,,service page,/services/garage-door-installation/,,,,no
1,10,head,garage door installation contractors,hiring,Commercial,garage-door-installation,Garage Door Installation,Doors,no,,,,,,service page,/services/garage-door-installation/,,,,no
1,10,head,garage door installation near me,near-me,Transactional,garage-door-installation,Garage Door Installation,Doors,no,,,,,,service page,/services/garage-door-installation/,,,,no
1,10,head,garage door installation toronto,anchor-city,Commercial,garage-door-installation,Garage Door Installation,Doors,no,,,,,,service page,/services/garage-door-installation/,,,,no
1,10,head,garage painting,head,Commercial,garage-painting,Garage Painting,Painting,no,,,,,,service page,/services/garage-painting/,,,,no
1,10,head,garage painting contractor,hiring,Commercial,garage-painting,Garage Painting,Painting,no,,,,,,service page,/services/garage-painting/,,,,no
1,10,head,garage painting contractors,hiring,Commercial,garage-painting,Garage Painting,Painting,no,,,,,,service page,/services/garage-painting/,,,,no
1,10,head,garage painting near me,near-me,Transactional,garage-painting,Garage Painting,Painting,no,,,,,,service page,/services/garage-painting/,,,,no
1,10,head,garage painting toronto,anchor-city,Commercial,garage-painting,Garage Painting,Painting,no,,,,,,service page,/services/garage-painting/,,,,no
1,10,head,garage renovation,head,Commercial,garage-renovation,Garage Renovation,Specialty Rooms,no,,,,,,service page,/services/garage-renovation/,,,,no
1,10,head,garage renovation contractor,hiring,Commercial,garage-renovation,Garage Renovation,Specialty Rooms,no,,,,,,service page,/services/garage-renovation/,,,,no
1,10,head,garage renovation contractors,hiring,Commercial,garage-renovation,Garage Renovation,Specialty Rooms,no,,,,,,service page,/services/garage-renovation/,110,5,3.51,yes
1,10,head,garage renovation near me,near-me,Transactional,garage-renovation,Garage Renovation,Specialty Rooms,no,,,,,,service page,/services/garage-renovation/,,,,no
1,10,head,garage renovation toronto,anchor-city,Commercial,garage-renovation,Garage Renovation,Specialty Rooms,no,,,,,,service page,/services/garage-renovation/,,,,no
1,10,head,garage storage installation,head,Commercial,garage-storage-installation,Garage Storage Installation,Cabinetry & Storage,no,,,,,,service page,/services/garage-storage-installation/,,,,no
1,10,head,garage storage installation contractor,hiring,Commercial,garage-storage-installation,Garage Storage Installation,Cabinetry & Storage,no,,,,,,service page,/services/garage-storage-installation/,,,,no
1,10,head,garage storage installation contractors,hiring,Commercial,garage-storage-installation,Garage Storage Installation,Cabinetry & Storage,no,,,,,,service page,/services/garage-storage-installation/,,,,no
1,10,head,garage storage installation near me,near-me,Transactional,garage-storage-installation,Garage Storage Installation,Cabinetry & Storage,no,,,,,,service page,/services/garage-storage-installation/,,,,no
1,10,head,garage storage installation toronto,anchor-city,Commercial,garage-storage-installation,Garage Storage Installation,Cabinetry & Storage,no,,,,,,service page,/services/garage-storage-installation/,,,,no
1,10,head,garden suite construction,head,Commercial,garden-suite-construction,Garden Suite Construction,Whole Home,no,,,,,,service page,/services/garden-suite-construction/,,,,no
1,10,head,garden suite construction contractor,hiring,Commercial,garden-suite-construction,Garden Suite Construction,Whole Home,no,,,,,,service page,/services/garden-suite-construction/,,,,no
1,10,head,garden suite construction contractors,hiring,Commercial,garden-suite-construction,Garden Suite Construction,Whole Home,no,,,,,,service page,/services/garden-suite-construction/,,,,no
1,10,head,garden suite construction near me,near-me,Transactional,garden-suite-construction,Garden Suite Construction,Whole Home,no,,,,,,service page,/services/garden-suite-construction/,,,,no
1,10,head,garden suite construction toronto,anchor-city,Commercial,garden-suite-construction,Garden Suite Construction,Whole Home,no,,,,,,service page,/services/garden-suite-construction/,,,,no
1,10,head,gate installation,head,Commercial,gate-installation,Gate Installation,Fences,no,,,,,,service page,/services/gate-installation/,,,,no
1,10,head,gate installation contractor,hiring,Commercial,gate-installation,Gate Installation,Fences,no,,,,,,service page,/services/gate-installation/,,,,no
1,10,head,gate installation contractors,hiring,Commercial,gate-installation,Gate Installation,Fences,no,,,,,,service page,/services/gate-installation/,,,,no
1,10,head,gate installation near me,near-me,Transactional,gate-installation,Gate Installation,Fences,no,,,,,,service page,/services/gate-installation/,,,,no
1,10,head,gate installation toronto,anchor-city,Commercial,gate-installation,Gate Installation,Fences,no,,,,,,service page,/services/gate-installation/,,,,no
1,10,head,gazebo building,head,Commercial,gazebo-building,Gazebo Building,Decks,no,,,,,,service page,/services/gazebo-building/,,,,no
1,10,head,gazebo building contractor,hiring,Commercial,gazebo-building,Gazebo Building,Decks,no,,,,,,service page,/services/gazebo-building/,,,,no
1,10,head,gazebo building contractors,hiring,Commercial,gazebo-building,Gazebo Building,Decks,no,,,,,,service page,/services/gazebo-building/,,,,no
1,10,head,gazebo building near me,near-me,Transactional,gazebo-building,Gazebo Building,Decks,no,,,,,,service page,/services/gazebo-building/,,,,no
1,10,head,gazebo building toronto,anchor-city,Commercial,gazebo-building,Gazebo Building,Decks,no,,,,,,service page,/services/gazebo-building/,,,,no
1,10,head,glass railing installation,head,Commercial,glass-railing-installation,Glass Railing Installation,Stairs & Railings,no,,,,,,service page,/services/glass-railing-installation/,,,,no
1,10,head,glass railing installation contractor,hiring,Commercial,glass-railing-installation,Glass Railing Installation,Stairs & Railings,no,,,,,,service page,/services/glass-railing-installation/,,,,no
1,10,head,glass railing installation contractors,hiring,Commercial,glass-railing-installation,Glass Railing Installation,Stairs & Railings,no,,,,,,service page,/services/glass-railing-installation/,,,,no
1,10,head,glass railing installation near me,near-me,Transactional,glass-railing-installation,Glass Railing Installation,Stairs & Railings,no,,,,,,service page,/services/glass-railing-installation/,,,,no
1,10,head,glass railing installation toronto,anchor-city,Commercial,glass-railing-installation,Glass Railing Installation,Stairs & Railings,no,,,,,,service page,/services/glass-railing-installation/,,,,no
1,10,head,grab bar installation,head,Commercial,grab-bar-installation,Grab Bar Installation,Accessibility,no,,,,,,service page,/services/grab-bar-installation/,,,,no
1,10,head,grab bar installation contractor,hiring,Commercial,grab-bar-installation,Grab Bar Installation,Accessibility,no,,,,,,service page,/services/grab-bar-installation/,,,,no
1,10,head,grab bar installation contractors,hiring,Commercial,grab-bar-installation,Grab Bar Installation,Accessibility,no,,,,,,service page,/services/grab-bar-installation/,,,,no
1,10,head,grab bar installation near me,near-me,Transactional,grab-bar-installation,Grab Bar Installation,Accessibility,no,,,,,,service page,/services/grab-bar-installation/,,,,no
1,10,head,grab bar installation toronto,anchor-city,Commercial,grab-bar-installation,Grab Bar Installation,Accessibility,no,,,,,,service page,/services/grab-bar-installation/,,,,no
1,10,head,granite countertop installation,head,Commercial,granite-countertop-installation,Granite Countertop Installation,Kitchen,no,,,,,,service page,/services/granite-countertop-installation/,590,27,2.94,yes
1,10,head,granite countertop installation contractor,hiring,Commercial,granite-countertop-installation,Granite Countertop Installation,Kitchen,no,,,,,,service page,/services/granite-countertop-installation/,,,,no
1,10,head,granite countertop installation contractors,hiring,Commercial,granite-countertop-installation,Granite Countertop Installation,Kitchen,no,,,,,,service page,/services/granite-countertop-installation/,,,,no
1,10,head,granite countertop installation near me,near-me,Transactional,granite-countertop-installation,Granite Countertop Installation,Kitchen,no,,,,,,service page,/services/granite-countertop-installation/,,,,no
1,10,head,granite countertop installation toronto,anchor-city,Commercial,granite-countertop-installation,Granite Countertop Installation,Kitchen,no,,,,,,service page,/services/granite-countertop-installation/,,,,no
1,10,head,grout repair,head,Commercial,grout-repair,Grout Repair,Tile,no,,,,,,service page,/services/grout-repair/,,,,no
1,10,head,grout repair contractor,hiring,Commercial,grout-repair,Grout Repair,Tile,no,,,,,,service page,/services/grout-repair/,,,,no
1,10,head,grout repair contractors,hiring,Commercial,grout-repair,Grout Repair,Tile,no,,,,,,service page,/services/grout-repair/,,,,no
1,10,head,grout repair near me,near-me,Transactional,grout-repair,Grout Repair,Tile,no,,,,,,service page,/services/grout-repair/,,,,no
1,10,head,grout repair toronto,anchor-city,Commercial,grout-repair,Grout Repair,Tile,no,,,,,,service page,/services/grout-repair/,,,,no
1,10,head,hardwood floor refinishing,head,Commercial,hardwood-floor-refinishing,Hardwood Floor Refinishing,Flooring,no,,,,,,service page,/services/hardwood-floor-refinishing/,,,,no
1,10,head,hardwood floor refinishing contractor,hiring,Commercial,hardwood-floor-refinishing,Hardwood Floor Refinishing,Flooring,no,,,,,,service page,/services/hardwood-floor-refinishing/,,,,no
1,10,head,hardwood floor refinishing contractors,hiring,Commercial,hardwood-floor-refinishing,Hardwood Floor Refinishing,Flooring,no,,,,,,service page,/services/hardwood-floor-refinishing/,,,,no
1,10,head,hardwood floor refinishing near me,near-me,Transactional,hardwood-floor-refinishing,Hardwood Floor Refinishing,Flooring,no,,,,,,service page,/services/hardwood-floor-refinishing/,,,,no
1,10,head,hardwood floor refinishing toronto,anchor-city,Commercial,hardwood-floor-refinishing,Hardwood Floor Refinishing,Flooring,no,,,,,,service page,/services/hardwood-floor-refinishing/,,,,no
1,10,head,hardwood floor sanding,head,Commercial,hardwood-floor-sanding,Hardwood Floor Sanding,Flooring,no,,,,,,service page,/services/hardwood-floor-sanding/,,,,no
1,10,head,hardwood floor sanding contractor,hiring,Commercial,hardwood-floor-sanding,Hardwood Floor Sanding,Flooring,no,,,,,,service page,/services/hardwood-floor-sanding/,,,,no
1,10,head,hardwood floor sanding contractors,hiring,Commercial,hardwood-floor-sanding,Hardwood Floor Sanding,Flooring,no,,,,,,service page,/services/hardwood-floor-sanding/,,,,no
1,10,head,hardwood floor sanding near me,near-me,Transactional,hardwood-floor-sanding,Hardwood Floor Sanding,Flooring,no,,,,,,service page,/services/hardwood-floor-sanding/,,,,no
1,10,head,hardwood floor sanding toronto,anchor-city,Commercial,hardwood-floor-sanding,Hardwood Floor Sanding,Flooring,no,,,,,,service page,/services/hardwood-floor-sanding/,,,,no
1,10,head,heated floor installation,head,Commercial,heated-floor-installation,Heated Floor Installation,Flooring,no,,,,,,service page,/services/heated-floor-installation/,,,,no
1,10,head,heated floor installation contractor,hiring,Commercial,heated-floor-installation,Heated Floor Installation,Flooring,no,,,,,,service page,/services/heated-floor-installation/,,,,no
1,10,head,heated floor installation contractors,hiring,Commercial,heated-floor-installation,Heated Floor Installation,Flooring,no,,,,,,service page,/services/heated-floor-installation/,,,,no
1,10,head,heated floor installation near me,near-me,Transactional,heated-floor-installation,Heated Floor Installation,Flooring,no,,,,,,service page,/services/heated-floor-installation/,,,,no
1,10,head,heated floor installation toronto,anchor-city,Commercial,heated-floor-installation,Heated Floor Installation,Flooring,no,,,,,,service page,/services/heated-floor-installation/,,,,no
1,10,head,heated tile installation,head,Commercial,heated-tile-installation,Heated Tile Installation,Tile,no,,,,,,service page,/services/heated-tile-installation/,,,,no
1,10,head,heated tile installation contractor,hiring,Commercial,heated-tile-installation,Heated Tile Installation,Tile,no,,,,,,service page,/services/heated-tile-installation/,,,,no
1,10,head,heated tile installation contractors,hiring,Commercial,heated-tile-installation,Heated Tile Installation,Tile,no,,,,,,service page,/services/heated-tile-installation/,,,,no
1,10,head,heated tile installation near me,near-me,Transactional,heated-tile-installation,Heated Tile Installation,Tile,no,,,,,,service page,/services/heated-tile-installation/,,,,no
1,10,head,heated tile installation toronto,anchor-city,Commercial,heated-tile-installation,Heated Tile Installation,Tile,no,,,,,,service page,/services/heated-tile-installation/,,,,no
1,10,head,heritage home renovation,head,Commercial,heritage-home-renovation,Heritage Home Renovation,Whole Home,no,,,,,,service page,/services/heritage-home-renovation/,,,,no
1,10,head,heritage home renovation contractor,hiring,Commercial,heritage-home-renovation,Heritage Home Renovation,Whole Home,no,,,,,,service page,/services/heritage-home-renovation/,,,,no
1,10,head,heritage home renovation contractors,hiring,Commercial,heritage-home-renovation,Heritage Home Renovation,Whole Home,no,,,,,,service page,/services/heritage-home-renovation/,,,,no
1,10,head,heritage home renovation near me,near-me,Transactional,heritage-home-renovation,Heritage Home Renovation,Whole Home,no,,,,,,service page,/services/heritage-home-renovation/,,,,no
1,10,head,heritage home renovation toronto,anchor-city,Commercial,heritage-home-renovation,Heritage Home Renovation,Whole Home,no,,,,,,service page,/services/heritage-home-renovation/,,,,no
1,10,head,home gym construction,head,Commercial,home-gym-construction,Home Gym Construction,Specialty Rooms,no,,,,,,service page,/services/home-gym-construction/,,,,no
1,10,head,home gym construction contractor,hiring,Commercial,home-gym-construction,Home Gym Construction,Specialty Rooms,no,,,,,,service page,/services/home-gym-construction/,,,,no
1,10,head,home gym construction contractors,hiring,Commercial,home-gym-construction,Home Gym Construction,Specialty Rooms,no,,,,,,service page,/services/home-gym-construction/,,,,no
1,10,head,home gym construction near me,near-me,Transactional,home-gym-construction,Home Gym Construction,Specialty Rooms,no,,,,,,service page,/services/home-gym-construction/,,,,no
1,10,head,home gym construction toronto,anchor-city,Commercial,home-gym-construction,Home Gym Construction,Specialty Rooms,no,,,,,,service page,/services/home-gym-construction/,,,,no
1,10,head,home office renovation,head,Commercial,home-office-renovation,Home Office Renovation,Specialty Rooms,no,,,,,,service page,/services/home-office-renovation/,,,,no
1,10,head,home office renovation contractor,hiring,Commercial,home-office-renovation,Home Office Renovation,Specialty Rooms,no,,,,,,service page,/services/home-office-renovation/,,,,no
1,10,head,home office renovation contractors,hiring,Commercial,home-office-renovation,Home Office Renovation,Specialty Rooms,no,,,,,,service page,/services/home-office-renovation/,,,,no
1,11,head,home office renovation near me,near-me,Transactional,home-office-renovation,Home Office Renovation,Specialty Rooms,no,,,,,,service page,/services/home-office-renovation/,,,,no
1,11,head,home office renovation toronto,anchor-city,Commercial,home-office-renovation,Home Office Renovation,Specialty Rooms,no,,,,,,service page,/services/home-office-renovation/,,,,no
1,11,head,home remodeling,head,Commercial,home-remodeling,Home Remodeling,Whole Home,no,,,,,,service page,/services/home-remodeling/,,,,no
1,11,head,home remodeling contractor,hiring,Commercial,home-remodeling,Home Remodeling,Whole Home,no,,,,,,service page,/services/home-remodeling/,,,,no
1,11,head,home remodeling contractors,hiring,Commercial,home-remodeling,Home Remodeling,Whole Home,no,,,,,,service page,/services/home-remodeling/,,,,no
1,11,head,home remodeling near me,near-me,Transactional,home-remodeling,Home Remodeling,Whole Home,no,,,,,,service page,/services/home-remodeling/,,,,no
1,11,head,home remodeling toronto,anchor-city,Commercial,home-remodeling,Home Remodeling,Whole Home,no,,,,,,service page,/services/home-remodeling/,,,,no
1,11,head,home theatre construction,head,Commercial,home-theatre-construction,Home Theatre Construction,Specialty Rooms,no,,,,,,service page,/services/home-theatre-construction/,,,,no
1,11,head,home theatre construction contractor,hiring,Commercial,home-theatre-construction,Home Theatre Construction,Specialty Rooms,no,,,,,,service page,/services/home-theatre-construction/,,,,no
1,11,head,home theatre construction contractors,hiring,Commercial,home-theatre-construction,Home Theatre Construction,Specialty Rooms,no,,,,,,service page,/services/home-theatre-construction/,,,,no
1,11,head,home theatre construction near me,near-me,Transactional,home-theatre-construction,Home Theatre Construction,Specialty Rooms,no,,,,,,service page,/services/home-theatre-construction/,,,,no
1,11,head,home theatre construction toronto,anchor-city,Commercial,home-theatre-construction,Home Theatre Construction,Specialty Rooms,no,,,,,,service page,/services/home-theatre-construction/,,,,no
1,11,head,house rewiring,head,Commercial,house-rewiring,House Rewiring,Electrical,no,,,,,,service page,/services/house-rewiring/,,,,no
1,11,head,house rewiring contractor,hiring,Commercial,house-rewiring,House Rewiring,Electrical,no,,,,,,service page,/services/house-rewiring/,,,,no
1,11,head,house rewiring contractors,hiring,Commercial,house-rewiring,House Rewiring,Electrical,no,,,,,,service page,/services/house-rewiring/,,,,no
1,11,head,house rewiring near me,near-me,Transactional,house-rewiring,House Rewiring,Electrical,no,,,,,,service page,/services/house-rewiring/,,,,no
1,11,head,house rewiring toronto,anchor-city,Commercial,house-rewiring,House Rewiring,Electrical,no,,,,,,service page,/services/house-rewiring/,,,,no
1,11,head,in law suite construction,head,Commercial,in-law-suite-construction,In-Law Suite Construction,Basement,no,,,,,,service page,/services/in-law-suite-construction/,,,,no
1,11,head,in law suite construction contractor,hiring,Commercial,in-law-suite-construction,In-Law Suite Construction,Basement,no,,,,,,service page,/services/in-law-suite-construction/,,,,no
1,11,head,in law suite construction contractors,hiring,Commercial,in-law-suite-construction,In-Law Suite Construction,Basement,no,,,,,,service page,/services/in-law-suite-construction/,,,,no
1,11,head,in law suite construction near me,near-me,Transactional,in-law-suite-construction,In-Law Suite Construction,Basement,no,,,,,,service page,/services/in-law-suite-construction/,,,,no
1,11,head,in law suite construction toronto,anchor-city,Commercial,in-law-suite-construction,In-Law Suite Construction,Basement,no,,,,,,service page,/services/in-law-suite-construction/,,,,no
1,11,head,interior demolition,head,Commercial,interior-demolition,Interior Demolition,Demolition & Prep,no,,,,,,service page,/services/interior-demolition/,,,,no
1,11,head,interior demolition contractor,hiring,Commercial,interior-demolition,Interior Demolition,Demolition & Prep,no,,,,,,service page,/services/interior-demolition/,,,,no
1,11,head,interior demolition contractors,hiring,Commercial,interior-demolition,Interior Demolition,Demolition & Prep,no,,,,,,service page,/services/interior-demolition/,,,,no
1,11,head,interior demolition near me,near-me,Transactional,interior-demolition,Interior Demolition,Demolition & Prep,no,,,,,,service page,/services/interior-demolition/,,,,no
1,11,head,interior demolition toronto,anchor-city,Commercial,interior-demolition,Interior Demolition,Demolition & Prep,no,,,,,,service page,/services/interior-demolition/,,,,no
1,11,head,interior trim replacement,head,Commercial,interior-trim-replacement,Interior Trim Replacement,Trim & Millwork,no,,,,,,service page,/services/interior-trim-replacement/,,,,no
1,11,head,interior trim replacement contractor,hiring,Commercial,interior-trim-replacement,Interior Trim Replacement,Trim & Millwork,no,,,,,,service page,/services/interior-trim-replacement/,,,,no
1,11,head,interior trim replacement contractors,hiring,Commercial,interior-trim-replacement,Interior Trim Replacement,Trim & Millwork,no,,,,,,service page,/services/interior-trim-replacement/,,,,no
1,11,head,interior trim replacement near me,near-me,Transactional,interior-trim-replacement,Interior Trim Replacement,Trim & Millwork,no,,,,,,service page,/services/interior-trim-replacement/,,,,no
1,11,head,interior trim replacement toronto,anchor-city,Commercial,interior-trim-replacement,Interior Trim Replacement,Trim & Millwork,no,,,,,,service page,/services/interior-trim-replacement/,,,,no
1,11,head,interior basement waterproofing,head,Commercial,interior-waterproofing,Interior Waterproofing,Waterproofing,no,,,,,,service page,/services/interior-waterproofing/,,,,no
1,11,head,interior basement waterproofing contractor,hiring,Commercial,interior-waterproofing,Interior Waterproofing,Waterproofing,no,,,,,,service page,/services/interior-waterproofing/,,,,no
1,11,head,interior basement waterproofing contractors,hiring,Commercial,interior-waterproofing,Interior Waterproofing,Waterproofing,no,,,,,,service page,/services/interior-waterproofing/,,,,no
1,11,head,interior basement waterproofing near me,near-me,Transactional,interior-waterproofing,Interior Waterproofing,Waterproofing,no,,,,,,service page,/services/interior-waterproofing/,,,,no
1,11,head,interior basement waterproofing toronto,anchor-city,Commercial,interior-waterproofing,Interior Waterproofing,Waterproofing,no,,,,,,service page,/services/interior-waterproofing/,,,,no
1,11,head,iron railing installation,head,Commercial,iron-railing-installation,Iron Railing Installation,Stairs & Railings,no,,,,,,service page,/services/iron-railing-installation/,,,,no
1,11,head,iron railing installation contractor,hiring,Commercial,iron-railing-installation,Iron Railing Installation,Stairs & Railings,no,,,,,,service page,/services/iron-railing-installation/,,,,no
1,11,head,iron railing installation contractors,hiring,Commercial,iron-railing-installation,Iron Railing Installation,Stairs & Railings,no,,,,,,service page,/services/iron-railing-installation/,,,,no
1,11,head,iron railing installation near me,near-me,Transactional,iron-railing-installation,Iron Railing Installation,Stairs & Railings,no,,,,,,service page,/services/iron-railing-installation/,,,,no
1,11,head,iron railing installation toronto,anchor-city,Commercial,iron-railing-installation,Iron Railing Installation,Stairs & Railings,no,,,,,,service page,/services/iron-railing-installation/,,,,no
1,11,head,kitchen cabinet installation,head,Commercial,kitchen-cabinet-installation,Kitchen Cabinet Installation,Kitchen,no,,,,,,service page,/services/kitchen-cabinet-installation/,,,,no
1,11,head,kitchen cabinet installation contractor,hiring,Commercial,kitchen-cabinet-installation,Kitchen Cabinet Installation,Kitchen,no,,,,,,service page,/services/kitchen-cabinet-installation/,,,,no
1,11,head,kitchen cabinet installation contractors,hiring,Commercial,kitchen-cabinet-installation,Kitchen Cabinet Installation,Kitchen,no,,,,,,service page,/services/kitchen-cabinet-installation/,,,,no
1,11,head,kitchen cabinet installation near me,near-me,Transactional,kitchen-cabinet-installation,Kitchen Cabinet Installation,Kitchen,no,,,,,,service page,/services/kitchen-cabinet-installation/,,,,no
1,11,head,kitchen cabinet installation toronto,anchor-city,Commercial,kitchen-cabinet-installation,Kitchen Cabinet Installation,Kitchen,no,,,,,,service page,/services/kitchen-cabinet-installation/,,,,no
1,11,head,kitchen cabinet painting,head,Commercial,kitchen-cabinet-painting,Kitchen Cabinet Painting,Kitchen,no,,,,,,service page,/services/kitchen-cabinet-painting/,,,,no
1,11,head,kitchen cabinet painting contractor,hiring,Commercial,kitchen-cabinet-painting,Kitchen Cabinet Painting,Kitchen,no,,,,,,service page,/services/kitchen-cabinet-painting/,,,,no
1,11,head,kitchen cabinet painting contractors,hiring,Commercial,kitchen-cabinet-painting,Kitchen Cabinet Painting,Kitchen,no,,,,,,service page,/services/kitchen-cabinet-painting/,,,,no
1,11,head,kitchen cabinet painting near me,near-me,Transactional,kitchen-cabinet-painting,Kitchen Cabinet Painting,Kitchen,no,,,,,,service page,/services/kitchen-cabinet-painting/,,,,no
1,11,head,kitchen cabinet painting toronto,anchor-city,Commercial,kitchen-cabinet-painting,Kitchen Cabinet Painting,Kitchen,no,,,,,,service page,/services/kitchen-cabinet-painting/,,,,no
1,11,head,kitchen cabinet refacing,head,Commercial,kitchen-cabinet-refacing,Kitchen Cabinet Refacing,Kitchen,no,,,,,,service page,/services/kitchen-cabinet-refacing/,,,,no
1,11,head,kitchen cabinet refacing contractor,hiring,Commercial,kitchen-cabinet-refacing,Kitchen Cabinet Refacing,Kitchen,no,,,,,,service page,/services/kitchen-cabinet-refacing/,,,,no
1,11,head,kitchen cabinet refacing contractors,hiring,Commercial,kitchen-cabinet-refacing,Kitchen Cabinet Refacing,Kitchen,no,,,,,,service page,/services/kitchen-cabinet-refacing/,90,24,0.00,yes
1,11,head,kitchen cabinet refacing near me,near-me,Transactional,kitchen-cabinet-refacing,Kitchen Cabinet Refacing,Kitchen,no,,,,,,service page,/services/kitchen-cabinet-refacing/,1000,17,2.65,yes
1,11,head,kitchen cabinet refacing toronto,anchor-city,Commercial,kitchen-cabinet-refacing,Kitchen Cabinet Refacing,Kitchen,no,,,,,,service page,/services/kitchen-cabinet-refacing/,,,,no
1,11,head,kitchen demolition,head,Commercial,kitchen-demolition,Kitchen Demolition,Demolition & Prep,no,,,,,,service page,/services/kitchen-demolition/,,,,no
1,11,head,kitchen demolition contractor,hiring,Commercial,kitchen-demolition,Kitchen Demolition,Demolition & Prep,no,,,,,,service page,/services/kitchen-demolition/,,,,no
1,11,head,kitchen demolition contractors,hiring,Commercial,kitchen-demolition,Kitchen Demolition,Demolition & Prep,no,,,,,,service page,/services/kitchen-demolition/,,,,no
1,11,head,kitchen demolition near me,near-me,Transactional,kitchen-demolition,Kitchen Demolition,Demolition & Prep,no,,,,,,service page,/services/kitchen-demolition/,,,,no
1,11,head,kitchen demolition toronto,anchor-city,Commercial,kitchen-demolition,Kitchen Demolition,Demolition & Prep,no,,,,,,service page,/services/kitchen-demolition/,,,,no
1,11,head,kitchen island installation,head,Commercial,kitchen-island-installation,Kitchen Island Installation,Kitchen,no,,,,,,service page,/services/kitchen-island-installation/,,,,no
1,11,head,kitchen island installation contractor,hiring,Commercial,kitchen-island-installation,Kitchen Island Installation,Kitchen,no,,,,,,service page,/services/kitchen-island-installation/,,,,no
1,11,head,kitchen island installation contractors,hiring,Commercial,kitchen-island-installation,Kitchen Island Installation,Kitchen,no,,,,,,service page,/services/kitchen-island-installation/,,,,no
1,11,head,kitchen island installation near me,near-me,Transactional,kitchen-island-installation,Kitchen Island Installation,Kitchen,no,,,,,,service page,/services/kitchen-island-installation/,,,,no
1,11,head,kitchen island installation toronto,anchor-city,Commercial,kitchen-island-installation,Kitchen Island Installation,Kitchen,no,,,,,,service page,/services/kitchen-island-installation/,,,,no
1,11,head,kitchen plumbing installation,head,Commercial,kitchen-plumbing-installation,Kitchen Plumbing Installation,Plumbing,no,,,,,,service page,/services/kitchen-plumbing-installation/,,,,no
1,11,head,kitchen plumbing installation contractor,hiring,Commercial,kitchen-plumbing-installation,Kitchen Plumbing Installation,Plumbing,no,,,,,,service page,/services/kitchen-plumbing-installation/,,,,no
1,11,head,kitchen plumbing installation contractors,hiring,Commercial,kitchen-plumbing-installation,Kitchen Plumbing Installation,Plumbing,no,,,,,,service page,/services/kitchen-plumbing-installation/,,,,no
1,11,head,kitchen plumbing installation near me,near-me,Transactional,kitchen-plumbing-installation,Kitchen Plumbing Installation,Plumbing,no,,,,,,service page,/services/kitchen-plumbing-installation/,,,,no
1,11,head,kitchen plumbing installation toronto,anchor-city,Commercial,kitchen-plumbing-installation,Kitchen Plumbing Installation,Plumbing,no,,,,,,service page,/services/kitchen-plumbing-installation/,,,,no
1,11,head,kitchen sink installation,head,Commercial,kitchen-sink-installation,Kitchen Sink Installation,Kitchen,no,,,,,,service page,/services/kitchen-sink-installation/,,,,no
1,11,head,kitchen sink installation contractor,hiring,Commercial,kitchen-sink-installation,Kitchen Sink Installation,Kitchen,no,,,,,,service page,/services/kitchen-sink-installation/,,,,no
1,11,head,kitchen sink installation contractors,hiring,Commercial,kitchen-sink-installation,Kitchen Sink Installation,Kitchen,no,,,,,,service page,/services/kitchen-sink-installation/,,,,no
1,11,head,kitchen sink installation near me,near-me,Transactional,kitchen-sink-installation,Kitchen Sink Installation,Kitchen,no,,,,,,service page,/services/kitchen-sink-installation/,,,,no
1,11,head,kitchen sink installation toronto,anchor-city,Commercial,kitchen-sink-installation,Kitchen Sink Installation,Kitchen,no,,,,,,service page,/services/kitchen-sink-installation/,,,,no
1,11,head,kitchen tile installation,head,Commercial,kitchen-tile-installation,Kitchen Tile Installation,Tile,no,,,,,,service page,/services/kitchen-tile-installation/,,,,no
1,11,head,kitchen tile installation contractor,hiring,Commercial,kitchen-tile-installation,Kitchen Tile Installation,Tile,no,,,,,,service page,/services/kitchen-tile-installation/,,,,no
1,11,head,kitchen tile installation contractors,hiring,Commercial,kitchen-tile-installation,Kitchen Tile Installation,Tile,no,,,,,,service page,/services/kitchen-tile-installation/,,,,no
1,11,head,kitchen tile installation near me,near-me,Transactional,kitchen-tile-installation,Kitchen Tile Installation,Tile,no,,,,,,service page,/services/kitchen-tile-installation/,,,,no
1,11,head,kitchen tile installation toronto,anchor-city,Commercial,kitchen-tile-installation,Kitchen Tile Installation,Tile,no,,,,,,service page,/services/kitchen-tile-installation/,,,,no
1,11,head,knob and tube removal,head,Commercial,knob-and-tube-removal,Knob and Tube Removal,Electrical,no,,,,,,service page,/services/knob-and-tube-removal/,,,,no
1,11,head,knob and tube removal contractor,hiring,Commercial,knob-and-tube-removal,Knob and Tube Removal,Electrical,no,,,,,,service page,/services/knob-and-tube-removal/,,,,no
1,11,head,knob and tube removal contractors,hiring,Commercial,knob-and-tube-removal,Knob and Tube Removal,Electrical,no,,,,,,service page,/services/knob-and-tube-removal/,,,,no
1,11,head,knob and tube removal near me,near-me,Transactional,knob-and-tube-removal,Knob and Tube Removal,Electrical,no,,,,,,service page,/services/knob-and-tube-removal/,,,,no
1,11,head,knob and tube removal toronto,anchor-city,Commercial,knob-and-tube-removal,Knob and Tube Removal,Electrical,no,,,,,,service page,/services/knob-and-tube-removal/,,,,no
1,11,head,laneway house construction,head,Commercial,laneway-house-construction,Laneway House Construction,Whole Home,no,,,,,,service page,/services/laneway-house-construction/,,,,no
1,11,head,laneway house construction contractor,hiring,Commercial,laneway-house-construction,Laneway House Construction,Whole Home,no,,,,,,service page,/services/laneway-house-construction/,,,,no
1,11,head,laneway house construction contractors,hiring,Commercial,laneway-house-construction,Laneway House Construction,Whole Home,no,,,,,,service page,/services/laneway-house-construction/,,,,no
1,11,head,laneway house construction near me,near-me,Transactional,laneway-house-construction,Laneway House Construction,Whole Home,no,,,,,,service page,/services/laneway-house-construction/,,,,no
1,11,head,laneway house construction toronto,anchor-city,Commercial,laneway-house-construction,Laneway House Construction,Whole Home,no,,,,,,service page,/services/laneway-house-construction/,,,,no
1,11,head,large format tile installation,head,Commercial,large-format-tile-installation,Large Format Tile Installation,Tile,no,,,,,,service page,/services/large-format-tile-installation/,,,,no
1,11,head,large format tile installation contractor,hiring,Commercial,large-format-tile-installation,Large Format Tile Installation,Tile,no,,,,,,service page,/services/large-format-tile-installation/,,,,no
1,11,head,large format tile installation contractors,hiring,Commercial,large-format-tile-installation,Large Format Tile Installation,Tile,no,,,,,,service page,/services/large-format-tile-installation/,,,,no
1,11,head,large format tile installation near me,near-me,Transactional,large-format-tile-installation,Large Format Tile Installation,Tile,no,,,,,,service page,/services/large-format-tile-installation/,,,,no
1,11,head,large format tile installation toronto,anchor-city,Commercial,large-format-tile-installation,Large Format Tile Installation,Tile,no,,,,,,service page,/services/large-format-tile-installation/,,,,no
1,11,head,laundry hookup installation,head,Commercial,laundry-hookup-installation,Laundry Hookup Installation,Plumbing,no,,,,,,service page,/services/laundry-hookup-installation/,,,,no
1,11,head,laundry hookup installation contractor,hiring,Commercial,laundry-hookup-installation,Laundry Hookup Installation,Plumbing,no,,,,,,service page,/services/laundry-hookup-installation/,,,,no
1,11,head,laundry hookup installation contractors,hiring,Commercial,laundry-hookup-installation,Laundry Hookup Installation,Plumbing,no,,,,,,service page,/services/laundry-hookup-installation/,,,,no
1,12,head,laundry hookup installation near me,near-me,Transactional,laundry-hookup-installation,Laundry Hookup Installation,Plumbing,no,,,,,,service page,/services/laundry-hookup-installation/,,,,no
1,12,head,laundry hookup installation toronto,anchor-city,Commercial,laundry-hookup-installation,Laundry Hookup Installation,Plumbing,no,,,,,,service page,/services/laundry-hookup-installation/,,,,no
1,12,head,laundry room renovation,head,Commercial,laundry-room-renovation,Laundry Room Renovation,Specialty Rooms,no,,,,,,service page,/services/laundry-room-renovation/,,,,no
1,12,head,laundry room renovation contractor,hiring,Commercial,laundry-room-renovation,Laundry Room Renovation,Specialty Rooms,no,,,,,,service page,/services/laundry-room-renovation/,,,,no
1,12,head,laundry room renovation contractors,hiring,Commercial,laundry-room-renovation,Laundry Room Renovation,Specialty Rooms,no,,,,,,service page,/services/laundry-room-renovation/,140,5,2.19,yes
1,12,head,laundry room renovation near me,near-me,Transactional,laundry-room-renovation,Laundry Room Renovation,Specialty Rooms,no,,,,,,service page,/services/laundry-room-renovation/,,,,no
1,12,head,laundry room renovation toronto,anchor-city,Commercial,laundry-room-renovation,Laundry Room Renovation,Specialty Rooms,no,,,,,,service page,/services/laundry-room-renovation/,,,,no
1,12,head,light fixture installation,head,Commercial,light-fixture-installation,Light Fixture Installation,Electrical,no,,,,,,service page,/services/light-fixture-installation/,,,,no
1,12,head,light fixture installation contractor,hiring,Commercial,light-fixture-installation,Light Fixture Installation,Electrical,no,,,,,,service page,/services/light-fixture-installation/,,,,no
1,12,head,light fixture installation contractors,hiring,Commercial,light-fixture-installation,Light Fixture Installation,Electrical,no,,,,,,service page,/services/light-fixture-installation/,,,,no
1,12,head,light fixture installation near me,near-me,Transactional,light-fixture-installation,Light Fixture Installation,Electrical,no,,,,,,service page,/services/light-fixture-installation/,70,7,4.21,yes
1,12,head,light fixture installation toronto,anchor-city,Commercial,light-fixture-installation,Light Fixture Installation,Electrical,no,,,,,,service page,/services/light-fixture-installation/,,,,no
1,12,head,load bearing wall removal,head,Commercial,load-bearing-wall-removal,Load Bearing Wall Removal,Whole Home,no,,,,,,service page,/services/load-bearing-wall-removal/,,,,no
1,12,head,load bearing wall removal contractor,hiring,Commercial,load-bearing-wall-removal,Load Bearing Wall Removal,Whole Home,no,,,,,,service page,/services/load-bearing-wall-removal/,,,,no
1,12,head,load bearing wall removal contractors,hiring,Commercial,load-bearing-wall-removal,Load Bearing Wall Removal,Whole Home,no,,,,,,service page,/services/load-bearing-wall-removal/,,,,no
1,12,head,load bearing wall removal near me,near-me,Transactional,load-bearing-wall-removal,Load Bearing Wall Removal,Whole Home,no,,,,,,service page,/services/load-bearing-wall-removal/,,,,no
1,12,head,load bearing wall removal toronto,anchor-city,Commercial,load-bearing-wall-removal,Load Bearing Wall Removal,Whole Home,no,,,,,,service page,/services/load-bearing-wall-removal/,,,,no
1,12,head,marble tile installation,head,Commercial,marble-tile-installation,Marble Tile Installation,Tile,no,,,,,,service page,/services/marble-tile-installation/,,,,no
1,12,head,marble tile installation contractor,hiring,Commercial,marble-tile-installation,Marble Tile Installation,Tile,no,,,,,,service page,/services/marble-tile-installation/,,,,no
1,12,head,marble tile installation contractors,hiring,Commercial,marble-tile-installation,Marble Tile Installation,Tile,no,,,,,,service page,/services/marble-tile-installation/,,,,no
1,12,head,marble tile installation near me,near-me,Transactional,marble-tile-installation,Marble Tile Installation,Tile,no,,,,,,service page,/services/marble-tile-installation/,,,,no
1,12,head,marble tile installation toronto,anchor-city,Commercial,marble-tile-installation,Marble Tile Installation,Tile,no,,,,,,service page,/services/marble-tile-installation/,,,,no
1,12,head,masonry contractor,head,Commercial,masonry-contractor,Masonry Contractor,Concrete & Masonry,no,,,,,,service page,/services/masonry-contractor/,,,,no
1,12,head,masonry contractor near me,near-me,Transactional,masonry-contractor,Masonry Contractor,Concrete & Masonry,no,,,,,,service page,/services/masonry-contractor/,,,,no
1,12,head,masonry contractor toronto,anchor-city,Commercial,masonry-contractor,Masonry Contractor,Concrete & Masonry,no,,,,,,service page,/services/masonry-contractor/,,,,no
1,12,head,metal roof installation,head,Commercial,metal-roof-installation,Metal Roof Installation,Roofing,no,,,,,,service page,/services/metal-roof-installation/,,,,no
1,12,head,metal roof installation contractor,hiring,Commercial,metal-roof-installation,Metal Roof Installation,Roofing,no,,,,,,service page,/services/metal-roof-installation/,,,,no
1,12,head,metal roof installation contractors,hiring,Commercial,metal-roof-installation,Metal Roof Installation,Roofing,no,,,,,,service page,/services/metal-roof-installation/,,,,no
1,12,head,metal roof installation near me,near-me,Transactional,metal-roof-installation,Metal Roof Installation,Roofing,no,,,,,,service page,/services/metal-roof-installation/,,,,no
1,12,head,metal roof installation toronto,anchor-city,Commercial,metal-roof-installation,Metal Roof Installation,Roofing,no,,,,,,service page,/services/metal-roof-installation/,,,,no
1,12,head,mosaic tile installation,head,Commercial,mosaic-tile-installation,Mosaic Tile Installation,Tile,no,,,,,,service page,/services/mosaic-tile-installation/,,,,no
1,12,head,mosaic tile installation contractor,hiring,Commercial,mosaic-tile-installation,Mosaic Tile Installation,Tile,no,,,,,,service page,/services/mosaic-tile-installation/,,,,no
1,12,head,mosaic tile installation contractors,hiring,Commercial,mosaic-tile-installation,Mosaic Tile Installation,Tile,no,,,,,,service page,/services/mosaic-tile-installation/,,,,no
1,12,head,mosaic tile installation near me,near-me,Transactional,mosaic-tile-installation,Mosaic Tile Installation,Tile,no,,,,,,service page,/services/mosaic-tile-installation/,,,,no
1,12,head,mosaic tile installation toronto,anchor-city,Commercial,mosaic-tile-installation,Mosaic Tile Installation,Tile,no,,,,,,service page,/services/mosaic-tile-installation/,,,,no
1,12,head,mould remediation,head,Commercial,mould-remediation,Mould Remediation,Waterproofing,no,,,,,,service page,/services/mould-remediation/,,,,no
1,12,head,mould remediation contractor,hiring,Commercial,mould-remediation,Mould Remediation,Waterproofing,no,,,,,,service page,/services/mould-remediation/,,,,no
1,12,head,mould remediation contractors,hiring,Commercial,mould-remediation,Mould Remediation,Waterproofing,no,,,,,,service page,/services/mould-remediation/,,,,no
1,12,head,mould remediation near me,near-me,Transactional,mould-remediation,Mould Remediation,Waterproofing,no,,,,,,service page,/services/mould-remediation/,,,,no
1,12,head,mould remediation toronto,anchor-city,Commercial,mould-remediation,Mould Remediation,Waterproofing,no,,,,,,service page,/services/mould-remediation/,,,,no
1,12,head,mudroom built in cabinets,head,Commercial,mudroom-built-ins,Mudroom Built-Ins,Cabinetry & Storage,no,,,,,,service page,/services/mudroom-built-ins/,,,,no
1,12,head,mudroom built in cabinets contractor,hiring,Commercial,mudroom-built-ins,Mudroom Built-Ins,Cabinetry & Storage,no,,,,,,service page,/services/mudroom-built-ins/,,,,no
1,12,head,mudroom built in cabinets contractors,hiring,Commercial,mudroom-built-ins,Mudroom Built-Ins,Cabinetry & Storage,no,,,,,,service page,/services/mudroom-built-ins/,,,,no
1,12,head,mudroom built in cabinets near me,near-me,Transactional,mudroom-built-ins,Mudroom Built-Ins,Cabinetry & Storage,no,,,,,,service page,/services/mudroom-built-ins/,,,,no
1,12,head,mudroom built in cabinets toronto,anchor-city,Commercial,mudroom-built-ins,Mudroom Built-Ins,Cabinetry & Storage,no,,,,,,service page,/services/mudroom-built-ins/,,,,no
1,12,head,mudroom renovation,head,Commercial,mudroom-renovation,Mudroom Renovation,Specialty Rooms,no,,,,,,service page,/services/mudroom-renovation/,,,,no
1,12,head,mudroom renovation contractor,hiring,Commercial,mudroom-renovation,Mudroom Renovation,Specialty Rooms,no,,,,,,service page,/services/mudroom-renovation/,,,,no
1,12,head,mudroom renovation contractors,hiring,Commercial,mudroom-renovation,Mudroom Renovation,Specialty Rooms,no,,,,,,service page,/services/mudroom-renovation/,,,,no
1,12,head,mudroom renovation near me,near-me,Transactional,mudroom-renovation,Mudroom Renovation,Specialty Rooms,no,,,,,,service page,/services/mudroom-renovation/,,,,no
1,12,head,mudroom renovation toronto,anchor-city,Commercial,mudroom-renovation,Mudroom Renovation,Specialty Rooms,no,,,,,,service page,/services/mudroom-renovation/,,,,no
1,12,head,multi level deck building,head,Commercial,multi-level-deck-building,Multi-Level Deck Building,Decks,no,,,,,,service page,/services/multi-level-deck-building/,,,,no
1,12,head,multi level deck building contractor,hiring,Commercial,multi-level-deck-building,Multi-Level Deck Building,Decks,no,,,,,,service page,/services/multi-level-deck-building/,,,,no
1,12,head,multi level deck building contractors,hiring,Commercial,multi-level-deck-building,Multi-Level Deck Building,Decks,no,,,,,,service page,/services/multi-level-deck-building/,,,,no
1,12,head,multi level deck building near me,near-me,Transactional,multi-level-deck-building,Multi-Level Deck Building,Decks,no,,,,,,service page,/services/multi-level-deck-building/,,,,no
1,12,head,multi level deck building toronto,anchor-city,Commercial,multi-level-deck-building,Multi-Level Deck Building,Decks,no,,,,,,service page,/services/multi-level-deck-building/,,,,no
1,12,head,nursery renovation,head,Commercial,nursery-renovation,Nursery Renovation,Specialty Rooms,no,,,,,,service page,/services/nursery-renovation/,,,,no
1,12,head,nursery renovation contractor,hiring,Commercial,nursery-renovation,Nursery Renovation,Specialty Rooms,no,,,,,,service page,/services/nursery-renovation/,,,,no
1,12,head,nursery renovation contractors,hiring,Commercial,nursery-renovation,Nursery Renovation,Specialty Rooms,no,,,,,,service page,/services/nursery-renovation/,,,,no
1,12,head,nursery renovation near me,near-me,Transactional,nursery-renovation,Nursery Renovation,Specialty Rooms,no,,,,,,service page,/services/nursery-renovation/,,,,no
1,12,head,nursery renovation toronto,anchor-city,Commercial,nursery-renovation,Nursery Renovation,Specialty Rooms,no,,,,,,service page,/services/nursery-renovation/,,,,no
1,12,head,open concept renovation,head,Commercial,open-concept-renovation,Open Concept Renovation,Whole Home,no,,,,,,service page,/services/open-concept-renovation/,90,14,0.00,yes
1,12,head,open concept renovation contractor,hiring,Commercial,open-concept-renovation,Open Concept Renovation,Whole Home,no,,,,,,service page,/services/open-concept-renovation/,,,,no
1,12,head,open concept renovation contractors,hiring,Commercial,open-concept-renovation,Open Concept Renovation,Whole Home,no,,,,,,service page,/services/open-concept-renovation/,,,,no
1,12,head,open concept renovation near me,near-me,Transactional,open-concept-renovation,Open Concept Renovation,Whole Home,no,,,,,,service page,/services/open-concept-renovation/,,,,no
1,12,head,open concept renovation toronto,anchor-city,Commercial,open-concept-renovation,Open Concept Renovation,Whole Home,no,,,,,,service page,/services/open-concept-renovation/,,,,no
1,12,head,outlet installation,head,Commercial,outlet-installation,Outlet Installation,Electrical,no,,,,,,service page,/services/outlet-installation/,,,,no
1,12,head,outlet installation contractor,hiring,Commercial,outlet-installation,Outlet Installation,Electrical,no,,,,,,service page,/services/outlet-installation/,,,,no
1,12,head,outlet installation contractors,hiring,Commercial,outlet-installation,Outlet Installation,Electrical,no,,,,,,service page,/services/outlet-installation/,,,,no
1,12,head,outlet installation near me,near-me,Transactional,outlet-installation,Outlet Installation,Electrical,no,,,,,,service page,/services/outlet-installation/,,,,no
1,12,head,outlet installation toronto,anchor-city,Commercial,outlet-installation,Outlet Installation,Electrical,no,,,,,,service page,/services/outlet-installation/,,,,no
1,12,head,panel moulding installation,head,Commercial,panel-moulding-installation,Panel Moulding Installation,Trim & Millwork,no,,,,,,service page,/services/panel-moulding-installation/,,,,no
1,12,head,panel moulding installation contractor,hiring,Commercial,panel-moulding-installation,Panel Moulding Installation,Trim & Millwork,no,,,,,,service page,/services/panel-moulding-installation/,,,,no
1,12,head,panel moulding installation contractors,hiring,Commercial,panel-moulding-installation,Panel Moulding Installation,Trim & Millwork,no,,,,,,service page,/services/panel-moulding-installation/,,,,no
1,12,head,panel moulding installation near me,near-me,Transactional,panel-moulding-installation,Panel Moulding Installation,Trim & Millwork,no,,,,,,service page,/services/panel-moulding-installation/,,,,no
1,12,head,panel moulding installation toronto,anchor-city,Commercial,panel-moulding-installation,Panel Moulding Installation,Trim & Millwork,no,,,,,,service page,/services/panel-moulding-installation/,,,,no
1,12,head,pantry installation,head,Commercial,pantry-installation,Pantry Installation,Kitchen,no,,,,,,service page,/services/pantry-installation/,,,,no
1,12,head,pantry installation contractor,hiring,Commercial,pantry-installation,Pantry Installation,Kitchen,no,,,,,,service page,/services/pantry-installation/,,,,no
1,12,head,pantry installation contractors,hiring,Commercial,pantry-installation,Pantry Installation,Kitchen,no,,,,,,service page,/services/pantry-installation/,,,,no
1,12,head,pantry installation near me,near-me,Transactional,pantry-installation,Pantry Installation,Kitchen,no,,,,,,service page,/services/pantry-installation/,,,,no
1,12,head,pantry installation toronto,anchor-city,Commercial,pantry-installation,Pantry Installation,Kitchen,no,,,,,,service page,/services/pantry-installation/,,,,no
1,12,head,pantry renovation,head,Commercial,pantry-renovation,Pantry Renovation,Specialty Rooms,no,,,,,,service page,/services/pantry-renovation/,,,,no
1,12,head,pantry renovation contractor,hiring,Commercial,pantry-renovation,Pantry Renovation,Specialty Rooms,no,,,,,,service page,/services/pantry-renovation/,,,,no
1,12,head,pantry renovation contractors,hiring,Commercial,pantry-renovation,Pantry Renovation,Specialty Rooms,no,,,,,,service page,/services/pantry-renovation/,,,,no
1,12,head,pantry renovation near me,near-me,Transactional,pantry-renovation,Pantry Renovation,Specialty Rooms,no,,,,,,service page,/services/pantry-renovation/,,,,no
1,12,head,pantry renovation toronto,anchor-city,Commercial,pantry-renovation,Pantry Renovation,Specialty Rooms,no,,,,,,service page,/services/pantry-renovation/,,,,no
1,12,head,parging,head,Commercial,parging,Parging,Concrete & Masonry,no,,,,,,service page,/services/parging/,,,,no
1,12,head,parging contractor,hiring,Commercial,parging,Parging,Concrete & Masonry,no,,,,,,service page,/services/parging/,,,,no
1,12,head,parging contractors,hiring,Commercial,parging,Parging,Concrete & Masonry,no,,,,,,service page,/services/parging/,,,,no
1,12,head,parging near me,near-me,Transactional,parging,Parging,Concrete & Masonry,no,,,,,,service page,/services/parging/,,,,no
1,12,head,parging toronto,anchor-city,Commercial,parging,Parging,Concrete & Masonry,no,,,,,,service page,/services/parging/,,,,no
1,12,head,patio door installation,head,Commercial,patio-door-installation,Patio Door Installation,Doors,no,,,,,,service page,/services/patio-door-installation/,,,,no
1,12,head,patio door installation contractor,hiring,Commercial,patio-door-installation,Patio Door Installation,Doors,no,,,,,,service page,/services/patio-door-installation/,,,,no
1,12,head,patio door installation contractors,hiring,Commercial,patio-door-installation,Patio Door Installation,Doors,no,,,,,,service page,/services/patio-door-installation/,,,,no
1,12,head,patio door installation near me,near-me,Transactional,patio-door-installation,Patio Door Installation,Doors,no,,,,,,service page,/services/patio-door-installation/,,,,no
1,12,head,patio door installation toronto,anchor-city,Commercial,patio-door-installation,Patio Door Installation,Doors,no,,,,,,service page,/services/patio-door-installation/,,,,no
1,12,head,pergola building,head,Commercial,pergola-building,Pergola Building,Decks,no,,,,,,service page,/services/pergola-building/,,,,no
1,12,head,pergola building contractor,hiring,Commercial,pergola-building,Pergola Building,Decks,no,,,,,,service page,/services/pergola-building/,,,,no
1,12,head,pergola building contractors,hiring,Commercial,pergola-building,Pergola Building,Decks,no,,,,,,service page,/services/pergola-building/,,,,no
1,12,head,pergola building near me,near-me,Transactional,pergola-building,Pergola Building,Decks,no,,,,,,service page,/services/pergola-building/,,,,no
1,12,head,pergola building toronto,anchor-city,Commercial,pergola-building,Pergola Building,Decks,no,,,,,,service page,/services/pergola-building/,,,,no
1,13,head,plaster repair,head,Commercial,plaster-repair,Plaster Repair,Drywall & Ceilings,no,,,,,,service page,/services/plaster-repair/,,,,no
1,13,head,plaster repair contractor,hiring,Commercial,plaster-repair,Plaster Repair,Drywall & Ceilings,no,,,,,,service page,/services/plaster-repair/,,,,no
1,13,head,plaster repair contractors,hiring,Commercial,plaster-repair,Plaster Repair,Drywall & Ceilings,no,,,,,,service page,/services/plaster-repair/,,,,no
1,13,head,plaster repair near me,near-me,Transactional,plaster-repair,Plaster Repair,Drywall & Ceilings,no,,,,,,service page,/services/plaster-repair/,,,,no
1,13,head,plaster repair toronto,anchor-city,Commercial,plaster-repair,Plaster Repair,Drywall & Ceilings,no,,,,,,service page,/services/plaster-repair/,,,,no
1,13,head,plumbing rough in,head,Commercial,plumbing-rough-in,Plumbing Rough-In,Plumbing,no,,,,,,service page,/services/plumbing-rough-in/,,,,no
1,13,head,plumbing rough in contractor,hiring,Commercial,plumbing-rough-in,Plumbing Rough-In,Plumbing,no,,,,,,service page,/services/plumbing-rough-in/,,,,no
1,13,head,plumbing rough in contractors,hiring,Commercial,plumbing-rough-in,Plumbing Rough-In,Plumbing,no,,,,,,service page,/services/plumbing-rough-in/,,,,no
1,13,head,plumbing rough in near me,near-me,Transactional,plumbing-rough-in,Plumbing Rough-In,Plumbing,no,,,,,,service page,/services/plumbing-rough-in/,,,,no
1,13,head,plumbing rough in toronto,anchor-city,Commercial,plumbing-rough-in,Plumbing Rough-In,Plumbing,no,,,,,,service page,/services/plumbing-rough-in/,,,,no
1,13,head,pocket door installation,head,Commercial,pocket-door-installation,Pocket Door Installation,Doors,no,,,,,,service page,/services/pocket-door-installation/,,,,no
1,13,head,pocket door installation contractor,hiring,Commercial,pocket-door-installation,Pocket Door Installation,Doors,no,,,,,,service page,/services/pocket-door-installation/,,,,no
1,13,head,pocket door installation contractors,hiring,Commercial,pocket-door-installation,Pocket Door Installation,Doors,no,,,,,,service page,/services/pocket-door-installation/,,,,no
1,13,head,pocket door installation near me,near-me,Transactional,pocket-door-installation,Pocket Door Installation,Doors,no,,,,,,service page,/services/pocket-door-installation/,,,,no
1,13,head,pocket door installation toronto,anchor-city,Commercial,pocket-door-installation,Pocket Door Installation,Doors,no,,,,,,service page,/services/pocket-door-installation/,,,,no
1,13,head,popcorn ceiling removal,head,Commercial,popcorn-ceiling-removal,Popcorn Ceiling Removal,Drywall & Ceilings,no,,,,,,service page,/services/popcorn-ceiling-removal/,,,,no
1,13,head,popcorn ceiling removal contractor,hiring,Commercial,popcorn-ceiling-removal,Popcorn Ceiling Removal,Drywall & Ceilings,no,,,,,,service page,/services/popcorn-ceiling-removal/,,,,no
1,13,head,popcorn ceiling removal contractors,hiring,Commercial,popcorn-ceiling-removal,Popcorn Ceiling Removal,Drywall & Ceilings,no,,,,,,service page,/services/popcorn-ceiling-removal/,,,,no
1,13,head,popcorn ceiling removal near me,near-me,Transactional,popcorn-ceiling-removal,Popcorn Ceiling Removal,Drywall & Ceilings,no,,,,,,service page,/services/popcorn-ceiling-removal/,,,,no
1,13,head,popcorn ceiling removal toronto,anchor-city,Commercial,popcorn-ceiling-removal,Popcorn Ceiling Removal,Drywall & Ceilings,no,,,,,,service page,/services/popcorn-ceiling-removal/,,,,no
1,13,head,porcelain tile installation,head,Commercial,porcelain-tile-installation,Porcelain Tile Installation,Tile,no,,,,,,service page,/services/porcelain-tile-installation/,,,,no
1,13,head,porcelain tile installation contractor,hiring,Commercial,porcelain-tile-installation,Porcelain Tile Installation,Tile,no,,,,,,service page,/services/porcelain-tile-installation/,,,,no
1,13,head,porcelain tile installation contractors,hiring,Commercial,porcelain-tile-installation,Porcelain Tile Installation,Tile,no,,,,,,service page,/services/porcelain-tile-installation/,,,,no
1,13,head,porcelain tile installation near me,near-me,Transactional,porcelain-tile-installation,Porcelain Tile Installation,Tile,no,,,,,,service page,/services/porcelain-tile-installation/,,,,no
1,13,head,porcelain tile installation toronto,anchor-city,Commercial,porcelain-tile-installation,Porcelain Tile Installation,Tile,no,,,,,,service page,/services/porcelain-tile-installation/,,,,no
1,13,head,porch building,head,Commercial,porch-building,Porch Building,Decks,no,,,,,,service page,/services/porch-building/,,,,no
1,13,head,porch building contractor,hiring,Commercial,porch-building,Porch Building,Decks,no,,,,,,service page,/services/porch-building/,,,,no
1,13,head,porch building contractors,hiring,Commercial,porch-building,Porch Building,Decks,no,,,,,,service page,/services/porch-building/,,,,no
1,13,head,porch building near me,near-me,Transactional,porch-building,Porch Building,Decks,no,,,,,,service page,/services/porch-building/,,,,no
1,13,head,porch building toronto,anchor-city,Commercial,porch-building,Porch Building,Decks,no,,,,,,service page,/services/porch-building/,,,,no
1,13,head,porch renovation,head,Commercial,porch-renovation,Porch Renovation,Exterior & Siding,no,,,,,,service page,/services/porch-renovation/,,,,no
1,13,head,porch renovation contractor,hiring,Commercial,porch-renovation,Porch Renovation,Exterior & Siding,no,,,,,,service page,/services/porch-renovation/,,,,no
1,13,head,porch renovation contractors,hiring,Commercial,porch-renovation,Porch Renovation,Exterior & Siding,no,,,,,,service page,/services/porch-renovation/,,,,no
1,13,head,porch renovation near me,near-me,Transactional,porch-renovation,Porch Renovation,Exterior & Siding,no,,,,,,service page,/services/porch-renovation/,,,,no
1,13,head,porch renovation toronto,anchor-city,Commercial,porch-renovation,Porch Renovation,Exterior & Siding,no,,,,,,service page,/services/porch-renovation/,,,,no
1,13,head,powder room renovation,head,Commercial,powder-room-renovation,Powder Room Renovation,Bathroom,no,,,,,,service page,/services/powder-room-renovation/,,,,no
1,13,head,powder room renovation contractor,hiring,Commercial,powder-room-renovation,Powder Room Renovation,Bathroom,no,,,,,,service page,/services/powder-room-renovation/,,,,no
1,13,head,powder room renovation contractors,hiring,Commercial,powder-room-renovation,Powder Room Renovation,Bathroom,no,,,,,,service page,/services/powder-room-renovation/,,,,no
1,13,head,powder room renovation near me,near-me,Transactional,powder-room-renovation,Powder Room Renovation,Bathroom,no,,,,,,service page,/services/powder-room-renovation/,,,,no
1,13,head,powder room renovation toronto,anchor-city,Commercial,powder-room-renovation,Powder Room Renovation,Bathroom,no,,,,,,service page,/services/powder-room-renovation/,,,,no
1,13,head,privacy fence installation,head,Commercial,privacy-fence-installation,Privacy Fence Installation,Fences,no,,,,,,service page,/services/privacy-fence-installation/,,,,no
1,13,head,privacy fence installation contractor,hiring,Commercial,privacy-fence-installation,Privacy Fence Installation,Fences,no,,,,,,service page,/services/privacy-fence-installation/,,,,no
1,13,head,privacy fence installation contractors,hiring,Commercial,privacy-fence-installation,Privacy Fence Installation,Fences,no,,,,,,service page,/services/privacy-fence-installation/,,,,no
1,13,head,privacy fence installation near me,near-me,Transactional,privacy-fence-installation,Privacy Fence Installation,Fences,no,,,,,,service page,/services/privacy-fence-installation/,,,,no
1,13,head,privacy fence installation toronto,anchor-city,Commercial,privacy-fence-installation,Privacy Fence Installation,Fences,no,,,,,,service page,/services/privacy-fence-installation/,,,,no
1,13,head,quartz countertop installation,head,Commercial,quartz-countertop-installation,Quartz Countertop Installation,Kitchen,no,,,,,,service page,/services/quartz-countertop-installation/,,,,no
1,13,head,quartz countertop installation contractor,hiring,Commercial,quartz-countertop-installation,Quartz Countertop Installation,Kitchen,no,,,,,,service page,/services/quartz-countertop-installation/,,,,no
1,13,head,quartz countertop installation contractors,hiring,Commercial,quartz-countertop-installation,Quartz Countertop Installation,Kitchen,no,,,,,,service page,/services/quartz-countertop-installation/,,,,no
1,13,head,quartz countertop installation near me,near-me,Transactional,quartz-countertop-installation,Quartz Countertop Installation,Kitchen,no,,,,,,service page,/services/quartz-countertop-installation/,,,,no
1,13,head,quartz countertop installation toronto,anchor-city,Commercial,quartz-countertop-installation,Quartz Countertop Installation,Kitchen,no,,,,,,service page,/services/quartz-countertop-installation/,,,,no
1,13,head,range hood installation,head,Commercial,range-hood-installation,Range Hood Installation,Kitchen,no,,,,,,service page,/services/range-hood-installation/,,,,no
1,13,head,range hood installation contractor,hiring,Commercial,range-hood-installation,Range Hood Installation,Kitchen,no,,,,,,service page,/services/range-hood-installation/,,,,no
1,13,head,range hood installation contractors,hiring,Commercial,range-hood-installation,Range Hood Installation,Kitchen,no,,,,,,service page,/services/range-hood-installation/,,,,no
1,13,head,range hood installation near me,near-me,Transactional,range-hood-installation,Range Hood Installation,Kitchen,no,,,,,,service page,/services/range-hood-installation/,,,,no
1,13,head,range hood installation toronto,anchor-city,Commercial,range-hood-installation,Range Hood Installation,Kitchen,no,,,,,,service page,/services/range-hood-installation/,,,,no
1,13,head,rear addition,head,Commercial,rear-addition,Rear Addition,Whole Home,no,,,,,,service page,/services/rear-addition/,,,,no
1,13,head,rear addition contractor,hiring,Commercial,rear-addition,Rear Addition,Whole Home,no,,,,,,service page,/services/rear-addition/,,,,no
1,13,head,rear addition contractors,hiring,Commercial,rear-addition,Rear Addition,Whole Home,no,,,,,,service page,/services/rear-addition/,,,,no
1,13,head,rear addition near me,near-me,Transactional,rear-addition,Rear Addition,Whole Home,no,,,,,,service page,/services/rear-addition/,,,,no
1,13,head,rear addition toronto,anchor-city,Commercial,rear-addition,Rear Addition,Whole Home,no,,,,,,service page,/services/rear-addition/,,,,no
1,13,head,regrouting,head,Commercial,regrouting,Regrouting,Tile,no,,,,,,service page,/services/regrouting/,,,,no
1,13,head,regrouting contractor,hiring,Commercial,regrouting,Regrouting,Tile,no,,,,,,service page,/services/regrouting/,,,,no
1,13,head,regrouting contractors,hiring,Commercial,regrouting,Regrouting,Tile,no,,,,,,service page,/services/regrouting/,,,,no
1,13,head,regrouting near me,near-me,Transactional,regrouting,Regrouting,Tile,no,,,,,,service page,/services/regrouting/,,,,no
1,13,head,regrouting toronto,anchor-city,Commercial,regrouting,Regrouting,Tile,no,,,,,,service page,/services/regrouting/,,,,no
1,13,head,renovation junk removal,head,Commercial,renovation-junk-removal,Renovation Junk Removal,Demolition & Prep,no,,,,,,service page,/services/renovation-junk-removal/,,,,no
1,13,head,renovation junk removal contractor,hiring,Commercial,renovation-junk-removal,Renovation Junk Removal,Demolition & Prep,no,,,,,,service page,/services/renovation-junk-removal/,,,,no
1,13,head,renovation junk removal contractors,hiring,Commercial,renovation-junk-removal,Renovation Junk Removal,Demolition & Prep,no,,,,,,service page,/services/renovation-junk-removal/,,,,no
1,13,head,renovation junk removal near me,near-me,Transactional,renovation-junk-removal,Renovation Junk Removal,Demolition & Prep,no,,,,,,service page,/services/renovation-junk-removal/,,,,no
1,13,head,renovation junk removal toronto,anchor-city,Commercial,renovation-junk-removal,Renovation Junk Removal,Demolition & Prep,no,,,,,,service page,/services/renovation-junk-removal/,,,,no
1,13,head,house repiping,head,Commercial,repiping,Repiping,Plumbing,no,,,,,,service page,/services/repiping/,,,,no
1,13,head,house repiping contractor,hiring,Commercial,repiping,Repiping,Plumbing,no,,,,,,service page,/services/repiping/,,,,no
1,13,head,house repiping contractors,hiring,Commercial,repiping,Repiping,Plumbing,no,,,,,,service page,/services/repiping/,,,,no
1,13,head,house repiping near me,near-me,Transactional,repiping,Repiping,Plumbing,no,,,,,,service page,/services/repiping/,,,,no
1,13,head,house repiping toronto,anchor-city,Commercial,repiping,Repiping,Plumbing,no,,,,,,service page,/services/repiping/,,,,no
1,13,head,retaining wall construction,head,Commercial,retaining-wall-construction,Retaining Wall Construction,Concrete & Masonry,no,,,,,,service page,/services/retaining-wall-construction/,,,,no
1,13,head,retaining wall construction contractor,hiring,Commercial,retaining-wall-construction,Retaining Wall Construction,Concrete & Masonry,no,,,,,,service page,/services/retaining-wall-construction/,,,,no
1,13,head,retaining wall construction contractors,hiring,Commercial,retaining-wall-construction,Retaining Wall Construction,Concrete & Masonry,no,,,,,,service page,/services/retaining-wall-construction/,,,,no
1,13,head,retaining wall construction near me,near-me,Transactional,retaining-wall-construction,Retaining Wall Construction,Concrete & Masonry,no,,,,,,service page,/services/retaining-wall-construction/,,,,no
1,13,head,retaining wall construction toronto,anchor-city,Commercial,retaining-wall-construction,Retaining Wall Construction,Concrete & Masonry,no,,,,,,service page,/services/retaining-wall-construction/,,,,no
1,13,head,roof leak repair,head,Commercial,roof-leak-repair,Roof Leak Repair,Roofing,no,,,,,,service page,/services/roof-leak-repair/,,,,no
1,13,head,roof leak repair contractor,hiring,Commercial,roof-leak-repair,Roof Leak Repair,Roofing,no,,,,,,service page,/services/roof-leak-repair/,,,,no
1,13,head,roof leak repair contractors,hiring,Commercial,roof-leak-repair,Roof Leak Repair,Roofing,no,,,,,,service page,/services/roof-leak-repair/,,,,no
1,13,head,roof leak repair near me,near-me,Transactional,roof-leak-repair,Roof Leak Repair,Roofing,no,,,,,,service page,/services/roof-leak-repair/,,,,no
1,13,head,roof leak repair toronto,anchor-city,Commercial,roof-leak-repair,Roof Leak Repair,Roofing,no,,,,,,service page,/services/roof-leak-repair/,,,,no
1,13,head,roof repair,head,Commercial,roof-repair,Roof Repair,Roofing,no,,,,,,service page,/services/roof-repair/,,,,no
1,13,head,roof repair contractor,hiring,Commercial,roof-repair,Roof Repair,Roofing,no,,,,,,service page,/services/roof-repair/,,,,no
1,13,head,roof repair contractors,hiring,Commercial,roof-repair,Roof Repair,Roofing,no,,,,,,service page,/services/roof-repair/,,,,no
1,13,head,roof repair near me,near-me,Transactional,roof-repair,Roof Repair,Roofing,no,,,,,,service page,/services/roof-repair/,,,,no
1,13,head,roof repair toronto,anchor-city,Commercial,roof-repair,Roof Repair,Roofing,no,,,,,,service page,/services/roof-repair/,,,,no
1,13,head,roof ventilation installation,head,Commercial,roof-ventilation-installation,Roof Ventilation Installation,Roofing,no,,,,,,service page,/services/roof-ventilation-installation/,,,,no
1,13,head,roof ventilation installation contractor,hiring,Commercial,roof-ventilation-installation,Roof Ventilation Installation,Roofing,no,,,,,,service page,/services/roof-ventilation-installation/,,,,no
1,13,head,roof ventilation installation contractors,hiring,Commercial,roof-ventilation-installation,Roof Ventilation Installation,Roofing,no,,,,,,service page,/services/roof-ventilation-installation/,,,,no
1,13,head,roof ventilation installation near me,near-me,Transactional,roof-ventilation-installation,Roof Ventilation Installation,Roofing,no,,,,,,service page,/services/roof-ventilation-installation/,,,,no
1,13,head,roof ventilation installation toronto,anchor-city,Commercial,roof-ventilation-installation,Roof Ventilation Installation,Roofing,no,,,,,,service page,/services/roof-ventilation-installation/,,,,no
1,13,head,secondary suite construction,head,Commercial,secondary-suite-construction,Secondary Suite Construction,Basement,no,,,,,,service page,/services/secondary-suite-construction/,,,,no
1,13,head,secondary suite construction contractor,hiring,Commercial,secondary-suite-construction,Secondary Suite Construction,Basement,no,,,,,,service page,/services/secondary-suite-construction/,,,,no
1,13,head,secondary suite construction contractors,hiring,Commercial,secondary-suite-construction,Secondary Suite Construction,Basement,no,,,,,,service page,/services/secondary-suite-construction/,,,,no
1,13,head,secondary suite construction near me,near-me,Transactional,secondary-suite-construction,Secondary Suite Construction,Basement,no,,,,,,service page,/services/secondary-suite-construction/,,,,no
1,13,head,secondary suite construction toronto,anchor-city,Commercial,secondary-suite-construction,Secondary Suite Construction,Basement,no,,,,,,service page,/services/secondary-suite-construction/,,,,no
1,14,head,shingle replacement,head,Commercial,shingle-replacement,Shingle Replacement,Roofing,no,,,,,,service page,/services/shingle-replacement/,,,,no
1,14,head,shingle replacement contractor,hiring,Commercial,shingle-replacement,Shingle Replacement,Roofing,no,,,,,,service page,/services/shingle-replacement/,,,,no
1,14,head,shingle replacement contractors,hiring,Commercial,shingle-replacement,Shingle Replacement,Roofing,no,,,,,,service page,/services/shingle-replacement/,,,,no
1,14,head,shingle replacement near me,near-me,Transactional,shingle-replacement,Shingle Replacement,Roofing,no,,,,,,service page,/services/shingle-replacement/,,,,no
1,14,head,shingle replacement toronto,anchor-city,Commercial,shingle-replacement,Shingle Replacement,Roofing,no,,,,,,service page,/services/shingle-replacement/,,,,no
1,14,head,shiplap installation,head,Commercial,shiplap-installation,Shiplap Installation,Trim & Millwork,no,,,,,,service page,/services/shiplap-installation/,,,,no
1,14,head,shiplap installation contractor,hiring,Commercial,shiplap-installation,Shiplap Installation,Trim & Millwork,no,,,,,,service page,/services/shiplap-installation/,,,,no
1,14,head,shiplap installation contractors,hiring,Commercial,shiplap-installation,Shiplap Installation,Trim & Millwork,no,,,,,,service page,/services/shiplap-installation/,,,,no
1,14,head,shiplap installation near me,near-me,Transactional,shiplap-installation,Shiplap Installation,Trim & Millwork,no,,,,,,service page,/services/shiplap-installation/,,,,no
1,14,head,shiplap installation toronto,anchor-city,Commercial,shiplap-installation,Shiplap Installation,Trim & Millwork,no,,,,,,service page,/services/shiplap-installation/,,,,no
1,14,head,shower glass installation,head,Commercial,shower-glass-installation,Shower Glass Installation,Bathroom,no,,,,,,service page,/services/shower-glass-installation/,,,,no
1,14,head,shower glass installation contractor,hiring,Commercial,shower-glass-installation,Shower Glass Installation,Bathroom,no,,,,,,service page,/services/shower-glass-installation/,,,,no
1,14,head,shower glass installation contractors,hiring,Commercial,shower-glass-installation,Shower Glass Installation,Bathroom,no,,,,,,service page,/services/shower-glass-installation/,,,,no
1,14,head,shower glass installation near me,near-me,Transactional,shower-glass-installation,Shower Glass Installation,Bathroom,no,,,,,,service page,/services/shower-glass-installation/,,,,no
1,14,head,shower glass installation toronto,anchor-city,Commercial,shower-glass-installation,Shower Glass Installation,Bathroom,no,,,,,,service page,/services/shower-glass-installation/,,,,no
1,14,head,shower tile installation,head,Commercial,shower-tile-installation,Shower Tile Installation,Tile,no,,,,,,service page,/services/shower-tile-installation/,,,,no
1,14,head,shower tile installation contractor,hiring,Commercial,shower-tile-installation,Shower Tile Installation,Tile,no,,,,,,service page,/services/shower-tile-installation/,,,,no
1,14,head,shower tile installation contractors,hiring,Commercial,shower-tile-installation,Shower Tile Installation,Tile,no,,,,,,service page,/services/shower-tile-installation/,,,,no
1,14,head,shower tile installation near me,near-me,Transactional,shower-tile-installation,Shower Tile Installation,Tile,no,,,,,,service page,/services/shower-tile-installation/,,,,no
1,14,head,shower tile installation toronto,anchor-city,Commercial,shower-tile-installation,Shower Tile Installation,Tile,no,,,,,,service page,/services/shower-tile-installation/,,,,no
1,14,head,siding repair,head,Commercial,siding-repair,Siding Repair,Exterior & Siding,no,,,,,,service page,/services/siding-repair/,,,,no
1,14,head,siding repair contractor,hiring,Commercial,siding-repair,Siding Repair,Exterior & Siding,no,,,,,,service page,/services/siding-repair/,,,,no
1,14,head,siding repair contractors,hiring,Commercial,siding-repair,Siding Repair,Exterior & Siding,no,,,,,,service page,/services/siding-repair/,,,,no
1,14,head,siding repair near me,near-me,Transactional,siding-repair,Siding Repair,Exterior & Siding,no,,,,,,service page,/services/siding-repair/,,,,no
1,14,head,siding repair toronto,anchor-city,Commercial,siding-repair,Siding Repair,Exterior & Siding,no,,,,,,service page,/services/siding-repair/,,,,no
1,14,head,siding replacement,head,Commercial,siding-replacement,Siding Replacement,Exterior & Siding,no,,,,,,service page,/services/siding-replacement/,,,,no
1,14,head,siding replacement contractor,hiring,Commercial,siding-replacement,Siding Replacement,Exterior & Siding,no,,,,,,service page,/services/siding-replacement/,,,,no
1,14,head,siding replacement contractors,hiring,Commercial,siding-replacement,Siding Replacement,Exterior & Siding,no,,,,,,service page,/services/siding-replacement/,,,,no
1,14,head,siding replacement near me,near-me,Transactional,siding-replacement,Siding Replacement,Exterior & Siding,no,,,,,,service page,/services/siding-replacement/,,,,no
1,14,head,siding replacement toronto,anchor-city,Commercial,siding-replacement,Siding Replacement,Exterior & Siding,no,,,,,,service page,/services/siding-replacement/,,,,no
1,14,head,construction site cleanup,head,Commercial,site-cleanup,Site Cleanup,Demolition & Prep,no,,,,,,service page,/services/site-cleanup/,,,,no
1,14,head,construction site cleanup contractor,hiring,Commercial,site-cleanup,Site Cleanup,Demolition & Prep,no,,,,,,service page,/services/site-cleanup/,,,,no
1,14,head,construction site cleanup contractors,hiring,Commercial,site-cleanup,Site Cleanup,Demolition & Prep,no,,,,,,service page,/services/site-cleanup/,,,,no
1,14,head,construction site cleanup near me,near-me,Transactional,site-cleanup,Site Cleanup,Demolition & Prep,no,,,,,,service page,/services/site-cleanup/,,,,no
1,14,head,construction site cleanup toronto,anchor-city,Commercial,site-cleanup,Site Cleanup,Demolition & Prep,no,,,,,,service page,/services/site-cleanup/,,,,no
1,14,head,skylight installation,head,Commercial,skylight-installation,Skylight Installation,Windows,no,,,,,,service page,/services/skylight-installation/,,,,no
1,14,head,skylight installation contractor,hiring,Commercial,skylight-installation,Skylight Installation,Windows,no,,,,,,service page,/services/skylight-installation/,,,,no
1,14,head,skylight installation contractors,hiring,Commercial,skylight-installation,Skylight Installation,Windows,no,,,,,,service page,/services/skylight-installation/,,,,no
1,14,head,skylight installation near me,near-me,Transactional,skylight-installation,Skylight Installation,Windows,no,,,,,,service page,/services/skylight-installation/,,,,no
1,14,head,skylight installation toronto,anchor-city,Commercial,skylight-installation,Skylight Installation,Windows,no,,,,,,service page,/services/skylight-installation/,,,,no
1,14,head,sliding door installation,head,Commercial,sliding-door-installation,Sliding Door Installation,Doors,no,,,,,,service page,/services/sliding-door-installation/,,,,no
1,14,head,sliding door installation contractor,hiring,Commercial,sliding-door-installation,Sliding Door Installation,Doors,no,,,,,,service page,/services/sliding-door-installation/,,,,no
1,14,head,sliding door installation contractors,hiring,Commercial,sliding-door-installation,Sliding Door Installation,Doors,no,,,,,,service page,/services/sliding-door-installation/,,,,no
1,14,head,sliding door installation near me,near-me,Transactional,sliding-door-installation,Sliding Door Installation,Doors,no,,,,,,service page,/services/sliding-door-installation/,70,20,21.85,yes
1,14,head,sliding door installation toronto,anchor-city,Commercial,sliding-door-installation,Sliding Door Installation,Doors,no,,,,,,service page,/services/sliding-door-installation/,,,,no
1,14,head,small bathroom renovation,head,Commercial,small-bathroom-renovation,Small Bathroom Renovation,Bathroom,no,,,,,,service page,/services/small-bathroom-renovation/,,,,no
1,14,head,small bathroom renovation contractor,hiring,Commercial,small-bathroom-renovation,Small Bathroom Renovation,Bathroom,no,,,,,,service page,/services/small-bathroom-renovation/,,,,no
1,14,head,small bathroom renovation contractors,hiring,Commercial,small-bathroom-renovation,Small Bathroom Renovation,Bathroom,no,,,,,,service page,/services/small-bathroom-renovation/,,,,no
1,14,head,small bathroom renovation near me,near-me,Transactional,small-bathroom-renovation,Small Bathroom Renovation,Bathroom,no,,,,,,service page,/services/small-bathroom-renovation/,,,,no
1,14,head,small bathroom renovation toronto,anchor-city,Commercial,small-bathroom-renovation,Small Bathroom Renovation,Bathroom,no,,,,,,service page,/services/small-bathroom-renovation/,,,,no
1,14,head,small kitchen renovation,head,Commercial,small-kitchen-renovation,Small Kitchen Renovation,Kitchen,no,,,,,,service page,/services/small-kitchen-renovation/,,,,no
1,14,head,small kitchen renovation contractor,hiring,Commercial,small-kitchen-renovation,Small Kitchen Renovation,Kitchen,no,,,,,,service page,/services/small-kitchen-renovation/,,,,no
1,14,head,small kitchen renovation contractors,hiring,Commercial,small-kitchen-renovation,Small Kitchen Renovation,Kitchen,no,,,,,,service page,/services/small-kitchen-renovation/,,,,no
1,14,head,small kitchen renovation near me,near-me,Transactional,small-kitchen-renovation,Small Kitchen Renovation,Kitchen,no,,,,,,service page,/services/small-kitchen-renovation/,,,,no
1,14,head,small kitchen renovation toronto,anchor-city,Commercial,small-kitchen-renovation,Small Kitchen Renovation,Kitchen,no,,,,,,service page,/services/small-kitchen-renovation/,,,,no
1,14,head,smart home wiring,head,Commercial,smart-home-wiring,Smart Home Wiring,Electrical,no,,,,,,service page,/services/smart-home-wiring/,,,,no
1,14,head,smart home wiring contractor,hiring,Commercial,smart-home-wiring,Smart Home Wiring,Electrical,no,,,,,,service page,/services/smart-home-wiring/,,,,no
1,14,head,smart home wiring contractors,hiring,Commercial,smart-home-wiring,Smart Home Wiring,Electrical,no,,,,,,service page,/services/smart-home-wiring/,,,,no
1,14,head,smart home wiring near me,near-me,Transactional,smart-home-wiring,Smart Home Wiring,Electrical,no,,,,,,service page,/services/smart-home-wiring/,,,,no
1,14,head,smart home wiring toronto,anchor-city,Commercial,smart-home-wiring,Smart Home Wiring,Electrical,no,,,,,,service page,/services/smart-home-wiring/,,,,no
1,14,head,soffit and fascia installation,head,Commercial,soffit-and-fascia-installation,Soffit and Fascia Installation,Exterior & Siding,no,,,,,,service page,/services/soffit-and-fascia-installation/,,,,no
1,14,head,soffit and fascia installation contractor,hiring,Commercial,soffit-and-fascia-installation,Soffit and Fascia Installation,Exterior & Siding,no,,,,,,service page,/services/soffit-and-fascia-installation/,,,,no
1,14,head,soffit and fascia installation contractors,hiring,Commercial,soffit-and-fascia-installation,Soffit and Fascia Installation,Exterior & Siding,no,,,,,,service page,/services/soffit-and-fascia-installation/,,,,no
1,14,head,soffit and fascia installation near me,near-me,Transactional,soffit-and-fascia-installation,Soffit and Fascia Installation,Exterior & Siding,no,,,,,,service page,/services/soffit-and-fascia-installation/,,,,no
1,14,head,soffit and fascia installation toronto,anchor-city,Commercial,soffit-and-fascia-installation,Soffit and Fascia Installation,Exterior & Siding,no,,,,,,service page,/services/soffit-and-fascia-installation/,,,,no
1,14,head,soundproof drywall installation,head,Commercial,soundproof-drywall-installation,Soundproof Drywall Installation,Drywall & Ceilings,no,,,,,,service page,/services/soundproof-drywall-installation/,,,,no
1,14,head,soundproof drywall installation contractor,hiring,Commercial,soundproof-drywall-installation,Soundproof Drywall Installation,Drywall & Ceilings,no,,,,,,service page,/services/soundproof-drywall-installation/,,,,no
1,14,head,soundproof drywall installation contractors,hiring,Commercial,soundproof-drywall-installation,Soundproof Drywall Installation,Drywall & Ceilings,no,,,,,,service page,/services/soundproof-drywall-installation/,,,,no
1,14,head,soundproof drywall installation near me,near-me,Transactional,soundproof-drywall-installation,Soundproof Drywall Installation,Drywall & Ceilings,no,,,,,,service page,/services/soundproof-drywall-installation/,,,,no
1,14,head,soundproof drywall installation toronto,anchor-city,Commercial,soundproof-drywall-installation,Soundproof Drywall Installation,Drywall & Ceilings,no,,,,,,service page,/services/soundproof-drywall-installation/,,,,no
1,14,head,soundproofing installation,head,Commercial,soundproofing-installation,Soundproofing Installation,Insulation & Energy,no,,,,,,service page,/services/soundproofing-installation/,,,,no
1,14,head,soundproofing installation contractor,hiring,Commercial,soundproofing-installation,Soundproofing Installation,Insulation & Energy,no,,,,,,service page,/services/soundproofing-installation/,,,,no
1,14,head,soundproofing installation contractors,hiring,Commercial,soundproofing-installation,Soundproofing Installation,Insulation & Energy,no,,,,,,service page,/services/soundproofing-installation/,,,,no
1,14,head,soundproofing installation near me,near-me,Transactional,soundproofing-installation,Soundproofing Installation,Insulation & Energy,no,,,,,,service page,/services/soundproofing-installation/,,,,no
1,14,head,soundproofing installation toronto,anchor-city,Commercial,soundproofing-installation,Soundproofing Installation,Insulation & Energy,no,,,,,,service page,/services/soundproofing-installation/,,,,no
1,14,head,spray foam insulation,head,Commercial,spray-foam-insulation,Spray Foam Insulation,Insulation & Energy,no,,,,,,service page,/services/spray-foam-insulation/,,,,no
1,14,head,spray foam insulation contractor,hiring,Commercial,spray-foam-insulation,Spray Foam Insulation,Insulation & Energy,no,,,,,,service page,/services/spray-foam-insulation/,,,,no
1,14,head,spray foam insulation contractors,hiring,Commercial,spray-foam-insulation,Spray Foam Insulation,Insulation & Energy,no,,,,,,service page,/services/spray-foam-insulation/,,,,no
1,14,head,spray foam insulation near me,near-me,Transactional,spray-foam-insulation,Spray Foam Insulation,Insulation & Energy,no,,,,,,service page,/services/spray-foam-insulation/,,,,no
1,14,head,spray foam insulation toronto,anchor-city,Commercial,spray-foam-insulation,Spray Foam Insulation,Insulation & Energy,no,,,,,,service page,/services/spray-foam-insulation/,,,,no
1,14,head,squeaky floor repair,head,Commercial,squeaky-floor-repair,Squeaky Floor Repair,Flooring,no,,,,,,service page,/services/squeaky-floor-repair/,,,,no
1,14,head,squeaky floor repair contractor,hiring,Commercial,squeaky-floor-repair,Squeaky Floor Repair,Flooring,no,,,,,,service page,/services/squeaky-floor-repair/,,,,no
1,14,head,squeaky floor repair contractors,hiring,Commercial,squeaky-floor-repair,Squeaky Floor Repair,Flooring,no,,,,,,service page,/services/squeaky-floor-repair/,,,,no
1,14,head,squeaky floor repair near me,near-me,Transactional,squeaky-floor-repair,Squeaky Floor Repair,Flooring,no,,,,,,service page,/services/squeaky-floor-repair/,,,,no
1,14,head,squeaky floor repair toronto,anchor-city,Commercial,squeaky-floor-repair,Squeaky Floor Repair,Flooring,no,,,,,,service page,/services/squeaky-floor-repair/,,,,no
1,14,head,stair installation,head,Commercial,stair-installation,Stair Installation,Stairs & Railings,no,,,,,,service page,/services/stair-installation/,,,,no
1,14,head,stair installation contractor,hiring,Commercial,stair-installation,Stair Installation,Stairs & Railings,no,,,,,,service page,/services/stair-installation/,,,,no
1,14,head,stair installation contractors,hiring,Commercial,stair-installation,Stair Installation,Stairs & Railings,no,,,,,,service page,/services/stair-installation/,,,,no
1,14,head,stair installation near me,near-me,Transactional,stair-installation,Stair Installation,Stairs & Railings,no,,,,,,service page,/services/stair-installation/,,,,no
1,14,head,stair installation toronto,anchor-city,Commercial,stair-installation,Stair Installation,Stairs & Railings,no,,,,,,service page,/services/stair-installation/,,,,no
1,14,head,stair lift installation,head,Commercial,stair-lift-installation,Stair Lift Installation,Accessibility,no,,,,,,service page,/services/stair-lift-installation/,,,,no
1,14,head,stair lift installation contractor,hiring,Commercial,stair-lift-installation,Stair Lift Installation,Accessibility,no,,,,,,service page,/services/stair-lift-installation/,,,,no
1,14,head,stair lift installation contractors,hiring,Commercial,stair-lift-installation,Stair Lift Installation,Accessibility,no,,,,,,service page,/services/stair-lift-installation/,,,,no
1,14,head,stair lift installation near me,near-me,Transactional,stair-lift-installation,Stair Lift Installation,Accessibility,no,,,,,,service page,/services/stair-lift-installation/,,,,no
1,14,head,stair lift installation toronto,anchor-city,Commercial,stair-lift-installation,Stair Lift Installation,Accessibility,no,,,,,,service page,/services/stair-lift-installation/,,,,no
1,14,head,stair railing installation,head,Commercial,stair-railing-installation,Stair Railing Installation,Stairs & Railings,no,,,,,,service page,/services/stair-railing-installation/,,,,no
1,14,head,stair railing installation contractor,hiring,Commercial,stair-railing-installation,Stair Railing Installation,Stairs & Railings,no,,,,,,service page,/services/stair-railing-installation/,,,,no
1,14,head,stair railing installation contractors,hiring,Commercial,stair-railing-installation,Stair Railing Installation,Stairs & Railings,no,,,,,,service page,/services/stair-railing-installation/,,,,no
1,14,head,stair railing installation near me,near-me,Transactional,stair-railing-installation,Stair Railing Installation,Stairs & Railings,no,,,,,,service page,/services/stair-railing-installation/,,,,no
1,14,head,stair railing installation toronto,anchor-city,Commercial,stair-railing-installation,Stair Railing Installation,Stairs & Railings,no,,,,,,service page,/services/stair-railing-installation/,,,,no
1,15,head,stair refinishing,head,Commercial,stair-refinishing,Stair Refinishing,Stairs & Railings,no,,,,,,service page,/services/stair-refinishing/,,,,no
1,15,head,stair refinishing contractor,hiring,Commercial,stair-refinishing,Stair Refinishing,Stairs & Railings,no,,,,,,service page,/services/stair-refinishing/,,,,no
1,15,head,stair refinishing contractors,hiring,Commercial,stair-refinishing,Stair Refinishing,Stairs & Railings,no,,,,,,service page,/services/stair-refinishing/,,,,no
1,15,head,stair refinishing near me,near-me,Transactional,stair-refinishing,Stair Refinishing,Stairs & Railings,no,,,,,,service page,/services/stair-refinishing/,,,,no
1,15,head,stair refinishing toronto,anchor-city,Commercial,stair-refinishing,Stair Refinishing,Stairs & Railings,no,,,,,,service page,/services/stair-refinishing/,,,,no
1,15,head,stair tread replacement,head,Commercial,stair-tread-replacement,Stair Tread Replacement,Stairs & Railings,no,,,,,,service page,/services/stair-tread-replacement/,,,,no
1,15,head,stair tread replacement contractor,hiring,Commercial,stair-tread-replacement,Stair Tread Replacement,Stairs & Railings,no,,,,,,service page,/services/stair-tread-replacement/,,,,no
1,15,head,stair tread replacement contractors,hiring,Commercial,stair-tread-replacement,Stair Tread Replacement,Stairs & Railings,no,,,,,,service page,/services/stair-tread-replacement/,,,,no
1,15,head,stair tread replacement near me,near-me,Transactional,stair-tread-replacement,Stair Tread Replacement,Stairs & Railings,no,,,,,,service page,/services/stair-tread-replacement/,,,,no
1,15,head,stair tread replacement toronto,anchor-city,Commercial,stair-tread-replacement,Stair Tread Replacement,Stairs & Railings,no,,,,,,service page,/services/stair-tread-replacement/,,,,no
1,15,head,staircase painting,head,Commercial,staircase-painting,Staircase Painting,Painting,no,,,,,,service page,/services/staircase-painting/,,,,no
1,15,head,staircase painting contractor,hiring,Commercial,staircase-painting,Staircase Painting,Painting,no,,,,,,service page,/services/staircase-painting/,,,,no
1,15,head,staircase painting contractors,hiring,Commercial,staircase-painting,Staircase Painting,Painting,no,,,,,,service page,/services/staircase-painting/,,,,no
1,15,head,staircase painting near me,near-me,Transactional,staircase-painting,Staircase Painting,Painting,no,,,,,,service page,/services/staircase-painting/,,,,no
1,15,head,staircase painting toronto,anchor-city,Commercial,staircase-painting,Staircase Painting,Painting,no,,,,,,service page,/services/staircase-painting/,,,,no
1,15,head,stone veneer installation,head,Commercial,stone-veneer-installation,Stone Veneer Installation,Exterior & Siding,no,,,,,,service page,/services/stone-veneer-installation/,,,,no
1,15,head,stone veneer installation contractor,hiring,Commercial,stone-veneer-installation,Stone Veneer Installation,Exterior & Siding,no,,,,,,service page,/services/stone-veneer-installation/,,,,no
1,15,head,stone veneer installation contractors,hiring,Commercial,stone-veneer-installation,Stone Veneer Installation,Exterior & Siding,no,,,,,,service page,/services/stone-veneer-installation/,,,,no
1,15,head,stone veneer installation near me,near-me,Transactional,stone-veneer-installation,Stone Veneer Installation,Exterior & Siding,no,,,,,,service page,/services/stone-veneer-installation/,,,,no
1,15,head,stone veneer installation toronto,anchor-city,Commercial,stone-veneer-installation,Stone Veneer Installation,Exterior & Siding,no,,,,,,service page,/services/stone-veneer-installation/,,,,no
1,15,head,storm door installation,head,Commercial,storm-door-installation,Storm Door Installation,Doors,no,,,,,,service page,/services/storm-door-installation/,,,,no
1,15,head,storm door installation contractor,hiring,Commercial,storm-door-installation,Storm Door Installation,Doors,no,,,,,,service page,/services/storm-door-installation/,,,,no
1,15,head,storm door installation contractors,hiring,Commercial,storm-door-installation,Storm Door Installation,Doors,no,,,,,,service page,/services/storm-door-installation/,,,,no
1,15,head,storm door installation near me,near-me,Transactional,storm-door-installation,Storm Door Installation,Doors,no,,,,,,service page,/services/storm-door-installation/,90,29,3.38,yes
1,15,head,storm door installation toronto,anchor-city,Commercial,storm-door-installation,Storm Door Installation,Doors,no,,,,,,service page,/services/storm-door-installation/,,,,no
1,15,head,structural beam installation,head,Commercial,structural-beam-installation,Structural Beam Installation,Whole Home,no,,,,,,service page,/services/structural-beam-installation/,,,,no
1,15,head,structural beam installation contractor,hiring,Commercial,structural-beam-installation,Structural Beam Installation,Whole Home,no,,,,,,service page,/services/structural-beam-installation/,,,,no
1,15,head,structural beam installation contractors,hiring,Commercial,structural-beam-installation,Structural Beam Installation,Whole Home,no,,,,,,service page,/services/structural-beam-installation/,,,,no
1,15,head,structural beam installation near me,near-me,Transactional,structural-beam-installation,Structural Beam Installation,Whole Home,no,,,,,,service page,/services/structural-beam-installation/,,,,no
1,15,head,structural beam installation toronto,anchor-city,Commercial,structural-beam-installation,Structural Beam Installation,Whole Home,no,,,,,,service page,/services/structural-beam-installation/,,,,no
1,15,head,stucco installation,head,Commercial,stucco-installation,Stucco Installation,Exterior & Siding,no,,,,,,service page,/services/stucco-installation/,,,,no
1,15,head,stucco installation contractor,hiring,Commercial,stucco-installation,Stucco Installation,Exterior & Siding,no,,,,,,service page,/services/stucco-installation/,,,,no
1,15,head,stucco installation contractors,hiring,Commercial,stucco-installation,Stucco Installation,Exterior & Siding,no,,,,,,service page,/services/stucco-installation/,,,,no
1,15,head,stucco installation near me,near-me,Transactional,stucco-installation,Stucco Installation,Exterior & Siding,no,,,,,,service page,/services/stucco-installation/,,,,no
1,15,head,stucco installation toronto,anchor-city,Commercial,stucco-installation,Stucco Installation,Exterior & Siding,no,,,,,,service page,/services/stucco-installation/,,,,no
1,15,head,stucco painting,head,Commercial,stucco-painting,Stucco Painting,Painting,no,,,,,,service page,/services/stucco-painting/,,,,no
1,15,head,stucco painting contractor,hiring,Commercial,stucco-painting,Stucco Painting,Painting,no,,,,,,service page,/services/stucco-painting/,,,,no
1,15,head,stucco painting contractors,hiring,Commercial,stucco-painting,Stucco Painting,Painting,no,,,,,,service page,/services/stucco-painting/,,,,no
1,15,head,stucco painting near me,near-me,Transactional,stucco-painting,Stucco Painting,Painting,no,,,,,,service page,/services/stucco-painting/,,,,no
1,15,head,stucco painting toronto,anchor-city,Commercial,stucco-painting,Stucco Painting,Painting,no,,,,,,service page,/services/stucco-painting/,,,,no
1,15,head,stucco repair,head,Commercial,stucco-repair,Stucco Repair,Exterior & Siding,no,,,,,,service page,/services/stucco-repair/,,,,no
1,15,head,stucco repair contractor,hiring,Commercial,stucco-repair,Stucco Repair,Exterior & Siding,no,,,,,,service page,/services/stucco-repair/,,,,no
1,15,head,stucco repair contractors,hiring,Commercial,stucco-repair,Stucco Repair,Exterior & Siding,no,,,,,,service page,/services/stucco-repair/,,,,no
1,15,head,stucco repair near me,near-me,Transactional,stucco-repair,Stucco Repair,Exterior & Siding,no,,,,,,service page,/services/stucco-repair/,,,,no
1,15,head,stucco repair toronto,anchor-city,Commercial,stucco-repair,Stucco Repair,Exterior & Siding,no,,,,,,service page,/services/stucco-repair/,,,,no
1,15,head,subfloor installation,head,Commercial,subfloor-installation,Subfloor Installation,Flooring,no,,,,,,service page,/services/subfloor-installation/,,,,no
1,15,head,subfloor installation contractor,hiring,Commercial,subfloor-installation,Subfloor Installation,Flooring,no,,,,,,service page,/services/subfloor-installation/,,,,no
1,15,head,subfloor installation contractors,hiring,Commercial,subfloor-installation,Subfloor Installation,Flooring,no,,,,,,service page,/services/subfloor-installation/,,,,no
1,15,head,subfloor installation near me,near-me,Transactional,subfloor-installation,Subfloor Installation,Flooring,no,,,,,,service page,/services/subfloor-installation/,,,,no
1,15,head,subfloor installation toronto,anchor-city,Commercial,subfloor-installation,Subfloor Installation,Flooring,no,,,,,,service page,/services/subfloor-installation/,,,,no
1,15,head,subfloor repair,head,Commercial,subfloor-repair,Subfloor Repair,Flooring,no,,,,,,service page,/services/subfloor-repair/,,,,no
1,15,head,subfloor repair contractor,hiring,Commercial,subfloor-repair,Subfloor Repair,Flooring,no,,,,,,service page,/services/subfloor-repair/,,,,no
1,15,head,subfloor repair contractors,hiring,Commercial,subfloor-repair,Subfloor Repair,Flooring,no,,,,,,service page,/services/subfloor-repair/,,,,no
1,15,head,subfloor repair near me,near-me,Transactional,subfloor-repair,Subfloor Repair,Flooring,no,,,,,,service page,/services/subfloor-repair/,,,,no
1,15,head,subfloor repair toronto,anchor-city,Commercial,subfloor-repair,Subfloor Repair,Flooring,no,,,,,,service page,/services/subfloor-repair/,,,,no
1,15,head,sump pump installation,head,Commercial,sump-pump-installation,Sump Pump Installation,Waterproofing,no,,,,,,service page,/services/sump-pump-installation/,,,,no
1,15,head,sump pump installation contractor,hiring,Commercial,sump-pump-installation,Sump Pump Installation,Waterproofing,no,,,,,,service page,/services/sump-pump-installation/,,,,no
1,15,head,sump pump installation contractors,hiring,Commercial,sump-pump-installation,Sump Pump Installation,Waterproofing,no,,,,,,service page,/services/sump-pump-installation/,,,,no
1,15,head,sump pump installation near me,near-me,Transactional,sump-pump-installation,Sump Pump Installation,Waterproofing,no,,,,,,service page,/services/sump-pump-installation/,,,,no
1,15,head,sump pump installation toronto,anchor-city,Commercial,sump-pump-installation,Sump Pump Installation,Waterproofing,no,,,,,,service page,/services/sump-pump-installation/,,,,no
1,15,head,sunroom addition,head,Commercial,sunroom-addition,Sunroom Addition,Specialty Rooms,no,,,,,,service page,/services/sunroom-addition/,,,,no
1,15,head,sunroom addition contractor,hiring,Commercial,sunroom-addition,Sunroom Addition,Specialty Rooms,no,,,,,,service page,/services/sunroom-addition/,,,,no
1,15,head,sunroom addition contractors,hiring,Commercial,sunroom-addition,Sunroom Addition,Specialty Rooms,no,,,,,,service page,/services/sunroom-addition/,,,,no
1,15,head,sunroom addition near me,near-me,Transactional,sunroom-addition,Sunroom Addition,Specialty Rooms,no,,,,,,service page,/services/sunroom-addition/,,,,no
1,15,head,sunroom addition toronto,anchor-city,Commercial,sunroom-addition,Sunroom Addition,Specialty Rooms,no,,,,,,service page,/services/sunroom-addition/,,,,no
1,15,head,tile removal,head,Commercial,tile-removal,Tile Removal,Tile,no,,,,,,service page,/services/tile-removal/,,,,no
1,15,head,tile removal contractor,hiring,Commercial,tile-removal,Tile Removal,Tile,no,,,,,,service page,/services/tile-removal/,,,,no
1,15,head,tile removal contractors,hiring,Commercial,tile-removal,Tile Removal,Tile,no,,,,,,service page,/services/tile-removal/,,,,no
1,15,head,tile removal near me,near-me,Transactional,tile-removal,Tile Removal,Tile,no,,,,,,service page,/services/tile-removal/,,,,no
1,15,head,tile removal toronto,anchor-city,Commercial,tile-removal,Tile Removal,Tile,no,,,,,,service page,/services/tile-removal/,,,,no
1,15,head,tile repair,head,Commercial,tile-repair,Tile Repair,Tile,no,,,,,,service page,/services/tile-repair/,,,,no
1,15,head,tile repair contractor,hiring,Commercial,tile-repair,Tile Repair,Tile,no,,,,,,service page,/services/tile-repair/,,,,no
1,15,head,tile repair contractors,hiring,Commercial,tile-repair,Tile Repair,Tile,no,,,,,,service page,/services/tile-repair/,,,,no
1,15,head,tile repair near me,near-me,Transactional,tile-repair,Tile Repair,Tile,no,,,,,,service page,/services/tile-repair/,,,,no
1,15,head,tile repair toronto,anchor-city,Commercial,tile-repair,Tile Repair,Tile,no,,,,,,service page,/services/tile-repair/,,,,no
1,15,head,toilet installation,head,Commercial,toilet-installation,Toilet Installation,Bathroom,no,,,,,,service page,/services/toilet-installation/,,,,no
1,15,head,toilet installation contractor,hiring,Commercial,toilet-installation,Toilet Installation,Bathroom,no,,,,,,service page,/services/toilet-installation/,,,,no
1,15,head,toilet installation contractors,hiring,Commercial,toilet-installation,Toilet Installation,Bathroom,no,,,,,,service page,/services/toilet-installation/,,,,no
1,15,head,toilet installation near me,near-me,Transactional,toilet-installation,Toilet Installation,Bathroom,no,,,,,,service page,/services/toilet-installation/,,,,no
1,15,head,toilet installation toronto,anchor-city,Commercial,toilet-installation,Toilet Installation,Bathroom,no,,,,,,service page,/services/toilet-installation/,,,,no
1,15,head,trim painting,head,Commercial,trim-painting,Trim Painting,Painting,no,,,,,,service page,/services/trim-painting/,,,,no
1,15,head,trim painting contractor,hiring,Commercial,trim-painting,Trim Painting,Painting,no,,,,,,service page,/services/trim-painting/,,,,no
1,15,head,trim painting contractors,hiring,Commercial,trim-painting,Trim Painting,Painting,no,,,,,,service page,/services/trim-painting/,,,,no
1,15,head,trim painting near me,near-me,Transactional,trim-painting,Trim Painting,Painting,no,,,,,,service page,/services/trim-painting/,,,,no
1,15,head,trim painting toronto,anchor-city,Commercial,trim-painting,Trim Painting,Painting,no,,,,,,service page,/services/trim-painting/,,,,no
1,15,head,under cabinet lighting installation,head,Commercial,under-cabinet-lighting-installation,Under Cabinet Lighting,Electrical,no,,,,,,service page,/services/under-cabinet-lighting-installation/,,,,no
1,15,head,under cabinet lighting installation contractor,hiring,Commercial,under-cabinet-lighting-installation,Under Cabinet Lighting,Electrical,no,,,,,,service page,/services/under-cabinet-lighting-installation/,,,,no
1,15,head,under cabinet lighting installation contractors,hiring,Commercial,under-cabinet-lighting-installation,Under Cabinet Lighting,Electrical,no,,,,,,service page,/services/under-cabinet-lighting-installation/,,,,no
1,15,head,under cabinet lighting installation near me,near-me,Transactional,under-cabinet-lighting-installation,Under Cabinet Lighting,Electrical,no,,,,,,service page,/services/under-cabinet-lighting-installation/,,,,no
1,15,head,under cabinet lighting installation toronto,anchor-city,Commercial,under-cabinet-lighting-installation,Under Cabinet Lighting,Electrical,no,,,,,,service page,/services/under-cabinet-lighting-installation/,,,,no
1,15,head,vapour barrier installation,head,Commercial,vapour-barrier-installation,Vapour Barrier Installation,Insulation & Energy,no,,,,,,service page,/services/vapour-barrier-installation/,,,,no
1,15,head,vapour barrier installation contractor,hiring,Commercial,vapour-barrier-installation,Vapour Barrier Installation,Insulation & Energy,no,,,,,,service page,/services/vapour-barrier-installation/,,,,no
1,15,head,vapour barrier installation contractors,hiring,Commercial,vapour-barrier-installation,Vapour Barrier Installation,Insulation & Energy,no,,,,,,service page,/services/vapour-barrier-installation/,,,,no
1,15,head,vapour barrier installation near me,near-me,Transactional,vapour-barrier-installation,Vapour Barrier Installation,Insulation & Energy,no,,,,,,service page,/services/vapour-barrier-installation/,,,,no
1,15,head,vapour barrier installation toronto,anchor-city,Commercial,vapour-barrier-installation,Vapour Barrier Installation,Insulation & Energy,no,,,,,,service page,/services/vapour-barrier-installation/,,,,no
1,15,head,vinyl fence installation,head,Commercial,vinyl-fence-installation,Vinyl Fence Installation,Fences,no,,,,,,service page,/services/vinyl-fence-installation/,,,,no
1,15,head,vinyl fence installation contractor,hiring,Commercial,vinyl-fence-installation,Vinyl Fence Installation,Fences,no,,,,,,service page,/services/vinyl-fence-installation/,,,,no
1,15,head,vinyl fence installation contractors,hiring,Commercial,vinyl-fence-installation,Vinyl Fence Installation,Fences,no,,,,,,service page,/services/vinyl-fence-installation/,,,,no
1,15,head,vinyl fence installation near me,near-me,Transactional,vinyl-fence-installation,Vinyl Fence Installation,Fences,no,,,,,,service page,/services/vinyl-fence-installation/,,,,no
1,15,head,vinyl fence installation toronto,anchor-city,Commercial,vinyl-fence-installation,Vinyl Fence Installation,Fences,no,,,,,,service page,/services/vinyl-fence-installation/,,,,no
1,16,head,vinyl siding installation,head,Commercial,vinyl-siding-installation,Vinyl Siding Installation,Exterior & Siding,no,,,,,,service page,/services/vinyl-siding-installation/,,,,no
1,16,head,vinyl siding installation contractor,hiring,Commercial,vinyl-siding-installation,Vinyl Siding Installation,Exterior & Siding,no,,,,,,service page,/services/vinyl-siding-installation/,,,,no
1,16,head,vinyl siding installation contractors,hiring,Commercial,vinyl-siding-installation,Vinyl Siding Installation,Exterior & Siding,no,,,,,,service page,/services/vinyl-siding-installation/,,,,no
1,16,head,vinyl siding installation near me,near-me,Transactional,vinyl-siding-installation,Vinyl Siding Installation,Exterior & Siding,no,,,,,,service page,/services/vinyl-siding-installation/,,,,no
1,16,head,vinyl siding installation toronto,anchor-city,Commercial,vinyl-siding-installation,Vinyl Siding Installation,Exterior & Siding,no,,,,,,service page,/services/vinyl-siding-installation/,,,,no
1,16,head,vinyl window installation,head,Commercial,vinyl-window-installation,Vinyl Window Installation,Windows,no,,,,,,service page,/services/vinyl-window-installation/,,,,no
1,16,head,vinyl window installation contractor,hiring,Commercial,vinyl-window-installation,Vinyl Window Installation,Windows,no,,,,,,service page,/services/vinyl-window-installation/,,,,no
1,16,head,vinyl window installation contractors,hiring,Commercial,vinyl-window-installation,Vinyl Window Installation,Windows,no,,,,,,service page,/services/vinyl-window-installation/,,,,no
1,16,head,vinyl window installation near me,near-me,Transactional,vinyl-window-installation,Vinyl Window Installation,Windows,no,,,,,,service page,/services/vinyl-window-installation/,,,,no
1,16,head,vinyl window installation toronto,anchor-city,Commercial,vinyl-window-installation,Vinyl Window Installation,Windows,no,,,,,,service page,/services/vinyl-window-installation/,,,,no
1,16,head,wainscoting installation,head,Commercial,wainscoting-installation,Wainscoting Installation,Trim & Millwork,no,,,,,,service page,/services/wainscoting-installation/,,,,no
1,16,head,wainscoting installation contractor,hiring,Commercial,wainscoting-installation,Wainscoting Installation,Trim & Millwork,no,,,,,,service page,/services/wainscoting-installation/,,,,no
1,16,head,wainscoting installation contractors,hiring,Commercial,wainscoting-installation,Wainscoting Installation,Trim & Millwork,no,,,,,,service page,/services/wainscoting-installation/,,,,no
1,16,head,wainscoting installation near me,near-me,Transactional,wainscoting-installation,Wainscoting Installation,Trim & Millwork,no,,,,,,service page,/services/wainscoting-installation/,,,,no
1,16,head,wainscoting installation toronto,anchor-city,Commercial,wainscoting-installation,Wainscoting Installation,Trim & Millwork,no,,,,,,service page,/services/wainscoting-installation/,,,,no
1,16,head,walk in closet installation,head,Commercial,walk-in-closet-installation,Walk-In Closet Installation,Cabinetry & Storage,no,,,,,,service page,/services/walk-in-closet-installation/,,,,no
1,16,head,walk in closet installation contractor,hiring,Commercial,walk-in-closet-installation,Walk-In Closet Installation,Cabinetry & Storage,no,,,,,,service page,/services/walk-in-closet-installation/,,,,no
1,16,head,walk in closet installation contractors,hiring,Commercial,walk-in-closet-installation,Walk-In Closet Installation,Cabinetry & Storage,no,,,,,,service page,/services/walk-in-closet-installation/,,,,no
1,16,head,walk in closet installation near me,near-me,Transactional,walk-in-closet-installation,Walk-In Closet Installation,Cabinetry & Storage,no,,,,,,service page,/services/walk-in-closet-installation/,,,,no
1,16,head,walk in closet installation toronto,anchor-city,Commercial,walk-in-closet-installation,Walk-In Closet Installation,Cabinetry & Storage,no,,,,,,service page,/services/walk-in-closet-installation/,,,,no
1,16,head,walk in shower installation,head,Commercial,walk-in-shower-installation,Walk-In Shower Installation,Bathroom,no,,,,,,service page,/services/walk-in-shower-installation/,,,,no
1,16,head,walk in shower installation contractor,hiring,Commercial,walk-in-shower-installation,Walk-In Shower Installation,Bathroom,no,,,,,,service page,/services/walk-in-shower-installation/,,,,no
1,16,head,walk in shower installation contractors,hiring,Commercial,walk-in-shower-installation,Walk-In Shower Installation,Bathroom,no,,,,,,service page,/services/walk-in-shower-installation/,,,,no
1,16,head,walk in shower installation near me,near-me,Transactional,walk-in-shower-installation,Walk-In Shower Installation,Bathroom,no,,,,,,service page,/services/walk-in-shower-installation/,,,,no
1,16,head,walk in shower installation toronto,anchor-city,Commercial,walk-in-shower-installation,Walk-In Shower Installation,Bathroom,no,,,,,,service page,/services/walk-in-shower-installation/,,,,no
1,16,head,walkout basement construction,head,Commercial,walkout-basement-construction,Walkout Basement Construction,Basement,no,,,,,,service page,/services/walkout-basement-construction/,,,,no
1,16,head,walkout basement construction contractor,hiring,Commercial,walkout-basement-construction,Walkout Basement Construction,Basement,no,,,,,,service page,/services/walkout-basement-construction/,,,,no
1,16,head,walkout basement construction contractors,hiring,Commercial,walkout-basement-construction,Walkout Basement Construction,Basement,no,,,,,,service page,/services/walkout-basement-construction/,,,,no
1,16,head,walkout basement construction near me,near-me,Transactional,walkout-basement-construction,Walkout Basement Construction,Basement,no,,,,,,service page,/services/walkout-basement-construction/,,,,no
1,16,head,walkout basement construction toronto,anchor-city,Commercial,walkout-basement-construction,Walkout Basement Construction,Basement,no,,,,,,service page,/services/walkout-basement-construction/,,,,no
1,16,head,wall insulation,head,Commercial,wall-insulation,Wall Insulation,Insulation & Energy,no,,,,,,service page,/services/wall-insulation/,,,,no
1,16,head,wall insulation contractor,hiring,Commercial,wall-insulation,Wall Insulation,Insulation & Energy,no,,,,,,service page,/services/wall-insulation/,,,,no
1,16,head,wall insulation contractors,hiring,Commercial,wall-insulation,Wall Insulation,Insulation & Energy,no,,,,,,service page,/services/wall-insulation/,,,,no
1,16,head,wall insulation near me,near-me,Transactional,wall-insulation,Wall Insulation,Insulation & Energy,no,,,,,,service page,/services/wall-insulation/,,,,no
1,16,head,wall insulation toronto,anchor-city,Commercial,wall-insulation,Wall Insulation,Insulation & Energy,no,,,,,,service page,/services/wall-insulation/,,,,no
1,16,head,wallpaper installation,head,Commercial,wallpaper-installation,Wallpaper Installation,Painting,no,,,,,,service page,/services/wallpaper-installation/,,,,no
1,16,head,wallpaper installation contractor,hiring,Commercial,wallpaper-installation,Wallpaper Installation,Painting,no,,,,,,service page,/services/wallpaper-installation/,,,,no
1,16,head,wallpaper installation contractors,hiring,Commercial,wallpaper-installation,Wallpaper Installation,Painting,no,,,,,,service page,/services/wallpaper-installation/,,,,no
1,16,head,wallpaper installation near me,near-me,Transactional,wallpaper-installation,Wallpaper Installation,Painting,no,,,,,,service page,/services/wallpaper-installation/,,,,no
1,16,head,wallpaper installation toronto,anchor-city,Commercial,wallpaper-installation,Wallpaper Installation,Painting,no,,,,,,service page,/services/wallpaper-installation/,,,,no
1,16,head,wallpaper removal,head,Commercial,wallpaper-removal,Wallpaper Removal,Painting,no,,,,,,service page,/services/wallpaper-removal/,,,,no
1,16,head,wallpaper removal contractor,hiring,Commercial,wallpaper-removal,Wallpaper Removal,Painting,no,,,,,,service page,/services/wallpaper-removal/,,,,no
1,16,head,wallpaper removal contractors,hiring,Commercial,wallpaper-removal,Wallpaper Removal,Painting,no,,,,,,service page,/services/wallpaper-removal/,,,,no
1,16,head,wallpaper removal near me,near-me,Transactional,wallpaper-removal,Wallpaper Removal,Painting,no,,,,,,service page,/services/wallpaper-removal/,,,,no
1,16,head,wallpaper removal toronto,anchor-city,Commercial,wallpaper-removal,Wallpaper Removal,Painting,no,,,,,,service page,/services/wallpaper-removal/,,,,no
1,16,head,water damage drywall repair,head,Commercial,water-damage-drywall-repair,Water Damage Drywall Repair,Drywall & Ceilings,no,,,,,,service page,/services/water-damage-drywall-repair/,,,,no
1,16,head,water damage drywall repair contractor,hiring,Commercial,water-damage-drywall-repair,Water Damage Drywall Repair,Drywall & Ceilings,no,,,,,,service page,/services/water-damage-drywall-repair/,,,,no
1,16,head,water damage drywall repair contractors,hiring,Commercial,water-damage-drywall-repair,Water Damage Drywall Repair,Drywall & Ceilings,no,,,,,,service page,/services/water-damage-drywall-repair/,,,,no
1,16,head,water damage drywall repair near me,near-me,Transactional,water-damage-drywall-repair,Water Damage Drywall Repair,Drywall & Ceilings,no,,,,,,service page,/services/water-damage-drywall-repair/,,,,no
1,16,head,water damage drywall repair toronto,anchor-city,Commercial,water-damage-drywall-repair,Water Damage Drywall Repair,Drywall & Ceilings,no,,,,,,service page,/services/water-damage-drywall-repair/,,,,no
1,16,head,water heater installation,head,Commercial,water-heater-installation,Water Heater Installation,Plumbing,no,,,,,,service page,/services/water-heater-installation/,,,,no
1,16,head,water heater installation contractor,hiring,Commercial,water-heater-installation,Water Heater Installation,Plumbing,no,,,,,,service page,/services/water-heater-installation/,,,,no
1,16,head,water heater installation contractors,hiring,Commercial,water-heater-installation,Water Heater Installation,Plumbing,no,,,,,,service page,/services/water-heater-installation/,,,,no
1,16,head,water heater installation near me,near-me,Transactional,water-heater-installation,Water Heater Installation,Plumbing,no,,,,,,service page,/services/water-heater-installation/,,,,no
1,16,head,water heater installation toronto,anchor-city,Commercial,water-heater-installation,Water Heater Installation,Plumbing,no,,,,,,service page,/services/water-heater-installation/,,,,no
1,16,head,water line replacement,head,Commercial,water-line-replacement,Water Line Replacement,Plumbing,no,,,,,,service page,/services/water-line-replacement/,480,8,6.99,yes
1,16,head,water line replacement contractor,hiring,Commercial,water-line-replacement,Water Line Replacement,Plumbing,no,,,,,,service page,/services/water-line-replacement/,,,,no
1,16,head,water line replacement contractors,hiring,Commercial,water-line-replacement,Water Line Replacement,Plumbing,no,,,,,,service page,/services/water-line-replacement/,,,,no
1,16,head,water line replacement near me,near-me,Transactional,water-line-replacement,Water Line Replacement,Plumbing,no,,,,,,service page,/services/water-line-replacement/,110,6,7.76,yes
1,16,head,water line replacement toronto,anchor-city,Commercial,water-line-replacement,Water Line Replacement,Plumbing,no,,,,,,service page,/services/water-line-replacement/,,,,no
1,16,head,weeping tile installation,head,Commercial,weeping-tile-installation,Weeping Tile Installation,Waterproofing,no,,,,,,service page,/services/weeping-tile-installation/,,,,no
1,16,head,weeping tile installation contractor,hiring,Commercial,weeping-tile-installation,Weeping Tile Installation,Waterproofing,no,,,,,,service page,/services/weeping-tile-installation/,,,,no
1,16,head,weeping tile installation contractors,hiring,Commercial,weeping-tile-installation,Weeping Tile Installation,Waterproofing,no,,,,,,service page,/services/weeping-tile-installation/,,,,no
1,16,head,weeping tile installation near me,near-me,Transactional,weeping-tile-installation,Weeping Tile Installation,Waterproofing,no,,,,,,service page,/services/weeping-tile-installation/,,,,no
1,16,head,weeping tile installation toronto,anchor-city,Commercial,weeping-tile-installation,Weeping Tile Installation,Waterproofing,no,,,,,,service page,/services/weeping-tile-installation/,,,,no
1,16,head,wet basement repair,head,Commercial,wet-basement-repair,Wet Basement Repair,Waterproofing,no,,,,,,service page,/services/wet-basement-repair/,1600,29,7.65,yes
1,16,head,wet basement repair contractor,hiring,Commercial,wet-basement-repair,Wet Basement Repair,Waterproofing,no,,,,,,service page,/services/wet-basement-repair/,,,,no
1,16,head,wet basement repair contractors,hiring,Commercial,wet-basement-repair,Wet Basement Repair,Waterproofing,no,,,,,,service page,/services/wet-basement-repair/,,,,no
1,16,head,wet basement repair near me,near-me,Transactional,wet-basement-repair,Wet Basement Repair,Waterproofing,no,,,,,,service page,/services/wet-basement-repair/,,,,no
1,16,head,wet basement repair toronto,anchor-city,Commercial,wet-basement-repair,Wet Basement Repair,Waterproofing,no,,,,,,service page,/services/wet-basement-repair/,,,,no
1,16,head,wheelchair ramp installation,head,Commercial,wheelchair-ramp-installation,Wheelchair Ramp Installation,Accessibility,no,,,,,,service page,/services/wheelchair-ramp-installation/,,,,no
1,16,head,wheelchair ramp installation contractor,hiring,Commercial,wheelchair-ramp-installation,Wheelchair Ramp Installation,Accessibility,no,,,,,,service page,/services/wheelchair-ramp-installation/,,,,no
1,16,head,wheelchair ramp installation contractors,hiring,Commercial,wheelchair-ramp-installation,Wheelchair Ramp Installation,Accessibility,no,,,,,,service page,/services/wheelchair-ramp-installation/,,,,no
1,16,head,wheelchair ramp installation near me,near-me,Transactional,wheelchair-ramp-installation,Wheelchair Ramp Installation,Accessibility,no,,,,,,service page,/services/wheelchair-ramp-installation/,,,,no
1,16,head,wheelchair ramp installation toronto,anchor-city,Commercial,wheelchair-ramp-installation,Wheelchair Ramp Installation,Accessibility,no,,,,,,service page,/services/wheelchair-ramp-installation/,,,,no
1,16,head,window casing installation,head,Commercial,window-casing-installation,Window Casing Installation,Trim & Millwork,no,,,,,,service page,/services/window-casing-installation/,,,,no
1,16,head,window casing installation contractor,hiring,Commercial,window-casing-installation,Window Casing Installation,Trim & Millwork,no,,,,,,service page,/services/window-casing-installation/,,,,no
1,16,head,window casing installation contractors,hiring,Commercial,window-casing-installation,Window Casing Installation,Trim & Millwork,no,,,,,,service page,/services/window-casing-installation/,,,,no
1,16,head,window casing installation near me,near-me,Transactional,window-casing-installation,Window Casing Installation,Trim & Millwork,no,,,,,,service page,/services/window-casing-installation/,,,,no
1,16,head,window casing installation toronto,anchor-city,Commercial,window-casing-installation,Window Casing Installation,Trim & Millwork,no,,,,,,service page,/services/window-casing-installation/,,,,no
1,16,head,window glass replacement,head,Commercial,window-glass-replacement,Window Glass Replacement,Windows,no,,,,,,service page,/services/window-glass-replacement/,,,,no
1,16,head,window glass replacement contractor,hiring,Commercial,window-glass-replacement,Window Glass Replacement,Windows,no,,,,,,service page,/services/window-glass-replacement/,,,,no
1,16,head,window glass replacement contractors,hiring,Commercial,window-glass-replacement,Window Glass Replacement,Windows,no,,,,,,service page,/services/window-glass-replacement/,,,,no
1,16,head,window glass replacement near me,near-me,Transactional,window-glass-replacement,Window Glass Replacement,Windows,no,,,,,,service page,/services/window-glass-replacement/,,,,no
1,16,head,window glass replacement toronto,anchor-city,Commercial,window-glass-replacement,Window Glass Replacement,Windows,no,,,,,,service page,/services/window-glass-replacement/,,,,no
1,16,head,window repair,head,Commercial,window-repair,Window Repair,Windows,no,,,,,,service page,/services/window-repair/,,,,no
1,16,head,window repair contractor,hiring,Commercial,window-repair,Window Repair,Windows,no,,,,,,service page,/services/window-repair/,,,,no
1,16,head,window repair contractors,hiring,Commercial,window-repair,Window Repair,Windows,no,,,,,,service page,/services/window-repair/,,,,no
1,16,head,window repair near me,near-me,Transactional,window-repair,Window Repair,Windows,no,,,,,,service page,/services/window-repair/,,,,no
1,16,head,window repair toronto,anchor-city,Commercial,window-repair,Window Repair,Windows,no,,,,,,service page,/services/window-repair/,,,,no
1,16,head,window sill replacement,head,Commercial,window-sill-replacement,Window Sill Replacement,Windows,no,,,,,,service page,/services/window-sill-replacement/,,,,no
1,16,head,window sill replacement contractor,hiring,Commercial,window-sill-replacement,Window Sill Replacement,Windows,no,,,,,,service page,/services/window-sill-replacement/,,,,no
1,16,head,window sill replacement contractors,hiring,Commercial,window-sill-replacement,Window Sill Replacement,Windows,no,,,,,,service page,/services/window-sill-replacement/,,,,no
1,16,head,window sill replacement near me,near-me,Transactional,window-sill-replacement,Window Sill Replacement,Windows,no,,,,,,service page,/services/window-sill-replacement/,,,,no
1,16,head,window sill replacement toronto,anchor-city,Commercial,window-sill-replacement,Window Sill Replacement,Windows,no,,,,,,service page,/services/window-sill-replacement/,,,,no
1,16,head,window trim installation,head,Commercial,window-trim-installation,Window Trim Installation,Windows,no,,,,,,service page,/services/window-trim-installation/,,,,no
1,16,head,window trim installation contractor,hiring,Commercial,window-trim-installation,Window Trim Installation,Windows,no,,,,,,service page,/services/window-trim-installation/,,,,no
1,16,head,window trim installation contractors,hiring,Commercial,window-trim-installation,Window Trim Installation,Windows,no,,,,,,service page,/services/window-trim-installation/,,,,no
1,16,head,window trim installation near me,near-me,Transactional,window-trim-installation,Window Trim Installation,Windows,no,,,,,,service page,/services/window-trim-installation/,,,,no
1,16,head,window trim installation toronto,anchor-city,Commercial,window-trim-installation,Window Trim Installation,Windows,no,,,,,,service page,/services/window-trim-installation/,,,,no
1,17,head,window well installation,head,Commercial,window-well-installation,Window Well Installation,Waterproofing,no,,,,,,service page,/services/window-well-installation/,,,,no
1,17,head,window well installation contractor,hiring,Commercial,window-well-installation,Window Well Installation,Waterproofing,no,,,,,,service page,/services/window-well-installation/,,,,no
1,17,head,window well installation contractors,hiring,Commercial,window-well-installation,Window Well Installation,Waterproofing,no,,,,,,service page,/services/window-well-installation/,,,,no
1,17,head,window well installation near me,near-me,Transactional,window-well-installation,Window Well Installation,Waterproofing,no,,,,,,service page,/services/window-well-installation/,,,,no
1,17,head,window well installation toronto,anchor-city,Commercial,window-well-installation,Window Well Installation,Waterproofing,no,,,,,,service page,/services/window-well-installation/,,,,no
1,17,head,wine cellar construction,head,Commercial,wine-cellar-construction,Wine Cellar Construction,Specialty Rooms,no,,,,,,service page,/services/wine-cellar-construction/,,,,no
1,17,head,wine cellar construction contractor,hiring,Commercial,wine-cellar-construction,Wine Cellar Construction,Specialty Rooms,no,,,,,,service page,/services/wine-cellar-construction/,,,,no
1,17,head,wine cellar construction contractors,hiring,Commercial,wine-cellar-construction,Wine Cellar Construction,Specialty Rooms,no,,,,,,service page,/services/wine-cellar-construction/,,,,no
1,17,head,wine cellar construction near me,near-me,Transactional,wine-cellar-construction,Wine Cellar Construction,Specialty Rooms,no,,,,,,service page,/services/wine-cellar-construction/,,,,no
1,17,head,wine cellar construction toronto,anchor-city,Commercial,wine-cellar-construction,Wine Cellar Construction,Specialty Rooms,no,,,,,,service page,/services/wine-cellar-construction/,,,,no
1,17,head,wood deck building,head,Commercial,wood-deck-building,Wood Deck Building,Decks,no,,,,,,service page,/services/wood-deck-building/,,,,no
1,17,head,wood deck building contractor,hiring,Commercial,wood-deck-building,Wood Deck Building,Decks,no,,,,,,service page,/services/wood-deck-building/,,,,no
1,17,head,wood deck building contractors,hiring,Commercial,wood-deck-building,Wood Deck Building,Decks,no,,,,,,service page,/services/wood-deck-building/,,,,no
1,17,head,wood deck building near me,near-me,Transactional,wood-deck-building,Wood Deck Building,Decks,no,,,,,,service page,/services/wood-deck-building/,,,,no
1,17,head,wood deck building toronto,anchor-city,Commercial,wood-deck-building,Wood Deck Building,Decks,no,,,,,,service page,/services/wood-deck-building/,,,,no
1,17,head,wood fence installation,head,Commercial,wood-fence-installation,Wood Fence Installation,Fences,no,,,,,,service page,/services/wood-fence-installation/,,,,no
1,17,head,wood fence installation contractor,hiring,Commercial,wood-fence-installation,Wood Fence Installation,Fences,no,,,,,,service page,/services/wood-fence-installation/,,,,no
1,17,head,wood fence installation contractors,hiring,Commercial,wood-fence-installation,Wood Fence Installation,Fences,no,,,,,,service page,/services/wood-fence-installation/,,,,no
1,17,head,wood fence installation near me,near-me,Transactional,wood-fence-installation,Wood Fence Installation,Fences,no,,,,,,service page,/services/wood-fence-installation/,,,,no
1,17,head,wood fence installation toronto,anchor-city,Commercial,wood-fence-installation,Wood Fence Installation,Fences,no,,,,,,service page,/services/wood-fence-installation/,,,,no
2,17,head,attic insulation companies,hiring,Commercial,attic-insulation,Attic Insulation,Insulation & Energy,yes,,,,,,service page,/services/attic-insulation/,,,,no
2,17,head,attic insulation company,hiring,Commercial,attic-insulation,Attic Insulation,Insulation & Energy,yes,,,,,,service page,/services/attic-insulation/,,,,no
2,17,head,attic insulation gta,anchor-city,Commercial,attic-insulation,Attic Insulation,Insulation & Energy,yes,,,,,,service page,/services/attic-insulation/,,,,no
2,17,head,attic insulation quote,quote,Transactional,attic-insulation,Attic Insulation,Insulation & Energy,yes,,,,,,service page,/services/attic-insulation/,,,,no
2,17,head,attic insulation services,hiring,Commercial,attic-insulation,Attic Insulation,Insulation & Energy,yes,,,,,,service page,/services/attic-insulation/,,,,no
2,17,head,best attic insulation,comparison,Commercial,attic-insulation,Attic Insulation,Insulation & Energy,yes,,,,,,service page,/services/attic-insulation/,,,,no
2,17,head,baseboard installation companies,hiring,Commercial,baseboard-installation,Baseboard Installation,Trim & Millwork,yes,,,,,,service page,/services/baseboard-installation/,,,,no
2,17,head,baseboard installation company,hiring,Commercial,baseboard-installation,Baseboard Installation,Trim & Millwork,yes,,,,,,service page,/services/baseboard-installation/,,,,no
2,17,head,baseboard installation gta,anchor-city,Commercial,baseboard-installation,Baseboard Installation,Trim & Millwork,yes,,,,,,service page,/services/baseboard-installation/,,,,no
2,17,head,baseboard installation quote,quote,Transactional,baseboard-installation,Baseboard Installation,Trim & Millwork,yes,,,,,,service page,/services/baseboard-installation/,,,,no
2,17,head,baseboard installation services,hiring,Commercial,baseboard-installation,Baseboard Installation,Trim & Millwork,yes,,,,,,service page,/services/baseboard-installation/,,,,no
2,17,head,best baseboard installation,comparison,Commercial,baseboard-installation,Baseboard Installation,Trim & Millwork,yes,,,,,,service page,/services/baseboard-installation/,,,,no
2,17,head,basement finishing companies,hiring,Commercial,basement-finishing,Basement Finishing,Basement,yes,,,,,,service page,/services/basement-finishing/,140,10,14.85,yes
2,17,head,basement finishing company,hiring,Commercial,basement-finishing,Basement Finishing,Basement,yes,,,,,,service page,/services/basement-finishing/,,,,no
2,17,head,basement finishing gta,anchor-city,Commercial,basement-finishing,Basement Finishing,Basement,yes,,,,,,service page,/services/basement-finishing/,,,,no
2,17,head,basement finishing quote,quote,Transactional,basement-finishing,Basement Finishing,Basement,yes,,,,,,service page,/services/basement-finishing/,,,,no
2,17,head,basement finishing services,hiring,Commercial,basement-finishing,Basement Finishing,Basement,yes,,,,,,service page,/services/basement-finishing/,,,,no
2,17,head,best basement finishing,comparison,Commercial,basement-finishing,Basement Finishing,Basement,yes,,,,,,service page,/services/basement-finishing/,,,,no
2,17,head,basement renovation companies,hiring,Commercial,basement-renovation,Basement Renovation,Basement,yes,,,,,,service page,/services/basement-renovation/,390,29,8.54,yes
2,17,head,basement renovation company,hiring,Commercial,basement-renovation,Basement Renovation,Basement,yes,,,,,,service page,/services/basement-renovation/,,,,no
2,17,head,basement renovation gta,anchor-city,Commercial,basement-renovation,Basement Renovation,Basement,yes,,,,,,service page,/services/basement-renovation/,,,,no
2,17,head,basement renovation quote,quote,Transactional,basement-renovation,Basement Renovation,Basement,yes,,,,,,service page,/services/basement-renovation/,,,,no
2,17,head,basement renovation services,hiring,Commercial,basement-renovation,Basement Renovation,Basement,yes,,,,,,service page,/services/basement-renovation/,480,17,7.82,yes
2,17,head,best basement renovation,comparison,Commercial,basement-renovation,Basement Renovation,Basement,yes,,,,,,service page,/services/basement-renovation/,,,,no
2,17,head,basement waterproofing companies,hiring,Commercial,basement-waterproofing,Basement Waterproofing,Waterproofing,yes,,,,,,service page,/services/basement-waterproofing/,260,13,5.75,yes
2,17,head,basement waterproofing company,hiring,Commercial,basement-waterproofing,Basement Waterproofing,Waterproofing,yes,,,,,,service page,/services/basement-waterproofing/,320,22,5.75,yes
2,17,head,basement waterproofing gta,anchor-city,Commercial,basement-waterproofing,Basement Waterproofing,Waterproofing,yes,,,,,,service page,/services/basement-waterproofing/,,,,no
2,17,head,basement waterproofing quote,quote,Transactional,basement-waterproofing,Basement Waterproofing,Waterproofing,yes,,,,,,service page,/services/basement-waterproofing/,,,,no
2,17,head,basement waterproofing services,hiring,Commercial,basement-waterproofing,Basement Waterproofing,Waterproofing,yes,,,,,,service page,/services/basement-waterproofing/,,,,no
2,17,head,best basement waterproofing,comparison,Commercial,basement-waterproofing,Basement Waterproofing,Waterproofing,yes,,,,,,service page,/services/basement-waterproofing/,,,,no
2,17,head,bathroom remodeling companies,hiring,Commercial,bathroom-remodeling,Bathroom Remodeling,Bathroom,yes,,,,,,service page,/services/bathroom-remodeling/,480,28,5.27,yes
2,17,head,bathroom remodeling company,hiring,Commercial,bathroom-remodeling,Bathroom Remodeling,Bathroom,yes,,,,,,service page,/services/bathroom-remodeling/,320,22,5.27,yes
2,17,head,bathroom remodeling gta,anchor-city,Commercial,bathroom-remodeling,Bathroom Remodeling,Bathroom,yes,,,,,,service page,/services/bathroom-remodeling/,,,,no
2,17,head,bathroom remodeling quote,quote,Transactional,bathroom-remodeling,Bathroom Remodeling,Bathroom,yes,,,,,,service page,/services/bathroom-remodeling/,,,,no
2,17,head,bathroom remodeling services,hiring,Commercial,bathroom-remodeling,Bathroom Remodeling,Bathroom,yes,,,,,,service page,/services/bathroom-remodeling/,320,26,4.53,yes
2,17,head,best bathroom remodeling,comparison,Commercial,bathroom-remodeling,Bathroom Remodeling,Bathroom,yes,,,,,,service page,/services/bathroom-remodeling/,,,,no
2,17,head,bathroom renovation companies,hiring,Commercial,bathroom-renovation,Bathroom Renovation,Bathroom,yes,,,,,,service page,/services/bathroom-renovation/,390,17,5.27,yes
2,17,head,bathroom renovation company,hiring,Commercial,bathroom-renovation,Bathroom Renovation,Bathroom,yes,,,,,,service page,/services/bathroom-renovation/,1300,25,5.27,yes
2,17,head,bathroom renovation gta,anchor-city,Commercial,bathroom-renovation,Bathroom Renovation,Bathroom,yes,,,,,,service page,/services/bathroom-renovation/,70,22,6.26,yes
2,17,head,bathroom renovation quote,quote,Transactional,bathroom-renovation,Bathroom Renovation,Bathroom,yes,,,,,,service page,/services/bathroom-renovation/,,,,no
2,17,head,bathroom renovation services,hiring,Commercial,bathroom-renovation,Bathroom Renovation,Bathroom,yes,,,,,,service page,/services/bathroom-renovation/,1000,20,4.53,yes
2,17,head,best bathroom renovation,comparison,Commercial,bathroom-renovation,Bathroom Renovation,Bathroom,yes,,,,,,service page,/services/bathroom-renovation/,,,,no
2,17,head,best concrete contractor,comparison,Commercial,concrete-contractor,Concrete Contractor,Concrete & Masonry,yes,,,,,,service page,/services/concrete-contractor/,,,,no
2,17,head,concrete contractor companies,hiring,Commercial,concrete-contractor,Concrete Contractor,Concrete & Masonry,yes,,,,,,service page,/services/concrete-contractor/,,,,no
2,17,head,concrete contractor company,hiring,Commercial,concrete-contractor,Concrete Contractor,Concrete & Masonry,yes,,,,,,service page,/services/concrete-contractor/,,,,no
2,17,head,concrete contractor gta,anchor-city,Commercial,concrete-contractor,Concrete Contractor,Concrete & Masonry,yes,,,,,,service page,/services/concrete-contractor/,,,,no
2,17,head,concrete contractor quote,quote,Transactional,concrete-contractor,Concrete Contractor,Concrete & Masonry,yes,,,,,,service page,/services/concrete-contractor/,,,,no
2,17,head,concrete contractor services,hiring,Commercial,concrete-contractor,Concrete Contractor,Concrete & Masonry,yes,,,,,,service page,/services/concrete-contractor/,,,,no
2,17,head,best condo renovation,comparison,Commercial,condo-renovation,Condo Renovation,Whole Home,yes,,,,,,service page,/services/condo-renovation/,,,,no
2,17,head,condo renovation companies,hiring,Commercial,condo-renovation,Condo Renovation,Whole Home,yes,,,,,,service page,/services/condo-renovation/,,,,no
2,17,head,condo renovation company,hiring,Commercial,condo-renovation,Condo Renovation,Whole Home,yes,,,,,,service page,/services/condo-renovation/,,,,no
2,17,head,condo renovation gta,anchor-city,Commercial,condo-renovation,Condo Renovation,Whole Home,yes,,,,,,service page,/services/condo-renovation/,,,,no
2,17,head,condo renovation quote,quote,Transactional,condo-renovation,Condo Renovation,Whole Home,yes,,,,,,service page,/services/condo-renovation/,,,,no
2,17,head,condo renovation services,hiring,Commercial,condo-renovation,Condo Renovation,Whole Home,yes,,,,,,service page,/services/condo-renovation/,,,,no
2,17,head,best countertop installation,comparison,Commercial,countertop-installation,Countertop Installation,Kitchen,yes,,,,,,service page,/services/countertop-installation/,,,,no
2,17,head,countertop installation companies,hiring,Commercial,countertop-installation,Countertop Installation,Kitchen,yes,,,,,,service page,/services/countertop-installation/,,,,no
2,17,head,countertop installation company,hiring,Commercial,countertop-installation,Countertop Installation,Kitchen,yes,,,,,,service page,/services/countertop-installation/,,,,no
2,17,head,countertop installation gta,anchor-city,Commercial,countertop-installation,Countertop Installation,Kitchen,yes,,,,,,service page,/services/countertop-installation/,,,,no
2,17,head,countertop installation quote,quote,Transactional,countertop-installation,Countertop Installation,Kitchen,yes,,,,,,service page,/services/countertop-installation/,,,,no
2,17,head,countertop installation services,hiring,Commercial,countertop-installation,Countertop Installation,Kitchen,yes,,,,,,service page,/services/countertop-installation/,,,,no
2,17,head,best crown moulding installation,comparison,Commercial,crown-moulding-installation,Crown Moulding Installation,Trim & Millwork,yes,,,,,,service page,/services/crown-moulding-installation/,,,,no
2,17,head,crown moulding installation companies,hiring,Commercial,crown-moulding-installation,Crown Moulding Installation,Trim & Millwork,yes,,,,,,service page,/services/crown-moulding-installation/,,,,no
2,17,head,crown moulding installation company,hiring,Commercial,crown-moulding-installation,Crown Moulding Installation,Trim & Millwork,yes,,,,,,service page,/services/crown-moulding-installation/,,,,no
2,17,head,crown moulding installation gta,anchor-city,Commercial,crown-moulding-installation,Crown Moulding Installation,Trim & Millwork,yes,,,,,,service page,/services/crown-moulding-installation/,,,,no
2,17,head,crown moulding installation quote,quote,Transactional,crown-moulding-installation,Crown Moulding Installation,Trim & Millwork,yes,,,,,,service page,/services/crown-moulding-installation/,,,,no
2,17,head,crown moulding installation services,hiring,Commercial,crown-moulding-installation,Crown Moulding Installation,Trim & Millwork,yes,,,,,,service page,/services/crown-moulding-installation/,,,,no
2,17,head,best custom cabinetry,comparison,Commercial,custom-cabinetry,Custom Cabinetry,Cabinetry & Storage,yes,,,,,,service page,/services/custom-cabinetry/,,,,no
2,17,head,custom cabinetry companies,hiring,Commercial,custom-cabinetry,Custom Cabinetry,Cabinetry & Storage,yes,,,,,,service page,/services/custom-cabinetry/,,,,no
2,17,head,custom cabinetry company,hiring,Commercial,custom-cabinetry,Custom Cabinetry,Cabinetry & Storage,yes,,,,,,service page,/services/custom-cabinetry/,,,,no
2,17,head,custom cabinetry gta,anchor-city,Commercial,custom-cabinetry,Custom Cabinetry,Cabinetry & Storage,yes,,,,,,service page,/services/custom-cabinetry/,,,,no
2,17,head,custom cabinetry quote,quote,Transactional,custom-cabinetry,Custom Cabinetry,Cabinetry & Storage,yes,,,,,,service page,/services/custom-cabinetry/,,,,no
2,17,head,custom cabinetry services,hiring,Commercial,custom-cabinetry,Custom Cabinetry,Cabinetry & Storage,yes,,,,,,service page,/services/custom-cabinetry/,,,,no
2,17,head,best custom closet installation,comparison,Commercial,custom-closet-installation,Custom Closet Installation,Cabinetry & Storage,yes,,,,,,service page,/services/custom-closet-installation/,,,,no
2,17,head,custom closet installation companies,hiring,Commercial,custom-closet-installation,Custom Closet Installation,Cabinetry & Storage,yes,,,,,,service page,/services/custom-closet-installation/,,,,no
2,17,head,custom closet installation company,hiring,Commercial,custom-closet-installation,Custom Closet Installation,Cabinetry & Storage,yes,,,,,,service page,/services/custom-closet-installation/,,,,no
2,17,head,custom closet installation gta,anchor-city,Commercial,custom-closet-installation,Custom Closet Installation,Cabinetry & Storage,yes,,,,,,service page,/services/custom-closet-installation/,,,,no
2,17,head,custom closet installation quote,quote,Transactional,custom-closet-installation,Custom Closet Installation,Cabinetry & Storage,yes,,,,,,service page,/services/custom-closet-installation/,,,,no
2,17,head,custom closet installation services,hiring,Commercial,custom-closet-installation,Custom Closet Installation,Cabinetry & Storage,yes,,,,,,service page,/services/custom-closet-installation/,,,,no
2,17,head,best custom doors,comparison,Commercial,custom-doors,Custom Doors,Doors,yes,,,,,,service page,/services/custom-doors/,,,,no
2,17,head,custom doors companies,hiring,Commercial,custom-doors,Custom Doors,Doors,yes,,,,,,service page,/services/custom-doors/,,,,no
2,18,head,custom doors company,hiring,Commercial,custom-doors,Custom Doors,Doors,yes,,,,,,service page,/services/custom-doors/,,,,no
2,18,head,custom doors gta,anchor-city,Commercial,custom-doors,Custom Doors,Doors,yes,,,,,,service page,/services/custom-doors/,,,,no
2,18,head,custom doors quote,quote,Transactional,custom-doors,Custom Doors,Doors,yes,,,,,,service page,/services/custom-doors/,,,,no
2,18,head,custom doors services,hiring,Commercial,custom-doors,Custom Doors,Doors,yes,,,,,,service page,/services/custom-doors/,,,,no
2,18,head,best custom kitchen cabinets,comparison,Commercial,custom-kitchen-cabinets,Custom Kitchen Cabinets,Kitchen,yes,,,,,,service page,/services/custom-kitchen-cabinets/,,,,no
2,18,head,custom kitchen cabinets companies,hiring,Commercial,custom-kitchen-cabinets,Custom Kitchen Cabinets,Kitchen,yes,,,,,,service page,/services/custom-kitchen-cabinets/,,,,no
2,18,head,custom kitchen cabinets company,hiring,Commercial,custom-kitchen-cabinets,Custom Kitchen Cabinets,Kitchen,yes,,,,,,service page,/services/custom-kitchen-cabinets/,,,,no
2,18,head,custom kitchen cabinets gta,anchor-city,Commercial,custom-kitchen-cabinets,Custom Kitchen Cabinets,Kitchen,yes,,,,,,service page,/services/custom-kitchen-cabinets/,,,,no
2,18,head,custom kitchen cabinets quote,quote,Transactional,custom-kitchen-cabinets,Custom Kitchen Cabinets,Kitchen,yes,,,,,,service page,/services/custom-kitchen-cabinets/,,,,no
2,18,head,custom kitchen cabinets services,hiring,Commercial,custom-kitchen-cabinets,Custom Kitchen Cabinets,Kitchen,yes,,,,,,service page,/services/custom-kitchen-cabinets/,,,,no
2,18,head,best deck builder,comparison,Commercial,deck-builder,Deck Builder,Decks,yes,,,,,,service page,/services/deck-builder/,,,,no
2,18,head,deck builder companies,hiring,Commercial,deck-builder,Deck Builder,Decks,yes,,,,,,service page,/services/deck-builder/,,,,no
2,18,head,deck builder company,hiring,Commercial,deck-builder,Deck Builder,Decks,yes,,,,,,service page,/services/deck-builder/,,,,no
2,18,head,deck builder gta,anchor-city,Commercial,deck-builder,Deck Builder,Decks,yes,,,,,,service page,/services/deck-builder/,,,,no
2,18,head,deck builder quote,quote,Transactional,deck-builder,Deck Builder,Decks,yes,,,,,,service page,/services/deck-builder/,,,,no
2,18,head,deck builder services,hiring,Commercial,deck-builder,Deck Builder,Decks,yes,,,,,,service page,/services/deck-builder/,,,,no
2,18,head,best deck building,comparison,Commercial,deck-building,Deck Building,Decks,yes,,,,,,service page,/services/deck-building/,,,,no
2,18,head,deck building companies,hiring,Commercial,deck-building,Deck Building,Decks,yes,,,,,,service page,/services/deck-building/,,,,no
2,18,head,deck building company,hiring,Commercial,deck-building,Deck Building,Decks,yes,,,,,,service page,/services/deck-building/,260,27,4.13,yes
2,18,head,deck building gta,anchor-city,Commercial,deck-building,Deck Building,Decks,yes,,,,,,service page,/services/deck-building/,,,,no
2,18,head,deck building quote,quote,Transactional,deck-building,Deck Building,Decks,yes,,,,,,service page,/services/deck-building/,,,,no
2,18,head,deck building services,hiring,Commercial,deck-building,Deck Building,Decks,yes,,,,,,service page,/services/deck-building/,,,,no
2,18,head,best deck repair,comparison,Commercial,deck-repair,Deck Repair,Decks,yes,,,,,,service page,/services/deck-repair/,,,,no
2,18,head,deck repair companies,hiring,Commercial,deck-repair,Deck Repair,Decks,yes,,,,,,service page,/services/deck-repair/,,,,no
2,18,head,deck repair company,hiring,Commercial,deck-repair,Deck Repair,Decks,yes,,,,,,service page,/services/deck-repair/,,,,no
2,18,head,deck repair gta,anchor-city,Commercial,deck-repair,Deck Repair,Decks,yes,,,,,,service page,/services/deck-repair/,,,,no
2,18,head,deck repair quote,quote,Transactional,deck-repair,Deck Repair,Decks,yes,,,,,,service page,/services/deck-repair/,,,,no
2,18,head,deck repair services,hiring,Commercial,deck-repair,Deck Repair,Decks,yes,,,,,,service page,/services/deck-repair/,,,,no
2,18,head,best door installation,comparison,Commercial,door-installation,Door Installation,Doors,yes,,,,,,service page,/services/door-installation/,,,,no
2,18,head,door installation companies,hiring,Commercial,door-installation,Door Installation,Doors,yes,,,,,,service page,/services/door-installation/,,,,no
2,18,head,door installation company,hiring,Commercial,door-installation,Door Installation,Doors,yes,,,,,,service page,/services/door-installation/,,,,no
2,18,head,door installation gta,anchor-city,Commercial,door-installation,Door Installation,Doors,yes,,,,,,service page,/services/door-installation/,,,,no
2,18,head,door installation quote,quote,Transactional,door-installation,Door Installation,Doors,yes,,,,,,service page,/services/door-installation/,,,,no
2,18,head,door installation services,hiring,Commercial,door-installation,Door Installation,Doors,yes,,,,,,service page,/services/door-installation/,480,14,6.87,yes
2,18,head,best door replacement,comparison,Commercial,door-replacement,Door Replacement,Doors,yes,,,,,,service page,/services/door-replacement/,,,,no
2,18,head,door replacement companies,hiring,Commercial,door-replacement,Door Replacement,Doors,yes,,,,,,service page,/services/door-replacement/,,,,no
2,18,head,door replacement company,hiring,Commercial,door-replacement,Door Replacement,Doors,yes,,,,,,service page,/services/door-replacement/,70,27,8.46,yes
2,18,head,door replacement gta,anchor-city,Commercial,door-replacement,Door Replacement,Doors,yes,,,,,,service page,/services/door-replacement/,,,,no
2,18,head,door replacement quote,quote,Transactional,door-replacement,Door Replacement,Doors,yes,,,,,,service page,/services/door-replacement/,,,,no
2,18,head,door replacement services,hiring,Commercial,door-replacement,Door Replacement,Doors,yes,,,,,,service page,/services/door-replacement/,,,,no
2,18,head,best drywall contractor,comparison,Commercial,drywall-contractor,Drywall Contractor,Drywall & Ceilings,yes,,,,,,service page,/services/drywall-contractor/,,,,no
2,18,head,drywall contractor companies,hiring,Commercial,drywall-contractor,Drywall Contractor,Drywall & Ceilings,yes,,,,,,service page,/services/drywall-contractor/,,,,no
2,18,head,drywall contractor company,hiring,Commercial,drywall-contractor,Drywall Contractor,Drywall & Ceilings,yes,,,,,,service page,/services/drywall-contractor/,,,,no
2,18,head,drywall contractor gta,anchor-city,Commercial,drywall-contractor,Drywall Contractor,Drywall & Ceilings,yes,,,,,,service page,/services/drywall-contractor/,,,,no
2,18,head,drywall contractor quote,quote,Transactional,drywall-contractor,Drywall Contractor,Drywall & Ceilings,yes,,,,,,service page,/services/drywall-contractor/,,,,no
2,18,head,drywall contractor services,hiring,Commercial,drywall-contractor,Drywall Contractor,Drywall & Ceilings,yes,,,,,,service page,/services/drywall-contractor/,,,,no
2,18,head,best drywall installation,comparison,Commercial,drywall-installation,Drywall Installation,Drywall & Ceilings,yes,,,,,,service page,/services/drywall-installation/,,,,no
2,18,head,drywall installation companies,hiring,Commercial,drywall-installation,Drywall Installation,Drywall & Ceilings,yes,,,,,,service page,/services/drywall-installation/,,,,no
2,18,head,drywall installation company,hiring,Commercial,drywall-installation,Drywall Installation,Drywall & Ceilings,yes,,,,,,service page,/services/drywall-installation/,,,,no
2,18,head,drywall installation gta,anchor-city,Commercial,drywall-installation,Drywall Installation,Drywall & Ceilings,yes,,,,,,service page,/services/drywall-installation/,,,,no
2,18,head,drywall installation quote,quote,Transactional,drywall-installation,Drywall Installation,Drywall & Ceilings,yes,,,,,,service page,/services/drywall-installation/,,,,no
2,18,head,drywall installation services,hiring,Commercial,drywall-installation,Drywall Installation,Drywall & Ceilings,yes,,,,,,service page,/services/drywall-installation/,,,,no
2,18,head,best drywall repair,comparison,Commercial,drywall-repair,Drywall Repair,Drywall & Ceilings,yes,,,,,,service page,/services/drywall-repair/,,,,no
2,18,head,drywall repair companies,hiring,Commercial,drywall-repair,Drywall Repair,Drywall & Ceilings,yes,,,,,,service page,/services/drywall-repair/,,,,no
2,18,head,drywall repair company,hiring,Commercial,drywall-repair,Drywall Repair,Drywall & Ceilings,yes,,,,,,service page,/services/drywall-repair/,,,,no
2,18,head,drywall repair gta,anchor-city,Commercial,drywall-repair,Drywall Repair,Drywall & Ceilings,yes,,,,,,service page,/services/drywall-repair/,,,,no
2,18,head,drywall repair quote,quote,Transactional,drywall-repair,Drywall Repair,Drywall & Ceilings,yes,,,,,,service page,/services/drywall-repair/,,,,no
2,18,head,drywall repair services,hiring,Commercial,drywall-repair,Drywall Repair,Drywall & Ceilings,yes,,,,,,service page,/services/drywall-repair/,,,,no
2,18,head,best electrical contractor,comparison,Commercial,electrical-contractor,Electrical Contractor,Electrical,yes,,,,,,service page,/services/electrical-contractor/,,,,no
2,18,head,electrical contractor companies,hiring,Commercial,electrical-contractor,Electrical Contractor,Electrical,yes,,,,,,service page,/services/electrical-contractor/,,,,no
2,18,head,electrical contractor company,hiring,Commercial,electrical-contractor,Electrical Contractor,Electrical,yes,,,,,,service page,/services/electrical-contractor/,,,,no
2,18,head,electrical contractor gta,anchor-city,Commercial,electrical-contractor,Electrical Contractor,Electrical,yes,,,,,,service page,/services/electrical-contractor/,,,,no
2,18,head,electrical contractor quote,quote,Transactional,electrical-contractor,Electrical Contractor,Electrical,yes,,,,,,service page,/services/electrical-contractor/,,,,no
2,18,head,electrical contractor services,hiring,Commercial,electrical-contractor,Electrical Contractor,Electrical,yes,,,,,,service page,/services/electrical-contractor/,,,,no
2,18,head,best electrical panel upgrade,comparison,Commercial,electrical-panel-upgrade,Electrical Panel Upgrade,Electrical,yes,,,,,,service page,/services/electrical-panel-upgrade/,,,,no
2,18,head,electrical panel upgrade companies,hiring,Commercial,electrical-panel-upgrade,Electrical Panel Upgrade,Electrical,yes,,,,,,service page,/services/electrical-panel-upgrade/,,,,no
2,18,head,electrical panel upgrade company,hiring,Commercial,electrical-panel-upgrade,Electrical Panel Upgrade,Electrical,yes,,,,,,service page,/services/electrical-panel-upgrade/,,,,no
2,18,head,electrical panel upgrade gta,anchor-city,Commercial,electrical-panel-upgrade,Electrical Panel Upgrade,Electrical,yes,,,,,,service page,/services/electrical-panel-upgrade/,,,,no
2,18,head,electrical panel upgrade quote,quote,Transactional,electrical-panel-upgrade,Electrical Panel Upgrade,Electrical,yes,,,,,,service page,/services/electrical-panel-upgrade/,,,,no
2,18,head,electrical panel upgrade services,hiring,Commercial,electrical-panel-upgrade,Electrical Panel Upgrade,Electrical,yes,,,,,,service page,/services/electrical-panel-upgrade/,,,,no
2,18,head,best exterior door installation,comparison,Commercial,exterior-door-installation,Exterior Door Installation,Doors,yes,,,,,,service page,/services/exterior-door-installation/,,,,no
2,18,head,exterior door installation companies,hiring,Commercial,exterior-door-installation,Exterior Door Installation,Doors,yes,,,,,,service page,/services/exterior-door-installation/,,,,no
2,18,head,exterior door installation company,hiring,Commercial,exterior-door-installation,Exterior Door Installation,Doors,yes,,,,,,service page,/services/exterior-door-installation/,,,,no
2,18,head,exterior door installation gta,anchor-city,Commercial,exterior-door-installation,Exterior Door Installation,Doors,yes,,,,,,service page,/services/exterior-door-installation/,,,,no
2,18,head,exterior door installation quote,quote,Transactional,exterior-door-installation,Exterior Door Installation,Doors,yes,,,,,,service page,/services/exterior-door-installation/,,,,no
2,18,head,exterior door installation services,hiring,Commercial,exterior-door-installation,Exterior Door Installation,Doors,yes,,,,,,service page,/services/exterior-door-installation/,,,,no
2,18,head,best exterior painting,comparison,Commercial,exterior-painting,Exterior Painting,Painting,yes,,,,,,service page,/services/exterior-painting/,,,,no
2,18,head,exterior painting companies,hiring,Commercial,exterior-painting,Exterior Painting,Painting,yes,,,,,,service page,/services/exterior-painting/,,,,no
2,18,head,exterior painting company,hiring,Commercial,exterior-painting,Exterior Painting,Painting,yes,,,,,,service page,/services/exterior-painting/,,,,no
2,18,head,exterior painting gta,anchor-city,Commercial,exterior-painting,Exterior Painting,Painting,yes,,,,,,service page,/services/exterior-painting/,,,,no
2,18,head,exterior painting quote,quote,Transactional,exterior-painting,Exterior Painting,Painting,yes,,,,,,service page,/services/exterior-painting/,,,,no
2,18,head,exterior painting services,hiring,Commercial,exterior-painting,Exterior Painting,Painting,yes,,,,,,service page,/services/exterior-painting/,,,,no
2,18,head,best exterior renovation,comparison,Commercial,exterior-renovation,Exterior Renovation,Whole Home,yes,,,,,,service page,/services/exterior-renovation/,,,,no
2,18,head,exterior renovation companies,hiring,Commercial,exterior-renovation,Exterior Renovation,Whole Home,yes,,,,,,service page,/services/exterior-renovation/,,,,no
2,18,head,exterior renovation company,hiring,Commercial,exterior-renovation,Exterior Renovation,Whole Home,yes,,,,,,service page,/services/exterior-renovation/,,,,no
2,18,head,exterior renovation gta,anchor-city,Commercial,exterior-renovation,Exterior Renovation,Whole Home,yes,,,,,,service page,/services/exterior-renovation/,,,,no
2,18,head,exterior renovation quote,quote,Transactional,exterior-renovation,Exterior Renovation,Whole Home,yes,,,,,,service page,/services/exterior-renovation/,,,,no
2,18,head,exterior renovation services,hiring,Commercial,exterior-renovation,Exterior Renovation,Whole Home,yes,,,,,,service page,/services/exterior-renovation/,,,,no
2,18,head,best fence contractor,comparison,Commercial,fence-contractor,Fence Contractor,Fences,yes,,,,,,service page,/services/fence-contractor/,,,,no
2,18,head,fence contractor companies,hiring,Commercial,fence-contractor,Fence Contractor,Fences,yes,,,,,,service page,/services/fence-contractor/,,,,no
2,18,head,fence contractor company,hiring,Commercial,fence-contractor,Fence Contractor,Fences,yes,,,,,,service page,/services/fence-contractor/,,,,no
2,18,head,fence contractor gta,anchor-city,Commercial,fence-contractor,Fence Contractor,Fences,yes,,,,,,service page,/services/fence-contractor/,,,,no
2,18,head,fence contractor quote,quote,Transactional,fence-contractor,Fence Contractor,Fences,yes,,,,,,service page,/services/fence-contractor/,,,,no
2,18,head,fence contractor services,hiring,Commercial,fence-contractor,Fence Contractor,Fences,yes,,,,,,service page,/services/fence-contractor/,,,,no
2,18,head,best fence installation,comparison,Commercial,fence-installation,Fence Installation,Fences,yes,,,,,,service page,/services/fence-installation/,,,,no
2,18,head,fence installation companies,hiring,Commercial,fence-installation,Fence Installation,Fences,yes,,,,,,service page,/services/fence-installation/,,,,no
2,18,head,fence installation company,hiring,Commercial,fence-installation,Fence Installation,Fences,yes,,,,,,service page,/services/fence-installation/,,,,no
2,18,head,fence installation gta,anchor-city,Commercial,fence-installation,Fence Installation,Fences,yes,,,,,,service page,/services/fence-installation/,,,,no
2,18,head,fence installation quote,quote,Transactional,fence-installation,Fence Installation,Fences,yes,,,,,,service page,/services/fence-installation/,,,,no
2,18,head,fence installation services,hiring,Commercial,fence-installation,Fence Installation,Fences,yes,,,,,,service page,/services/fence-installation/,,,,no
2,19,head,best fence repair,comparison,Commercial,fence-repair,Fence Repair,Fences,yes,,,,,,service page,/services/fence-repair/,,,,no
2,19,head,fence repair companies,hiring,Commercial,fence-repair,Fence Repair,Fences,yes,,,,,,service page,/services/fence-repair/,,,,no
2,19,head,fence repair company,hiring,Commercial,fence-repair,Fence Repair,Fences,yes,,,,,,service page,/services/fence-repair/,,,,no
2,19,head,fence repair gta,anchor-city,Commercial,fence-repair,Fence Repair,Fences,yes,,,,,,service page,/services/fence-repair/,,,,no
2,19,head,fence repair quote,quote,Transactional,fence-repair,Fence Repair,Fences,yes,,,,,,service page,/services/fence-repair/,,,,no
2,19,head,fence repair services,hiring,Commercial,fence-repair,Fence Repair,Fences,yes,,,,,,service page,/services/fence-repair/,,,,no
2,19,head,best flooring contractor,comparison,Commercial,flooring-contractor,Flooring Contractor,Flooring,yes,,,,,,service page,/services/flooring-contractor/,,,,no
2,19,head,flooring contractor companies,hiring,Commercial,flooring-contractor,Flooring Contractor,Flooring,yes,,,,,,service page,/services/flooring-contractor/,,,,no
2,19,head,flooring contractor company,hiring,Commercial,flooring-contractor,Flooring Contractor,Flooring,yes,,,,,,service page,/services/flooring-contractor/,,,,no
2,19,head,flooring contractor gta,anchor-city,Commercial,flooring-contractor,Flooring Contractor,Flooring,yes,,,,,,service page,/services/flooring-contractor/,,,,no
2,19,head,flooring contractor quote,quote,Transactional,flooring-contractor,Flooring Contractor,Flooring,yes,,,,,,service page,/services/flooring-contractor/,,,,no
2,19,head,flooring contractor services,hiring,Commercial,flooring-contractor,Flooring Contractor,Flooring,yes,,,,,,service page,/services/flooring-contractor/,,,,no
2,19,head,best flooring installation,comparison,Commercial,flooring-installation,Flooring Installation,Flooring,yes,,,,,,service page,/services/flooring-installation/,,,,no
2,19,head,flooring installation companies,hiring,Commercial,flooring-installation,Flooring Installation,Flooring,yes,,,,,,service page,/services/flooring-installation/,390,14,2.60,yes
2,19,head,flooring installation company,hiring,Commercial,flooring-installation,Flooring Installation,Flooring,yes,,,,,,service page,/services/flooring-installation/,50,25,2.86,yes
2,19,head,flooring installation gta,anchor-city,Commercial,flooring-installation,Flooring Installation,Flooring,yes,,,,,,service page,/services/flooring-installation/,,,,no
2,19,head,flooring installation quote,quote,Transactional,flooring-installation,Flooring Installation,Flooring,yes,,,,,,service page,/services/flooring-installation/,,,,no
2,19,head,flooring installation services,hiring,Commercial,flooring-installation,Flooring Installation,Flooring,yes,,,,,,service page,/services/flooring-installation/,480,16,2.53,yes
2,19,head,best flooring replacement,comparison,Commercial,flooring-replacement,Flooring Replacement,Flooring,yes,,,,,,service page,/services/flooring-replacement/,,,,no
2,19,head,flooring replacement companies,hiring,Commercial,flooring-replacement,Flooring Replacement,Flooring,yes,,,,,,service page,/services/flooring-replacement/,,,,no
2,19,head,flooring replacement company,hiring,Commercial,flooring-replacement,Flooring Replacement,Flooring,yes,,,,,,service page,/services/flooring-replacement/,,,,no
2,19,head,flooring replacement gta,anchor-city,Commercial,flooring-replacement,Flooring Replacement,Flooring,yes,,,,,,service page,/services/flooring-replacement/,,,,no
2,19,head,flooring replacement quote,quote,Transactional,flooring-replacement,Flooring Replacement,Flooring,yes,,,,,,service page,/services/flooring-replacement/,,,,no
2,19,head,flooring replacement services,hiring,Commercial,flooring-replacement,Flooring Replacement,Flooring,yes,,,,,,service page,/services/flooring-replacement/,,,,no
2,19,head,best foundation repair,comparison,Commercial,foundation-repair,Foundation Repair,Concrete & Masonry,yes,,,,,,service page,/services/foundation-repair/,,,,no
2,19,head,foundation repair companies,hiring,Commercial,foundation-repair,Foundation Repair,Concrete & Masonry,yes,,,,,,service page,/services/foundation-repair/,,,,no
2,19,head,foundation repair company,hiring,Commercial,foundation-repair,Foundation Repair,Concrete & Masonry,yes,,,,,,service page,/services/foundation-repair/,,,,no
2,19,head,foundation repair gta,anchor-city,Commercial,foundation-repair,Foundation Repair,Concrete & Masonry,yes,,,,,,service page,/services/foundation-repair/,,,,no
2,19,head,foundation repair quote,quote,Transactional,foundation-repair,Foundation Repair,Concrete & Masonry,yes,,,,,,service page,/services/foundation-repair/,,,,no
2,19,head,foundation repair services,hiring,Commercial,foundation-repair,Foundation Repair,Concrete & Masonry,yes,,,,,,service page,/services/foundation-repair/,,,,no
2,19,head,best general contractor,comparison,Commercial,general-contractor,General Contractor,Whole Home,yes,,,,,,service page,/services/general-contractor/,,,,no
2,19,head,general contractor companies,hiring,Commercial,general-contractor,General Contractor,Whole Home,yes,,,,,,service page,/services/general-contractor/,,,,no
2,19,head,general contractor company,hiring,Commercial,general-contractor,General Contractor,Whole Home,yes,,,,,,service page,/services/general-contractor/,,,,no
2,19,head,general contractor gta,anchor-city,Commercial,general-contractor,General Contractor,Whole Home,yes,,,,,,service page,/services/general-contractor/,,,,no
2,19,head,general contractor quote,quote,Transactional,general-contractor,General Contractor,Whole Home,yes,,,,,,service page,/services/general-contractor/,,,,no
2,19,head,general contractor services,hiring,Commercial,general-contractor,General Contractor,Whole Home,yes,,,,,,service page,/services/general-contractor/,,,,no
2,19,head,best hardwood floor installation,comparison,Commercial,hardwood-floor-installation,Hardwood Floor Installation,Flooring,yes,,,,,,service page,/services/hardwood-floor-installation/,,,,no
2,19,head,hardwood floor installation companies,hiring,Commercial,hardwood-floor-installation,Hardwood Floor Installation,Flooring,yes,,,,,,service page,/services/hardwood-floor-installation/,,,,no
2,19,head,hardwood floor installation company,hiring,Commercial,hardwood-floor-installation,Hardwood Floor Installation,Flooring,yes,,,,,,service page,/services/hardwood-floor-installation/,,,,no
2,19,head,hardwood floor installation gta,anchor-city,Commercial,hardwood-floor-installation,Hardwood Floor Installation,Flooring,yes,,,,,,service page,/services/hardwood-floor-installation/,,,,no
2,19,head,hardwood floor installation quote,quote,Transactional,hardwood-floor-installation,Hardwood Floor Installation,Flooring,yes,,,,,,service page,/services/hardwood-floor-installation/,,,,no
2,19,head,hardwood floor installation services,hiring,Commercial,hardwood-floor-installation,Hardwood Floor Installation,Flooring,yes,,,,,,service page,/services/hardwood-floor-installation/,,,,no
2,19,head,best home addition,comparison,Commercial,home-addition,Home Addition,Whole Home,yes,,,,,,service page,/services/home-addition/,,,,no
2,19,head,home addition companies,hiring,Commercial,home-addition,Home Addition,Whole Home,yes,,,,,,service page,/services/home-addition/,,,,no
2,19,head,home addition company,hiring,Commercial,home-addition,Home Addition,Whole Home,yes,,,,,,service page,/services/home-addition/,,,,no
2,19,head,home addition gta,anchor-city,Commercial,home-addition,Home Addition,Whole Home,yes,,,,,,service page,/services/home-addition/,,,,no
2,19,head,home addition quote,quote,Transactional,home-addition,Home Addition,Whole Home,yes,,,,,,service page,/services/home-addition/,,,,no
2,19,head,home addition services,hiring,Commercial,home-addition,Home Addition,Whole Home,yes,,,,,,service page,/services/home-addition/,210,5,0.00,yes
2,19,head,best home renovation,comparison,Commercial,home-renovation,Home Renovation,Whole Home,yes,,,,,,service page,/services/home-renovation/,,,,no
2,19,head,home renovation companies,hiring,Commercial,home-renovation,Home Renovation,Whole Home,yes,,,,,,service page,/services/home-renovation/,,,,no
2,19,head,home renovation company,hiring,Commercial,home-renovation,Home Renovation,Whole Home,yes,,,,,,service page,/services/home-renovation/,,,,no
2,19,head,home renovation gta,anchor-city,Commercial,home-renovation,Home Renovation,Whole Home,yes,,,,,,service page,/services/home-renovation/,,,,no
2,19,head,home renovation quote,quote,Transactional,home-renovation,Home Renovation,Whole Home,yes,,,,,,service page,/services/home-renovation/,,,,no
2,19,head,home renovation services,hiring,Commercial,home-renovation,Home Renovation,Whole Home,yes,,,,,,service page,/services/home-renovation/,,,,no
2,19,head,best house extension,comparison,Commercial,house-extension,House Extension,Whole Home,yes,,,,,,service page,/services/house-extension/,,,,no
2,19,head,house extension companies,hiring,Commercial,house-extension,House Extension,Whole Home,yes,,,,,,service page,/services/house-extension/,,,,no
2,19,head,house extension company,hiring,Commercial,house-extension,House Extension,Whole Home,yes,,,,,,service page,/services/house-extension/,,,,no
2,19,head,house extension gta,anchor-city,Commercial,house-extension,House Extension,Whole Home,yes,,,,,,service page,/services/house-extension/,,,,no
2,19,head,house extension quote,quote,Transactional,house-extension,House Extension,Whole Home,yes,,,,,,service page,/services/house-extension/,,,,no
2,19,head,house extension services,hiring,Commercial,house-extension,House Extension,Whole Home,yes,,,,,,service page,/services/house-extension/,,,,no
2,19,head,best house painting,comparison,Commercial,house-painting,House Painting,Painting,yes,,,,,,service page,/services/house-painting/,,,,no
2,19,head,house painting companies,hiring,Commercial,house-painting,House Painting,Painting,yes,,,,,,service page,/services/house-painting/,,,,no
2,19,head,house painting company,hiring,Commercial,house-painting,House Painting,Painting,yes,,,,,,service page,/services/house-painting/,,,,no
2,19,head,house painting gta,anchor-city,Commercial,house-painting,House Painting,Painting,yes,,,,,,service page,/services/house-painting/,,,,no
2,19,head,house painting quote,quote,Transactional,house-painting,House Painting,Painting,yes,,,,,,service page,/services/house-painting/,,,,no
2,19,head,house painting services,hiring,Commercial,house-painting,House Painting,Painting,yes,,,,,,service page,/services/house-painting/,,,,no
2,19,head,best insulation contractor,comparison,Commercial,insulation-contractor,Insulation Contractor,Insulation & Energy,yes,,,,,,service page,/services/insulation-contractor/,,,,no
2,19,head,insulation contractor companies,hiring,Commercial,insulation-contractor,Insulation Contractor,Insulation & Energy,yes,,,,,,service page,/services/insulation-contractor/,,,,no
2,19,head,insulation contractor company,hiring,Commercial,insulation-contractor,Insulation Contractor,Insulation & Energy,yes,,,,,,service page,/services/insulation-contractor/,,,,no
2,19,head,insulation contractor gta,anchor-city,Commercial,insulation-contractor,Insulation Contractor,Insulation & Energy,yes,,,,,,service page,/services/insulation-contractor/,,,,no
2,19,head,insulation contractor quote,quote,Transactional,insulation-contractor,Insulation Contractor,Insulation & Energy,yes,,,,,,service page,/services/insulation-contractor/,,,,no
2,19,head,insulation contractor services,hiring,Commercial,insulation-contractor,Insulation Contractor,Insulation & Energy,yes,,,,,,service page,/services/insulation-contractor/,,,,no
2,19,head,best interior door installation,comparison,Commercial,interior-door-installation,Interior Door Installation,Doors,yes,,,,,,service page,/services/interior-door-installation/,,,,no
2,19,head,interior door installation companies,hiring,Commercial,interior-door-installation,Interior Door Installation,Doors,yes,,,,,,service page,/services/interior-door-installation/,,,,no
2,19,head,interior door installation company,hiring,Commercial,interior-door-installation,Interior Door Installation,Doors,yes,,,,,,service page,/services/interior-door-installation/,,,,no
2,19,head,interior door installation gta,anchor-city,Commercial,interior-door-installation,Interior Door Installation,Doors,yes,,,,,,service page,/services/interior-door-installation/,,,,no
2,19,head,interior door installation quote,quote,Transactional,interior-door-installation,Interior Door Installation,Doors,yes,,,,,,service page,/services/interior-door-installation/,,,,no
2,19,head,interior door installation services,hiring,Commercial,interior-door-installation,Interior Door Installation,Doors,yes,,,,,,service page,/services/interior-door-installation/,,,,no
2,19,head,best interior painting,comparison,Commercial,interior-painting,Interior Painting,Painting,yes,,,,,,service page,/services/interior-painting/,,,,no
2,19,head,interior painting companies,hiring,Commercial,interior-painting,Interior Painting,Painting,yes,,,,,,service page,/services/interior-painting/,,,,no
2,19,head,interior painting company,hiring,Commercial,interior-painting,Interior Painting,Painting,yes,,,,,,service page,/services/interior-painting/,,,,no
2,19,head,interior painting gta,anchor-city,Commercial,interior-painting,Interior Painting,Painting,yes,,,,,,service page,/services/interior-painting/,,,,no
2,19,head,interior painting quote,quote,Transactional,interior-painting,Interior Painting,Painting,yes,,,,,,service page,/services/interior-painting/,,,,no
2,19,head,interior painting services,hiring,Commercial,interior-painting,Interior Painting,Painting,yes,,,,,,service page,/services/interior-painting/,,,,no
2,19,head,best interior renovation,comparison,Commercial,interior-renovation,Interior Renovation,Whole Home,yes,,,,,,service page,/services/interior-renovation/,,,,no
2,19,head,interior renovation companies,hiring,Commercial,interior-renovation,Interior Renovation,Whole Home,yes,,,,,,service page,/services/interior-renovation/,,,,no
2,19,head,interior renovation company,hiring,Commercial,interior-renovation,Interior Renovation,Whole Home,yes,,,,,,service page,/services/interior-renovation/,,,,no
2,19,head,interior renovation gta,anchor-city,Commercial,interior-renovation,Interior Renovation,Whole Home,yes,,,,,,service page,/services/interior-renovation/,,,,no
2,19,head,interior renovation quote,quote,Transactional,interior-renovation,Interior Renovation,Whole Home,yes,,,,,,service page,/services/interior-renovation/,,,,no
2,19,head,interior renovation services,hiring,Commercial,interior-renovation,Interior Renovation,Whole Home,yes,,,,,,service page,/services/interior-renovation/,210,29,0.00,yes
2,19,head,best interlocking installation,comparison,Commercial,interlocking-installation,Interlocking Installation,Concrete & Masonry,yes,,,,,,service page,/services/interlocking-installation/,,,,no
2,19,head,interlocking installation companies,hiring,Commercial,interlocking-installation,Interlocking Installation,Concrete & Masonry,yes,,,,,,service page,/services/interlocking-installation/,,,,no
2,19,head,interlocking installation company,hiring,Commercial,interlocking-installation,Interlocking Installation,Concrete & Masonry,yes,,,,,,service page,/services/interlocking-installation/,,,,no
2,19,head,interlocking installation gta,anchor-city,Commercial,interlocking-installation,Interlocking Installation,Concrete & Masonry,yes,,,,,,service page,/services/interlocking-installation/,,,,no
2,19,head,interlocking installation quote,quote,Transactional,interlocking-installation,Interlocking Installation,Concrete & Masonry,yes,,,,,,service page,/services/interlocking-installation/,,,,no
2,19,head,interlocking installation services,hiring,Commercial,interlocking-installation,Interlocking Installation,Concrete & Masonry,yes,,,,,,service page,/services/interlocking-installation/,,,,no
2,19,head,best kitchen remodeling,comparison,Commercial,kitchen-remodeling,Kitchen Remodeling,Kitchen,yes,,,,,,service page,/services/kitchen-remodeling/,,,,no
2,19,head,kitchen remodeling companies,hiring,Commercial,kitchen-remodeling,Kitchen Remodeling,Kitchen,yes,,,,,,service page,/services/kitchen-remodeling/,170,27,7.22,yes
2,19,head,kitchen remodeling company,hiring,Commercial,kitchen-remodeling,Kitchen Remodeling,Kitchen,yes,,,,,,service page,/services/kitchen-remodeling/,170,24,7.22,yes
2,19,head,kitchen remodeling gta,anchor-city,Commercial,kitchen-remodeling,Kitchen Remodeling,Kitchen,yes,,,,,,service page,/services/kitchen-remodeling/,,,,no
2,20,head,kitchen remodeling quote,quote,Transactional,kitchen-remodeling,Kitchen Remodeling,Kitchen,yes,,,,,,service page,/services/kitchen-remodeling/,,,,no
2,20,head,kitchen remodeling services,hiring,Commercial,kitchen-remodeling,Kitchen Remodeling,Kitchen,yes,,,,,,service page,/services/kitchen-remodeling/,880,26,0.00,yes
2,20,head,best kitchen renovation,comparison,Commercial,kitchen-renovation,Kitchen Renovation,Kitchen,yes,,,,,,service page,/services/kitchen-renovation/,,,,no
2,20,head,kitchen renovation companies,hiring,Commercial,kitchen-renovation,Kitchen Renovation,Kitchen,yes,,,,,,service page,/services/kitchen-renovation/,210,20,3.31,yes
2,20,head,kitchen renovation company,hiring,Commercial,kitchen-renovation,Kitchen Renovation,Kitchen,yes,,,,,,service page,/services/kitchen-renovation/,880,23,3.31,yes
2,20,head,kitchen renovation gta,anchor-city,Commercial,kitchen-renovation,Kitchen Renovation,Kitchen,yes,,,,,,service page,/services/kitchen-renovation/,,,,no
2,20,head,kitchen renovation quote,quote,Transactional,kitchen-renovation,Kitchen Renovation,Kitchen,yes,,,,,,service page,/services/kitchen-renovation/,,,,no
2,20,head,kitchen renovation services,hiring,Commercial,kitchen-renovation,Kitchen Renovation,Kitchen,yes,,,,,,service page,/services/kitchen-renovation/,,,,no
2,20,head,best laminate floor installation,comparison,Commercial,laminate-floor-installation,Laminate Floor Installation,Flooring,yes,,,,,,service page,/services/laminate-floor-installation/,,,,no
2,20,head,laminate floor installation companies,hiring,Commercial,laminate-floor-installation,Laminate Floor Installation,Flooring,yes,,,,,,service page,/services/laminate-floor-installation/,,,,no
2,20,head,laminate floor installation company,hiring,Commercial,laminate-floor-installation,Laminate Floor Installation,Flooring,yes,,,,,,service page,/services/laminate-floor-installation/,,,,no
2,20,head,laminate floor installation gta,anchor-city,Commercial,laminate-floor-installation,Laminate Floor Installation,Flooring,yes,,,,,,service page,/services/laminate-floor-installation/,,,,no
2,20,head,laminate floor installation quote,quote,Transactional,laminate-floor-installation,Laminate Floor Installation,Flooring,yes,,,,,,service page,/services/laminate-floor-installation/,,,,no
2,20,head,laminate floor installation services,hiring,Commercial,laminate-floor-installation,Laminate Floor Installation,Flooring,yes,,,,,,service page,/services/laminate-floor-installation/,,,,no
2,20,head,best legal basement apartment,comparison,Commercial,legal-basement-apartment,Legal Basement Apartment,Basement,yes,,,,,,service page,/services/legal-basement-apartment/,,,,no
2,20,head,legal basement apartment companies,hiring,Commercial,legal-basement-apartment,Legal Basement Apartment,Basement,yes,,,,,,service page,/services/legal-basement-apartment/,,,,no
2,20,head,legal basement apartment company,hiring,Commercial,legal-basement-apartment,Legal Basement Apartment,Basement,yes,,,,,,service page,/services/legal-basement-apartment/,,,,no
2,20,head,legal basement apartment gta,anchor-city,Commercial,legal-basement-apartment,Legal Basement Apartment,Basement,yes,,,,,,service page,/services/legal-basement-apartment/,,,,no
2,20,head,legal basement apartment quote,quote,Transactional,legal-basement-apartment,Legal Basement Apartment,Basement,yes,,,,,,service page,/services/legal-basement-apartment/,,,,no
2,20,head,legal basement apartment services,hiring,Commercial,legal-basement-apartment,Legal Basement Apartment,Basement,yes,,,,,,service page,/services/legal-basement-apartment/,,,,no
2,20,head,best painting contractor,comparison,Commercial,painting-contractor,Painting Contractor,Painting,yes,,,,,,service page,/services/painting-contractor/,,,,no
2,20,head,painting contractor companies,hiring,Commercial,painting-contractor,Painting Contractor,Painting,yes,,,,,,service page,/services/painting-contractor/,,,,no
2,20,head,painting contractor company,hiring,Commercial,painting-contractor,Painting Contractor,Painting,yes,,,,,,service page,/services/painting-contractor/,,,,no
2,20,head,painting contractor gta,anchor-city,Commercial,painting-contractor,Painting Contractor,Painting,yes,,,,,,service page,/services/painting-contractor/,,,,no
2,20,head,painting contractor quote,quote,Transactional,painting-contractor,Painting Contractor,Painting,yes,,,,,,service page,/services/painting-contractor/,,,,no
2,20,head,painting contractor services,hiring,Commercial,painting-contractor,Painting Contractor,Painting,yes,,,,,,service page,/services/painting-contractor/,,,,no
2,20,head,best plumbing contractor,comparison,Commercial,plumbing-contractor,Plumbing Contractor,Plumbing,yes,,,,,,service page,/services/plumbing-contractor/,,,,no
2,20,head,plumbing contractor companies,hiring,Commercial,plumbing-contractor,Plumbing Contractor,Plumbing,yes,,,,,,service page,/services/plumbing-contractor/,,,,no
2,20,head,plumbing contractor company,hiring,Commercial,plumbing-contractor,Plumbing Contractor,Plumbing,yes,,,,,,service page,/services/plumbing-contractor/,,,,no
2,20,head,plumbing contractor gta,anchor-city,Commercial,plumbing-contractor,Plumbing Contractor,Plumbing,yes,,,,,,service page,/services/plumbing-contractor/,,,,no
2,20,head,plumbing contractor quote,quote,Transactional,plumbing-contractor,Plumbing Contractor,Plumbing,yes,,,,,,service page,/services/plumbing-contractor/,,,,no
2,20,head,plumbing contractor services,hiring,Commercial,plumbing-contractor,Plumbing Contractor,Plumbing,yes,,,,,,service page,/services/plumbing-contractor/,,,,no
2,20,head,best pot light installation,comparison,Commercial,pot-light-installation,Pot Light Installation,Electrical,yes,,,,,,service page,/services/pot-light-installation/,,,,no
2,20,head,pot light installation companies,hiring,Commercial,pot-light-installation,Pot Light Installation,Electrical,yes,,,,,,service page,/services/pot-light-installation/,,,,no
2,20,head,pot light installation company,hiring,Commercial,pot-light-installation,Pot Light Installation,Electrical,yes,,,,,,service page,/services/pot-light-installation/,,,,no
2,20,head,pot light installation gta,anchor-city,Commercial,pot-light-installation,Pot Light Installation,Electrical,yes,,,,,,service page,/services/pot-light-installation/,,,,no
2,20,head,pot light installation quote,quote,Transactional,pot-light-installation,Pot Light Installation,Electrical,yes,,,,,,service page,/services/pot-light-installation/,,,,no
2,20,head,pot light installation services,hiring,Commercial,pot-light-installation,Pot Light Installation,Electrical,yes,,,,,,service page,/services/pot-light-installation/,,,,no
2,20,head,best renovation contractor,comparison,Commercial,renovation-contractor,Renovation Contractor,Whole Home,yes,,,,,,service page,/services/renovation-contractor/,90,23,0.00,yes
2,20,head,renovation contractor companies,hiring,Commercial,renovation-contractor,Renovation Contractor,Whole Home,yes,,,,,,service page,/services/renovation-contractor/,,,,no
2,20,head,renovation contractor company,hiring,Commercial,renovation-contractor,Renovation Contractor,Whole Home,yes,,,,,,service page,/services/renovation-contractor/,,,,no
2,20,head,renovation contractor gta,anchor-city,Commercial,renovation-contractor,Renovation Contractor,Whole Home,yes,,,,,,service page,/services/renovation-contractor/,,,,no
2,20,head,renovation contractor quote,quote,Transactional,renovation-contractor,Renovation Contractor,Whole Home,yes,,,,,,service page,/services/renovation-contractor/,,,,no
2,20,head,renovation contractor services,hiring,Commercial,renovation-contractor,Renovation Contractor,Whole Home,yes,,,,,,service page,/services/renovation-contractor/,,,,no
2,20,head,best roof replacement,comparison,Commercial,roof-replacement,Roof Replacement,Roofing,yes,,,,,,service page,/services/roof-replacement/,,,,no
2,20,head,roof replacement companies,hiring,Commercial,roof-replacement,Roof Replacement,Roofing,yes,,,,,,service page,/services/roof-replacement/,,,,no
2,20,head,roof replacement company,hiring,Commercial,roof-replacement,Roof Replacement,Roofing,yes,,,,,,service page,/services/roof-replacement/,,,,no
2,20,head,roof replacement gta,anchor-city,Commercial,roof-replacement,Roof Replacement,Roofing,yes,,,,,,service page,/services/roof-replacement/,,,,no
2,20,head,roof replacement quote,quote,Transactional,roof-replacement,Roof Replacement,Roofing,yes,,,,,,service page,/services/roof-replacement/,,,,no
2,20,head,roof replacement services,hiring,Commercial,roof-replacement,Roof Replacement,Roofing,yes,,,,,,service page,/services/roof-replacement/,,,,no
2,20,head,best roofing contractor,comparison,Commercial,roofing-contractor,Roofing Contractor,Roofing,yes,,,,,,service page,/services/roofing-contractor/,,,,no
2,20,head,roofing contractor companies,hiring,Commercial,roofing-contractor,Roofing Contractor,Roofing,yes,,,,,,service page,/services/roofing-contractor/,,,,no
2,20,head,roofing contractor company,hiring,Commercial,roofing-contractor,Roofing Contractor,Roofing,yes,,,,,,service page,/services/roofing-contractor/,,,,no
2,20,head,roofing contractor gta,anchor-city,Commercial,roofing-contractor,Roofing Contractor,Roofing,yes,,,,,,service page,/services/roofing-contractor/,,,,no
2,20,head,roofing contractor quote,quote,Transactional,roofing-contractor,Roofing Contractor,Roofing,yes,,,,,,service page,/services/roofing-contractor/,,,,no
2,20,head,roofing contractor services,hiring,Commercial,roofing-contractor,Roofing Contractor,Roofing,yes,,,,,,service page,/services/roofing-contractor/,,,,no
2,20,head,best second storey addition,comparison,Commercial,second-storey-addition,Second Storey Addition,Whole Home,yes,,,,,,service page,/services/second-storey-addition/,,,,no
2,20,head,second storey addition companies,hiring,Commercial,second-storey-addition,Second Storey Addition,Whole Home,yes,,,,,,service page,/services/second-storey-addition/,,,,no
2,20,head,second storey addition company,hiring,Commercial,second-storey-addition,Second Storey Addition,Whole Home,yes,,,,,,service page,/services/second-storey-addition/,,,,no
2,20,head,second storey addition gta,anchor-city,Commercial,second-storey-addition,Second Storey Addition,Whole Home,yes,,,,,,service page,/services/second-storey-addition/,,,,no
2,20,head,second storey addition quote,quote,Transactional,second-storey-addition,Second Storey Addition,Whole Home,yes,,,,,,service page,/services/second-storey-addition/,,,,no
2,20,head,second storey addition services,hiring,Commercial,second-storey-addition,Second Storey Addition,Whole Home,yes,,,,,,service page,/services/second-storey-addition/,,,,no
2,20,head,best shower installation,comparison,Commercial,shower-installation,Shower Installation,Bathroom,yes,,,,,,service page,/services/shower-installation/,,,,no
2,20,head,shower installation companies,hiring,Commercial,shower-installation,Shower Installation,Bathroom,yes,,,,,,service page,/services/shower-installation/,,,,no
2,20,head,shower installation company,hiring,Commercial,shower-installation,Shower Installation,Bathroom,yes,,,,,,service page,/services/shower-installation/,,,,no
2,20,head,shower installation gta,anchor-city,Commercial,shower-installation,Shower Installation,Bathroom,yes,,,,,,service page,/services/shower-installation/,,,,no
2,20,head,shower installation quote,quote,Transactional,shower-installation,Shower Installation,Bathroom,yes,,,,,,service page,/services/shower-installation/,,,,no
2,20,head,shower installation services,hiring,Commercial,shower-installation,Shower Installation,Bathroom,yes,,,,,,service page,/services/shower-installation/,,,,no
2,20,head,best siding installation,comparison,Commercial,siding-installation,Siding Installation,Exterior & Siding,yes,,,,,,service page,/services/siding-installation/,,,,no
2,20,head,siding installation companies,hiring,Commercial,siding-installation,Siding Installation,Exterior & Siding,yes,,,,,,service page,/services/siding-installation/,,,,no
2,20,head,siding installation company,hiring,Commercial,siding-installation,Siding Installation,Exterior & Siding,yes,,,,,,service page,/services/siding-installation/,,,,no
2,20,head,siding installation gta,anchor-city,Commercial,siding-installation,Siding Installation,Exterior & Siding,yes,,,,,,service page,/services/siding-installation/,,,,no
2,20,head,siding installation quote,quote,Transactional,siding-installation,Siding Installation,Exterior & Siding,yes,,,,,,service page,/services/siding-installation/,,,,no
2,20,head,siding installation services,hiring,Commercial,siding-installation,Siding Installation,Exterior & Siding,yes,,,,,,service page,/services/siding-installation/,,,,no
2,20,head,best staircase renovation,comparison,Commercial,staircase-renovation,Staircase Renovation,Stairs & Railings,yes,,,,,,service page,/services/staircase-renovation/,,,,no
2,20,head,staircase renovation companies,hiring,Commercial,staircase-renovation,Staircase Renovation,Stairs & Railings,yes,,,,,,service page,/services/staircase-renovation/,,,,no
2,20,head,staircase renovation company,hiring,Commercial,staircase-renovation,Staircase Renovation,Stairs & Railings,yes,,,,,,service page,/services/staircase-renovation/,,,,no
2,20,head,staircase renovation gta,anchor-city,Commercial,staircase-renovation,Staircase Renovation,Stairs & Railings,yes,,,,,,service page,/services/staircase-renovation/,,,,no
2,20,head,staircase renovation quote,quote,Transactional,staircase-renovation,Staircase Renovation,Stairs & Railings,yes,,,,,,service page,/services/staircase-renovation/,,,,no
2,20,head,staircase renovation services,hiring,Commercial,staircase-renovation,Staircase Renovation,Stairs & Railings,yes,,,,,,service page,/services/staircase-renovation/,,,,no
2,20,head,best tile contractor,comparison,Commercial,tile-contractor,Tile Contractor,Tile,yes,,,,,,service page,/services/tile-contractor/,,,,no
2,20,head,tile contractor companies,hiring,Commercial,tile-contractor,Tile Contractor,Tile,yes,,,,,,service page,/services/tile-contractor/,,,,no
2,20,head,tile contractor company,hiring,Commercial,tile-contractor,Tile Contractor,Tile,yes,,,,,,service page,/services/tile-contractor/,,,,no
2,20,head,tile contractor gta,anchor-city,Commercial,tile-contractor,Tile Contractor,Tile,yes,,,,,,service page,/services/tile-contractor/,,,,no
2,20,head,tile contractor quote,quote,Transactional,tile-contractor,Tile Contractor,Tile,yes,,,,,,service page,/services/tile-contractor/,,,,no
2,20,head,tile contractor services,hiring,Commercial,tile-contractor,Tile Contractor,Tile,yes,,,,,,service page,/services/tile-contractor/,,,,no
2,20,head,best tile floor installation,comparison,Commercial,tile-floor-installation,Tile Floor Installation,Flooring,yes,,,,,,service page,/services/tile-floor-installation/,,,,no
2,20,head,tile floor installation companies,hiring,Commercial,tile-floor-installation,Tile Floor Installation,Flooring,yes,,,,,,service page,/services/tile-floor-installation/,,,,no
2,20,head,tile floor installation company,hiring,Commercial,tile-floor-installation,Tile Floor Installation,Flooring,yes,,,,,,service page,/services/tile-floor-installation/,,,,no
2,20,head,tile floor installation gta,anchor-city,Commercial,tile-floor-installation,Tile Floor Installation,Flooring,yes,,,,,,service page,/services/tile-floor-installation/,,,,no
2,20,head,tile floor installation quote,quote,Transactional,tile-floor-installation,Tile Floor Installation,Flooring,yes,,,,,,service page,/services/tile-floor-installation/,,,,no
2,20,head,tile floor installation services,hiring,Commercial,tile-floor-installation,Tile Floor Installation,Flooring,yes,,,,,,service page,/services/tile-floor-installation/,,,,no
2,20,head,best tile installation,comparison,Commercial,tile-installation,Tile Installation,Tile,yes,,,,,,service page,/services/tile-installation/,,,,no
2,20,head,tile installation companies,hiring,Commercial,tile-installation,Tile Installation,Tile,yes,,,,,,service page,/services/tile-installation/,,,,no
2,20,head,tile installation company,hiring,Commercial,tile-installation,Tile Installation,Tile,yes,,,,,,service page,/services/tile-installation/,,,,no
2,20,head,tile installation gta,anchor-city,Commercial,tile-installation,Tile Installation,Tile,yes,,,,,,service page,/services/tile-installation/,,,,no
2,20,head,tile installation quote,quote,Transactional,tile-installation,Tile Installation,Tile,yes,,,,,,service page,/services/tile-installation/,,,,no
2,20,head,tile installation services,hiring,Commercial,tile-installation,Tile Installation,Tile,yes,,,,,,service page,/services/tile-installation/,,,,no
2,20,head,best trim carpentry,comparison,Commercial,trim-carpentry,Trim Carpentry,Trim & Millwork,yes,,,,,,service page,/services/trim-carpentry/,,,,no
2,20,head,trim carpentry companies,hiring,Commercial,trim-carpentry,Trim Carpentry,Trim & Millwork,yes,,,,,,service page,/services/trim-carpentry/,,,,no
2,21,head,trim carpentry company,hiring,Commercial,trim-carpentry,Trim Carpentry,Trim & Millwork,yes,,,,,,service page,/services/trim-carpentry/,,,,no
2,21,head,trim carpentry gta,anchor-city,Commercial,trim-carpentry,Trim Carpentry,Trim & Millwork,yes,,,,,,service page,/services/trim-carpentry/,,,,no
2,21,head,trim carpentry quote,quote,Transactional,trim-carpentry,Trim Carpentry,Trim & Millwork,yes,,,,,,service page,/services/trim-carpentry/,,,,no
2,21,head,trim carpentry services,hiring,Commercial,trim-carpentry,Trim Carpentry,Trim & Millwork,yes,,,,,,service page,/services/trim-carpentry/,,,,no
2,21,head,best vinyl plank installation,comparison,Commercial,vinyl-plank-installation,Vinyl Plank Installation,Flooring,yes,,,,,,service page,/services/vinyl-plank-installation/,,,,no
2,21,head,vinyl plank installation companies,hiring,Commercial,vinyl-plank-installation,Vinyl Plank Installation,Flooring,yes,,,,,,service page,/services/vinyl-plank-installation/,,,,no
2,21,head,vinyl plank installation company,hiring,Commercial,vinyl-plank-installation,Vinyl Plank Installation,Flooring,yes,,,,,,service page,/services/vinyl-plank-installation/,,,,no
2,21,head,vinyl plank installation gta,anchor-city,Commercial,vinyl-plank-installation,Vinyl Plank Installation,Flooring,yes,,,,,,service page,/services/vinyl-plank-installation/,,,,no
2,21,head,vinyl plank installation quote,quote,Transactional,vinyl-plank-installation,Vinyl Plank Installation,Flooring,yes,,,,,,service page,/services/vinyl-plank-installation/,,,,no
2,21,head,vinyl plank installation services,hiring,Commercial,vinyl-plank-installation,Vinyl Plank Installation,Flooring,yes,,,,,,service page,/services/vinyl-plank-installation/,,,,no
2,21,head,best waterproofing contractor,comparison,Commercial,waterproofing-contractor,Waterproofing Contractor,Waterproofing,yes,,,,,,service page,/services/waterproofing-contractor/,,,,no
2,21,head,waterproofing contractor companies,hiring,Commercial,waterproofing-contractor,Waterproofing Contractor,Waterproofing,yes,,,,,,service page,/services/waterproofing-contractor/,,,,no
2,21,head,waterproofing contractor company,hiring,Commercial,waterproofing-contractor,Waterproofing Contractor,Waterproofing,yes,,,,,,service page,/services/waterproofing-contractor/,,,,no
2,21,head,waterproofing contractor gta,anchor-city,Commercial,waterproofing-contractor,Waterproofing Contractor,Waterproofing,yes,,,,,,service page,/services/waterproofing-contractor/,,,,no
2,21,head,waterproofing contractor quote,quote,Transactional,waterproofing-contractor,Waterproofing Contractor,Waterproofing,yes,,,,,,service page,/services/waterproofing-contractor/,,,,no
2,21,head,waterproofing contractor services,hiring,Commercial,waterproofing-contractor,Waterproofing Contractor,Waterproofing,yes,,,,,,service page,/services/waterproofing-contractor/,,,,no
2,21,head,best whole home renovation,comparison,Commercial,whole-home-renovation,Whole Home Renovation,Whole Home,yes,,,,,,service page,/services/whole-home-renovation/,,,,no
2,21,head,whole home renovation companies,hiring,Commercial,whole-home-renovation,Whole Home Renovation,Whole Home,yes,,,,,,service page,/services/whole-home-renovation/,,,,no
2,21,head,whole home renovation company,hiring,Commercial,whole-home-renovation,Whole Home Renovation,Whole Home,yes,,,,,,service page,/services/whole-home-renovation/,,,,no
2,21,head,whole home renovation gta,anchor-city,Commercial,whole-home-renovation,Whole Home Renovation,Whole Home,yes,,,,,,service page,/services/whole-home-renovation/,,,,no
2,21,head,whole home renovation quote,quote,Transactional,whole-home-renovation,Whole Home Renovation,Whole Home,yes,,,,,,service page,/services/whole-home-renovation/,,,,no
2,21,head,whole home renovation services,hiring,Commercial,whole-home-renovation,Whole Home Renovation,Whole Home,yes,,,,,,service page,/services/whole-home-renovation/,,,,no
2,21,head,best window installation,comparison,Commercial,window-installation,Window Installation,Windows,yes,,,,,,service page,/services/window-installation/,,,,no
2,21,head,window installation companies,hiring,Commercial,window-installation,Window Installation,Windows,yes,,,,,,service page,/services/window-installation/,,,,no
2,21,head,window installation company,hiring,Commercial,window-installation,Window Installation,Windows,yes,,,,,,service page,/services/window-installation/,,,,no
2,21,head,window installation gta,anchor-city,Commercial,window-installation,Window Installation,Windows,yes,,,,,,service page,/services/window-installation/,,,,no
2,21,head,window installation quote,quote,Transactional,window-installation,Window Installation,Windows,yes,,,,,,service page,/services/window-installation/,,,,no
2,21,head,window installation services,hiring,Commercial,window-installation,Window Installation,Windows,yes,,,,,,service page,/services/window-installation/,,,,no
2,21,head,best window replacement,comparison,Commercial,window-replacement,Window Replacement,Windows,yes,,,,,,service page,/services/window-replacement/,,,,no
2,21,head,window replacement companies,hiring,Commercial,window-replacement,Window Replacement,Windows,yes,,,,,,service page,/services/window-replacement/,,,,no
2,21,head,window replacement company,hiring,Commercial,window-replacement,Window Replacement,Windows,yes,,,,,,service page,/services/window-replacement/,,,,no
2,21,head,window replacement gta,anchor-city,Commercial,window-replacement,Window Replacement,Windows,yes,,,,,,service page,/services/window-replacement/,,,,no
2,21,head,window replacement quote,quote,Transactional,window-replacement,Window Replacement,Windows,yes,,,,,,service page,/services/window-replacement/,,,,no
2,21,head,window replacement services,hiring,Commercial,window-replacement,Window Replacement,Windows,yes,,,,,,service page,/services/window-replacement/,,,,no
2,21,head,accessibility renovation companies,hiring,Commercial,accessibility-renovation,Accessibility Renovation,Accessibility,no,,,,,,service page,/services/accessibility-renovation/,,,,no
2,21,head,accessibility renovation company,hiring,Commercial,accessibility-renovation,Accessibility Renovation,Accessibility,no,,,,,,service page,/services/accessibility-renovation/,,,,no
2,21,head,accessibility renovation gta,anchor-city,Commercial,accessibility-renovation,Accessibility Renovation,Accessibility,no,,,,,,service page,/services/accessibility-renovation/,,,,no
2,21,head,accessibility renovation quote,quote,Transactional,accessibility-renovation,Accessibility Renovation,Accessibility,no,,,,,,service page,/services/accessibility-renovation/,,,,no
2,21,head,accessibility renovation services,hiring,Commercial,accessibility-renovation,Accessibility Renovation,Accessibility,no,,,,,,service page,/services/accessibility-renovation/,,,,no
2,21,head,best accessibility renovation,comparison,Commercial,accessibility-renovation,Accessibility Renovation,Accessibility,no,,,,,,service page,/services/accessibility-renovation/,,,,no
2,21,head,accessible bathroom renovation companies,hiring,Commercial,accessible-bathroom-renovation,Accessible Bathroom Renovation,Bathroom,no,,,,,,service page,/services/accessible-bathroom-renovation/,,,,no
2,21,head,accessible bathroom renovation company,hiring,Commercial,accessible-bathroom-renovation,Accessible Bathroom Renovation,Bathroom,no,,,,,,service page,/services/accessible-bathroom-renovation/,,,,no
2,21,head,accessible bathroom renovation gta,anchor-city,Commercial,accessible-bathroom-renovation,Accessible Bathroom Renovation,Bathroom,no,,,,,,service page,/services/accessible-bathroom-renovation/,,,,no
2,21,head,accessible bathroom renovation quote,quote,Transactional,accessible-bathroom-renovation,Accessible Bathroom Renovation,Bathroom,no,,,,,,service page,/services/accessible-bathroom-renovation/,,,,no
2,21,head,accessible bathroom renovation services,hiring,Commercial,accessible-bathroom-renovation,Accessible Bathroom Renovation,Bathroom,no,,,,,,service page,/services/accessible-bathroom-renovation/,,,,no
2,21,head,best accessible bathroom renovation,comparison,Commercial,accessible-bathroom-renovation,Accessible Bathroom Renovation,Bathroom,no,,,,,,service page,/services/accessible-bathroom-renovation/,,,,no
2,21,head,aging in place renovation companies,hiring,Commercial,aging-in-place-renovation,Aging in Place Renovation,Accessibility,no,,,,,,service page,/services/aging-in-place-renovation/,,,,no
2,21,head,aging in place renovation company,hiring,Commercial,aging-in-place-renovation,Aging in Place Renovation,Accessibility,no,,,,,,service page,/services/aging-in-place-renovation/,,,,no
2,21,head,aging in place renovation gta,anchor-city,Commercial,aging-in-place-renovation,Aging in Place Renovation,Accessibility,no,,,,,,service page,/services/aging-in-place-renovation/,,,,no
2,21,head,aging in place renovation quote,quote,Transactional,aging-in-place-renovation,Aging in Place Renovation,Accessibility,no,,,,,,service page,/services/aging-in-place-renovation/,,,,no
2,21,head,aging in place renovation services,hiring,Commercial,aging-in-place-renovation,Aging in Place Renovation,Accessibility,no,,,,,,service page,/services/aging-in-place-renovation/,,,,no
2,21,head,best aging in place renovation,comparison,Commercial,aging-in-place-renovation,Aging in Place Renovation,Accessibility,no,,,,,,service page,/services/aging-in-place-renovation/,,,,no
2,21,head,air sealing home companies,hiring,Commercial,air-sealing,Air Sealing,Insulation & Energy,no,,,,,,service page,/services/air-sealing/,,,,no
2,21,head,air sealing home company,hiring,Commercial,air-sealing,Air Sealing,Insulation & Energy,no,,,,,,service page,/services/air-sealing/,,,,no
2,21,head,air sealing home gta,anchor-city,Commercial,air-sealing,Air Sealing,Insulation & Energy,no,,,,,,service page,/services/air-sealing/,,,,no
2,21,head,air sealing home quote,quote,Transactional,air-sealing,Air Sealing,Insulation & Energy,no,,,,,,service page,/services/air-sealing/,,,,no
2,21,head,air sealing home services,hiring,Commercial,air-sealing,Air Sealing,Insulation & Energy,no,,,,,,service page,/services/air-sealing/,,,,no
2,21,head,best air sealing home,comparison,Commercial,air-sealing,Air Sealing,Insulation & Energy,no,,,,,,service page,/services/air-sealing/,,,,no
2,21,head,aluminum fence installation companies,hiring,Commercial,aluminum-fence-installation,Aluminum Fence Installation,Fences,no,,,,,,service page,/services/aluminum-fence-installation/,,,,no
2,21,head,aluminum fence installation company,hiring,Commercial,aluminum-fence-installation,Aluminum Fence Installation,Fences,no,,,,,,service page,/services/aluminum-fence-installation/,,,,no
2,21,head,aluminum fence installation gta,anchor-city,Commercial,aluminum-fence-installation,Aluminum Fence Installation,Fences,no,,,,,,service page,/services/aluminum-fence-installation/,,,,no
2,21,head,aluminum fence installation quote,quote,Transactional,aluminum-fence-installation,Aluminum Fence Installation,Fences,no,,,,,,service page,/services/aluminum-fence-installation/,,,,no
2,21,head,aluminum fence installation services,hiring,Commercial,aluminum-fence-installation,Aluminum Fence Installation,Fences,no,,,,,,service page,/services/aluminum-fence-installation/,,,,no
2,21,head,best aluminum fence installation,comparison,Commercial,aluminum-fence-installation,Aluminum Fence Installation,Fences,no,,,,,,service page,/services/aluminum-fence-installation/,,,,no
2,21,head,aluminum wiring replacement companies,hiring,Commercial,aluminum-wiring-replacement,Aluminum Wiring Replacement,Electrical,no,,,,,,service page,/services/aluminum-wiring-replacement/,,,,no
2,21,head,aluminum wiring replacement company,hiring,Commercial,aluminum-wiring-replacement,Aluminum Wiring Replacement,Electrical,no,,,,,,service page,/services/aluminum-wiring-replacement/,,,,no
2,21,head,aluminum wiring replacement gta,anchor-city,Commercial,aluminum-wiring-replacement,Aluminum Wiring Replacement,Electrical,no,,,,,,service page,/services/aluminum-wiring-replacement/,,,,no
2,21,head,aluminum wiring replacement quote,quote,Transactional,aluminum-wiring-replacement,Aluminum Wiring Replacement,Electrical,no,,,,,,service page,/services/aluminum-wiring-replacement/,,,,no
2,21,head,aluminum wiring replacement services,hiring,Commercial,aluminum-wiring-replacement,Aluminum Wiring Replacement,Electrical,no,,,,,,service page,/services/aluminum-wiring-replacement/,,,,no
2,21,head,best aluminum wiring replacement,comparison,Commercial,aluminum-wiring-replacement,Aluminum Wiring Replacement,Electrical,no,,,,,,service page,/services/aluminum-wiring-replacement/,,,,no
2,21,head,asbestos removal companies,hiring,Commercial,asbestos-removal,Asbestos Removal,Demolition & Prep,no,,,,,,service page,/services/asbestos-removal/,,,,no
2,21,head,asbestos removal company,hiring,Commercial,asbestos-removal,Asbestos Removal,Demolition & Prep,no,,,,,,service page,/services/asbestos-removal/,,,,no
2,21,head,asbestos removal gta,anchor-city,Commercial,asbestos-removal,Asbestos Removal,Demolition & Prep,no,,,,,,service page,/services/asbestos-removal/,,,,no
2,21,head,asbestos removal quote,quote,Transactional,asbestos-removal,Asbestos Removal,Demolition & Prep,no,,,,,,service page,/services/asbestos-removal/,,,,no
2,21,head,asbestos removal services,hiring,Commercial,asbestos-removal,Asbestos Removal,Demolition & Prep,no,,,,,,service page,/services/asbestos-removal/,,,,no
2,21,head,best asbestos removal,comparison,Commercial,asbestos-removal,Asbestos Removal,Demolition & Prep,no,,,,,,service page,/services/asbestos-removal/,,,,no
2,21,head,attic renovation companies,hiring,Commercial,attic-renovation,Attic Renovation,Specialty Rooms,no,,,,,,service page,/services/attic-renovation/,,,,no
2,21,head,attic renovation company,hiring,Commercial,attic-renovation,Attic Renovation,Specialty Rooms,no,,,,,,service page,/services/attic-renovation/,,,,no
2,21,head,attic renovation gta,anchor-city,Commercial,attic-renovation,Attic Renovation,Specialty Rooms,no,,,,,,service page,/services/attic-renovation/,,,,no
2,21,head,attic renovation quote,quote,Transactional,attic-renovation,Attic Renovation,Specialty Rooms,no,,,,,,service page,/services/attic-renovation/,,,,no
2,21,head,attic renovation services,hiring,Commercial,attic-renovation,Attic Renovation,Specialty Rooms,no,,,,,,service page,/services/attic-renovation/,,,,no
2,21,head,best attic renovation,comparison,Commercial,attic-renovation,Attic Renovation,Specialty Rooms,no,,,,,,service page,/services/attic-renovation/,,,,no
2,21,head,backsplash installation companies,hiring,Commercial,backsplash-installation,Backsplash Installation,Kitchen,no,,,,,,service page,/services/backsplash-installation/,,,,no
2,21,head,backsplash installation company,hiring,Commercial,backsplash-installation,Backsplash Installation,Kitchen,no,,,,,,service page,/services/backsplash-installation/,,,,no
2,21,head,backsplash installation gta,anchor-city,Commercial,backsplash-installation,Backsplash Installation,Kitchen,no,,,,,,service page,/services/backsplash-installation/,,,,no
2,21,head,backsplash installation quote,quote,Transactional,backsplash-installation,Backsplash Installation,Kitchen,no,,,,,,service page,/services/backsplash-installation/,,,,no
2,21,head,backsplash installation services,hiring,Commercial,backsplash-installation,Backsplash Installation,Kitchen,no,,,,,,service page,/services/backsplash-installation/,,,,no
2,21,head,best backsplash installation,comparison,Commercial,backsplash-installation,Backsplash Installation,Kitchen,no,,,,,,service page,/services/backsplash-installation/,,,,no
2,21,head,backwater valve installation companies,hiring,Commercial,backwater-valve-installation,Backwater Valve Installation,Waterproofing,no,,,,,,service page,/services/backwater-valve-installation/,,,,no
2,21,head,backwater valve installation company,hiring,Commercial,backwater-valve-installation,Backwater Valve Installation,Waterproofing,no,,,,,,service page,/services/backwater-valve-installation/,,,,no
2,21,head,backwater valve installation gta,anchor-city,Commercial,backwater-valve-installation,Backwater Valve Installation,Waterproofing,no,,,,,,service page,/services/backwater-valve-installation/,,,,no
2,21,head,backwater valve installation quote,quote,Transactional,backwater-valve-installation,Backwater Valve Installation,Waterproofing,no,,,,,,service page,/services/backwater-valve-installation/,,,,no
2,21,head,backwater valve installation services,hiring,Commercial,backwater-valve-installation,Backwater Valve Installation,Waterproofing,no,,,,,,service page,/services/backwater-valve-installation/,,,,no
2,21,head,best backwater valve installation,comparison,Commercial,backwater-valve-installation,Backwater Valve Installation,Waterproofing,no,,,,,,service page,/services/backwater-valve-installation/,,,,no
2,21,head,best wet bar installation,comparison,Commercial,bar-cabinetry-installation,Bar Cabinetry Installation,Cabinetry & Storage,no,,,,,,service page,/services/bar-cabinetry-installation/,,,,no
2,21,head,wet bar installation companies,hiring,Commercial,bar-cabinetry-installation,Bar Cabinetry Installation,Cabinetry & Storage,no,,,,,,service page,/services/bar-cabinetry-installation/,,,,no
2,21,head,wet bar installation company,hiring,Commercial,bar-cabinetry-installation,Bar Cabinetry Installation,Cabinetry & Storage,no,,,,,,service page,/services/bar-cabinetry-installation/,,,,no
2,21,head,wet bar installation gta,anchor-city,Commercial,bar-cabinetry-installation,Bar Cabinetry Installation,Cabinetry & Storage,no,,,,,,service page,/services/bar-cabinetry-installation/,,,,no
2,21,head,wet bar installation quote,quote,Transactional,bar-cabinetry-installation,Bar Cabinetry Installation,Cabinetry & Storage,no,,,,,,service page,/services/bar-cabinetry-installation/,,,,no
2,21,head,wet bar installation services,hiring,Commercial,bar-cabinetry-installation,Bar Cabinetry Installation,Cabinetry & Storage,no,,,,,,service page,/services/bar-cabinetry-installation/,,,,no
2,22,head,barn door installation companies,hiring,Commercial,barn-door-installation,Barn Door Installation,Doors,no,,,,,,service page,/services/barn-door-installation/,,,,no
2,22,head,barn door installation company,hiring,Commercial,barn-door-installation,Barn Door Installation,Doors,no,,,,,,service page,/services/barn-door-installation/,,,,no
2,22,head,barn door installation gta,anchor-city,Commercial,barn-door-installation,Barn Door Installation,Doors,no,,,,,,service page,/services/barn-door-installation/,,,,no
2,22,head,barn door installation quote,quote,Transactional,barn-door-installation,Barn Door Installation,Doors,no,,,,,,service page,/services/barn-door-installation/,,,,no
2,22,head,barn door installation services,hiring,Commercial,barn-door-installation,Barn Door Installation,Doors,no,,,,,,service page,/services/barn-door-installation/,,,,no
2,22,head,best barn door installation,comparison,Commercial,barn-door-installation,Barn Door Installation,Doors,no,,,,,,service page,/services/barn-door-installation/,,,,no
2,22,head,barrier free shower installation companies,hiring,Commercial,barrier-free-shower-installation,Barrier-Free Shower Installation,Accessibility,no,,,,,,service page,/services/barrier-free-shower-installation/,,,,no
2,22,head,barrier free shower installation company,hiring,Commercial,barrier-free-shower-installation,Barrier-Free Shower Installation,Accessibility,no,,,,,,service page,/services/barrier-free-shower-installation/,,,,no
2,22,head,barrier free shower installation gta,anchor-city,Commercial,barrier-free-shower-installation,Barrier-Free Shower Installation,Accessibility,no,,,,,,service page,/services/barrier-free-shower-installation/,,,,no
2,22,head,barrier free shower installation quote,quote,Transactional,barrier-free-shower-installation,Barrier-Free Shower Installation,Accessibility,no,,,,,,service page,/services/barrier-free-shower-installation/,,,,no
2,22,head,barrier free shower installation services,hiring,Commercial,barrier-free-shower-installation,Barrier-Free Shower Installation,Accessibility,no,,,,,,service page,/services/barrier-free-shower-installation/,,,,no
2,22,head,best barrier free shower installation,comparison,Commercial,barrier-free-shower-installation,Barrier-Free Shower Installation,Accessibility,no,,,,,,service page,/services/barrier-free-shower-installation/,,,,no
2,22,head,basement apartment construction companies,hiring,Commercial,basement-apartment-construction,Basement Apartment Construction,Basement,no,,,,,,service page,/services/basement-apartment-construction/,,,,no
2,22,head,basement apartment construction company,hiring,Commercial,basement-apartment-construction,Basement Apartment Construction,Basement,no,,,,,,service page,/services/basement-apartment-construction/,,,,no
2,22,head,basement apartment construction gta,anchor-city,Commercial,basement-apartment-construction,Basement Apartment Construction,Basement,no,,,,,,service page,/services/basement-apartment-construction/,,,,no
2,22,head,basement apartment construction quote,quote,Transactional,basement-apartment-construction,Basement Apartment Construction,Basement,no,,,,,,service page,/services/basement-apartment-construction/,,,,no
2,22,head,basement apartment construction services,hiring,Commercial,basement-apartment-construction,Basement Apartment Construction,Basement,no,,,,,,service page,/services/basement-apartment-construction/,,,,no
2,22,head,best basement apartment construction,comparison,Commercial,basement-apartment-construction,Basement Apartment Construction,Basement,no,,,,,,service page,/services/basement-apartment-construction/,,,,no
2,22,head,basement bathroom installation companies,hiring,Commercial,basement-bathroom-installation,Basement Bathroom Installation,Bathroom,no,,,,,,service page,/services/basement-bathroom-installation/,,,,no
2,22,head,basement bathroom installation company,hiring,Commercial,basement-bathroom-installation,Basement Bathroom Installation,Bathroom,no,,,,,,service page,/services/basement-bathroom-installation/,,,,no
2,22,head,basement bathroom installation gta,anchor-city,Commercial,basement-bathroom-installation,Basement Bathroom Installation,Bathroom,no,,,,,,service page,/services/basement-bathroom-installation/,,,,no
2,22,head,basement bathroom installation quote,quote,Transactional,basement-bathroom-installation,Basement Bathroom Installation,Bathroom,no,,,,,,service page,/services/basement-bathroom-installation/,,,,no
2,22,head,basement bathroom installation services,hiring,Commercial,basement-bathroom-installation,Basement Bathroom Installation,Bathroom,no,,,,,,service page,/services/basement-bathroom-installation/,,,,no
2,22,head,best basement bathroom installation,comparison,Commercial,basement-bathroom-installation,Basement Bathroom Installation,Bathroom,no,,,,,,service page,/services/basement-bathroom-installation/,,,,no
2,22,head,basement ceiling installation companies,hiring,Commercial,basement-ceiling-installation,Basement Ceiling Installation,Basement,no,,,,,,service page,/services/basement-ceiling-installation/,,,,no
2,22,head,basement ceiling installation company,hiring,Commercial,basement-ceiling-installation,Basement Ceiling Installation,Basement,no,,,,,,service page,/services/basement-ceiling-installation/,,,,no
2,22,head,basement ceiling installation gta,anchor-city,Commercial,basement-ceiling-installation,Basement Ceiling Installation,Basement,no,,,,,,service page,/services/basement-ceiling-installation/,,,,no
2,22,head,basement ceiling installation quote,quote,Transactional,basement-ceiling-installation,Basement Ceiling Installation,Basement,no,,,,,,service page,/services/basement-ceiling-installation/,,,,no
2,22,head,basement ceiling installation services,hiring,Commercial,basement-ceiling-installation,Basement Ceiling Installation,Basement,no,,,,,,service page,/services/basement-ceiling-installation/,,,,no
2,22,head,best basement ceiling installation,comparison,Commercial,basement-ceiling-installation,Basement Ceiling Installation,Basement,no,,,,,,service page,/services/basement-ceiling-installation/,,,,no
2,22,head,basement demolition companies,hiring,Commercial,basement-demolition,Basement Demolition,Demolition & Prep,no,,,,,,service page,/services/basement-demolition/,,,,no
2,22,head,basement demolition company,hiring,Commercial,basement-demolition,Basement Demolition,Demolition & Prep,no,,,,,,service page,/services/basement-demolition/,,,,no
2,22,head,basement demolition gta,anchor-city,Commercial,basement-demolition,Basement Demolition,Demolition & Prep,no,,,,,,service page,/services/basement-demolition/,,,,no
2,22,head,basement demolition quote,quote,Transactional,basement-demolition,Basement Demolition,Demolition & Prep,no,,,,,,service page,/services/basement-demolition/,,,,no
2,22,head,basement demolition services,hiring,Commercial,basement-demolition,Basement Demolition,Demolition & Prep,no,,,,,,service page,/services/basement-demolition/,,,,no
2,22,head,best basement demolition,comparison,Commercial,basement-demolition,Basement Demolition,Demolition & Prep,no,,,,,,service page,/services/basement-demolition/,,,,no
2,22,head,basement electrical rough in companies,hiring,Commercial,basement-electrical-rough-in,Basement Electrical Rough-In,Electrical,no,,,,,,service page,/services/basement-electrical-rough-in/,,,,no
2,22,head,basement electrical rough in company,hiring,Commercial,basement-electrical-rough-in,Basement Electrical Rough-In,Electrical,no,,,,,,service page,/services/basement-electrical-rough-in/,,,,no
2,22,head,basement electrical rough in gta,anchor-city,Commercial,basement-electrical-rough-in,Basement Electrical Rough-In,Electrical,no,,,,,,service page,/services/basement-electrical-rough-in/,,,,no
2,22,head,basement electrical rough in quote,quote,Transactional,basement-electrical-rough-in,Basement Electrical Rough-In,Electrical,no,,,,,,service page,/services/basement-electrical-rough-in/,,,,no
2,22,head,basement electrical rough in services,hiring,Commercial,basement-electrical-rough-in,Basement Electrical Rough-In,Electrical,no,,,,,,service page,/services/basement-electrical-rough-in/,,,,no
2,22,head,best basement electrical rough in,comparison,Commercial,basement-electrical-rough-in,Basement Electrical Rough-In,Electrical,no,,,,,,service page,/services/basement-electrical-rough-in/,,,,no
2,22,head,basement framing companies,hiring,Commercial,basement-framing,Basement Framing,Basement,no,,,,,,service page,/services/basement-framing/,,,,no
2,22,head,basement framing company,hiring,Commercial,basement-framing,Basement Framing,Basement,no,,,,,,service page,/services/basement-framing/,,,,no
2,22,head,basement framing gta,anchor-city,Commercial,basement-framing,Basement Framing,Basement,no,,,,,,service page,/services/basement-framing/,,,,no
2,22,head,basement framing quote,quote,Transactional,basement-framing,Basement Framing,Basement,no,,,,,,service page,/services/basement-framing/,,,,no
2,22,head,basement framing services,hiring,Commercial,basement-framing,Basement Framing,Basement,no,,,,,,service page,/services/basement-framing/,,,,no
2,22,head,best basement framing,comparison,Commercial,basement-framing,Basement Framing,Basement,no,,,,,,service page,/services/basement-framing/,,,,no
2,22,head,basement insulation companies,hiring,Commercial,basement-insulation,Basement Insulation,Insulation & Energy,no,,,,,,service page,/services/basement-insulation/,,,,no
2,22,head,basement insulation company,hiring,Commercial,basement-insulation,Basement Insulation,Insulation & Energy,no,,,,,,service page,/services/basement-insulation/,,,,no
2,22,head,basement insulation gta,anchor-city,Commercial,basement-insulation,Basement Insulation,Insulation & Energy,no,,,,,,service page,/services/basement-insulation/,,,,no
2,22,head,basement insulation quote,quote,Transactional,basement-insulation,Basement Insulation,Insulation & Energy,no,,,,,,service page,/services/basement-insulation/,,,,no
2,22,head,basement insulation services,hiring,Commercial,basement-insulation,Basement Insulation,Insulation & Energy,no,,,,,,service page,/services/basement-insulation/,,,,no
2,22,head,best basement insulation,comparison,Commercial,basement-insulation,Basement Insulation,Insulation & Energy,no,,,,,,service page,/services/basement-insulation/,,,,no
2,22,head,basement kitchen installation companies,hiring,Commercial,basement-kitchen-installation,Basement Kitchen Installation,Basement,no,,,,,,service page,/services/basement-kitchen-installation/,,,,no
2,22,head,basement kitchen installation company,hiring,Commercial,basement-kitchen-installation,Basement Kitchen Installation,Basement,no,,,,,,service page,/services/basement-kitchen-installation/,,,,no
2,22,head,basement kitchen installation gta,anchor-city,Commercial,basement-kitchen-installation,Basement Kitchen Installation,Basement,no,,,,,,service page,/services/basement-kitchen-installation/,,,,no
2,22,head,basement kitchen installation quote,quote,Transactional,basement-kitchen-installation,Basement Kitchen Installation,Basement,no,,,,,,service page,/services/basement-kitchen-installation/,,,,no
2,22,head,basement kitchen installation services,hiring,Commercial,basement-kitchen-installation,Basement Kitchen Installation,Basement,no,,,,,,service page,/services/basement-kitchen-installation/,,,,no
2,22,head,best basement kitchen installation,comparison,Commercial,basement-kitchen-installation,Basement Kitchen Installation,Basement,no,,,,,,service page,/services/basement-kitchen-installation/,,,,no
2,22,head,basement lowering companies,hiring,Commercial,basement-lowering,Basement Lowering,Basement,no,,,,,,service page,/services/basement-lowering/,,,,no
2,22,head,basement lowering company,hiring,Commercial,basement-lowering,Basement Lowering,Basement,no,,,,,,service page,/services/basement-lowering/,,,,no
2,22,head,basement lowering gta,anchor-city,Commercial,basement-lowering,Basement Lowering,Basement,no,,,,,,service page,/services/basement-lowering/,,,,no
2,22,head,basement lowering quote,quote,Transactional,basement-lowering,Basement Lowering,Basement,no,,,,,,service page,/services/basement-lowering/,,,,no
2,22,head,basement lowering services,hiring,Commercial,basement-lowering,Basement Lowering,Basement,no,,,,,,service page,/services/basement-lowering/,,,,no
2,22,head,best basement lowering,comparison,Commercial,basement-lowering,Basement Lowering,Basement,no,,,,,,service page,/services/basement-lowering/,,,,no
2,22,head,basement soundproofing companies,hiring,Commercial,basement-soundproofing,Basement Soundproofing,Basement,no,,,,,,service page,/services/basement-soundproofing/,,,,no
2,22,head,basement soundproofing company,hiring,Commercial,basement-soundproofing,Basement Soundproofing,Basement,no,,,,,,service page,/services/basement-soundproofing/,,,,no
2,22,head,basement soundproofing gta,anchor-city,Commercial,basement-soundproofing,Basement Soundproofing,Basement,no,,,,,,service page,/services/basement-soundproofing/,,,,no
2,22,head,basement soundproofing quote,quote,Transactional,basement-soundproofing,Basement Soundproofing,Basement,no,,,,,,service page,/services/basement-soundproofing/,,,,no
2,22,head,basement soundproofing services,hiring,Commercial,basement-soundproofing,Basement Soundproofing,Basement,no,,,,,,service page,/services/basement-soundproofing/,,,,no
2,22,head,best basement soundproofing,comparison,Commercial,basement-soundproofing,Basement Soundproofing,Basement,no,,,,,,service page,/services/basement-soundproofing/,,,,no
2,22,head,basement stair replacement companies,hiring,Commercial,basement-stair-replacement,Basement Stair Replacement,Stairs & Railings,no,,,,,,service page,/services/basement-stair-replacement/,,,,no
2,22,head,basement stair replacement company,hiring,Commercial,basement-stair-replacement,Basement Stair Replacement,Stairs & Railings,no,,,,,,service page,/services/basement-stair-replacement/,,,,no
2,22,head,basement stair replacement gta,anchor-city,Commercial,basement-stair-replacement,Basement Stair Replacement,Stairs & Railings,no,,,,,,service page,/services/basement-stair-replacement/,,,,no
2,22,head,basement stair replacement quote,quote,Transactional,basement-stair-replacement,Basement Stair Replacement,Stairs & Railings,no,,,,,,service page,/services/basement-stair-replacement/,,,,no
2,22,head,basement stair replacement services,hiring,Commercial,basement-stair-replacement,Basement Stair Replacement,Stairs & Railings,no,,,,,,service page,/services/basement-stair-replacement/,,,,no
2,22,head,best basement stair replacement,comparison,Commercial,basement-stair-replacement,Basement Stair Replacement,Stairs & Railings,no,,,,,,service page,/services/basement-stair-replacement/,,,,no
2,22,head,basement underpinning companies,hiring,Commercial,basement-underpinning,Basement Underpinning,Basement,no,,,,,,service page,/services/basement-underpinning/,,,,no
2,22,head,basement underpinning company,hiring,Commercial,basement-underpinning,Basement Underpinning,Basement,no,,,,,,service page,/services/basement-underpinning/,,,,no
2,22,head,basement underpinning gta,anchor-city,Commercial,basement-underpinning,Basement Underpinning,Basement,no,,,,,,service page,/services/basement-underpinning/,,,,no
2,22,head,basement underpinning quote,quote,Transactional,basement-underpinning,Basement Underpinning,Basement,no,,,,,,service page,/services/basement-underpinning/,,,,no
2,22,head,basement underpinning services,hiring,Commercial,basement-underpinning,Basement Underpinning,Basement,no,,,,,,service page,/services/basement-underpinning/,,,,no
2,22,head,best basement underpinning,comparison,Commercial,basement-underpinning,Basement Underpinning,Basement,no,,,,,,service page,/services/basement-underpinning/,,,,no
2,22,head,basement window replacement companies,hiring,Commercial,basement-window-replacement,Basement Window Replacement,Windows,no,,,,,,service page,/services/basement-window-replacement/,,,,no
2,22,head,basement window replacement company,hiring,Commercial,basement-window-replacement,Basement Window Replacement,Windows,no,,,,,,service page,/services/basement-window-replacement/,,,,no
2,22,head,basement window replacement gta,anchor-city,Commercial,basement-window-replacement,Basement Window Replacement,Windows,no,,,,,,service page,/services/basement-window-replacement/,,,,no
2,22,head,basement window replacement quote,quote,Transactional,basement-window-replacement,Basement Window Replacement,Windows,no,,,,,,service page,/services/basement-window-replacement/,,,,no
2,22,head,basement window replacement services,hiring,Commercial,basement-window-replacement,Basement Window Replacement,Windows,no,,,,,,service page,/services/basement-window-replacement/,,,,no
2,22,head,best basement window replacement,comparison,Commercial,basement-window-replacement,Basement Window Replacement,Windows,no,,,,,,service page,/services/basement-window-replacement/,,,,no
2,22,head,bathroom demolition companies,hiring,Commercial,bathroom-demolition,Bathroom Demolition,Demolition & Prep,no,,,,,,service page,/services/bathroom-demolition/,,,,no
2,22,head,bathroom demolition company,hiring,Commercial,bathroom-demolition,Bathroom Demolition,Demolition & Prep,no,,,,,,service page,/services/bathroom-demolition/,,,,no
2,22,head,bathroom demolition gta,anchor-city,Commercial,bathroom-demolition,Bathroom Demolition,Demolition & Prep,no,,,,,,service page,/services/bathroom-demolition/,,,,no
2,22,head,bathroom demolition quote,quote,Transactional,bathroom-demolition,Bathroom Demolition,Demolition & Prep,no,,,,,,service page,/services/bathroom-demolition/,,,,no
2,22,head,bathroom demolition services,hiring,Commercial,bathroom-demolition,Bathroom Demolition,Demolition & Prep,no,,,,,,service page,/services/bathroom-demolition/,,,,no
2,22,head,best bathroom demolition,comparison,Commercial,bathroom-demolition,Bathroom Demolition,Demolition & Prep,no,,,,,,service page,/services/bathroom-demolition/,,,,no
2,22,head,bathroom exhaust fan installation companies,hiring,Commercial,bathroom-exhaust-fan-installation,Bathroom Exhaust Fan Installation,Bathroom,no,,,,,,service page,/services/bathroom-exhaust-fan-installation/,,,,no
2,22,head,bathroom exhaust fan installation company,hiring,Commercial,bathroom-exhaust-fan-installation,Bathroom Exhaust Fan Installation,Bathroom,no,,,,,,service page,/services/bathroom-exhaust-fan-installation/,,,,no
2,22,head,bathroom exhaust fan installation gta,anchor-city,Commercial,bathroom-exhaust-fan-installation,Bathroom Exhaust Fan Installation,Bathroom,no,,,,,,service page,/services/bathroom-exhaust-fan-installation/,,,,no
2,22,head,bathroom exhaust fan installation quote,quote,Transactional,bathroom-exhaust-fan-installation,Bathroom Exhaust Fan Installation,Bathroom,no,,,,,,service page,/services/bathroom-exhaust-fan-installation/,,,,no
2,23,head,bathroom exhaust fan installation services,hiring,Commercial,bathroom-exhaust-fan-installation,Bathroom Exhaust Fan Installation,Bathroom,no,,,,,,service page,/services/bathroom-exhaust-fan-installation/,,,,no
2,23,head,best bathroom exhaust fan installation,comparison,Commercial,bathroom-exhaust-fan-installation,Bathroom Exhaust Fan Installation,Bathroom,no,,,,,,service page,/services/bathroom-exhaust-fan-installation/,,,,no
2,23,head,bathroom plumbing installation companies,hiring,Commercial,bathroom-plumbing-installation,Bathroom Plumbing Installation,Plumbing,no,,,,,,service page,/services/bathroom-plumbing-installation/,,,,no
2,23,head,bathroom plumbing installation company,hiring,Commercial,bathroom-plumbing-installation,Bathroom Plumbing Installation,Plumbing,no,,,,,,service page,/services/bathroom-plumbing-installation/,,,,no
2,23,head,bathroom plumbing installation gta,anchor-city,Commercial,bathroom-plumbing-installation,Bathroom Plumbing Installation,Plumbing,no,,,,,,service page,/services/bathroom-plumbing-installation/,,,,no
2,23,head,bathroom plumbing installation quote,quote,Transactional,bathroom-plumbing-installation,Bathroom Plumbing Installation,Plumbing,no,,,,,,service page,/services/bathroom-plumbing-installation/,,,,no
2,23,head,bathroom plumbing installation services,hiring,Commercial,bathroom-plumbing-installation,Bathroom Plumbing Installation,Plumbing,no,,,,,,service page,/services/bathroom-plumbing-installation/,,,,no
2,23,head,best bathroom plumbing installation,comparison,Commercial,bathroom-plumbing-installation,Bathroom Plumbing Installation,Plumbing,no,,,,,,service page,/services/bathroom-plumbing-installation/,,,,no
2,23,head,bathroom tile installation companies,hiring,Commercial,bathroom-tile-installation,Bathroom Tile Installation,Bathroom,no,,,,,,service page,/services/bathroom-tile-installation/,,,,no
2,23,head,bathroom tile installation company,hiring,Commercial,bathroom-tile-installation,Bathroom Tile Installation,Bathroom,no,,,,,,service page,/services/bathroom-tile-installation/,,,,no
2,23,head,bathroom tile installation gta,anchor-city,Commercial,bathroom-tile-installation,Bathroom Tile Installation,Bathroom,no,,,,,,service page,/services/bathroom-tile-installation/,,,,no
2,23,head,bathroom tile installation quote,quote,Transactional,bathroom-tile-installation,Bathroom Tile Installation,Bathroom,no,,,,,,service page,/services/bathroom-tile-installation/,,,,no
2,23,head,bathroom tile installation services,hiring,Commercial,bathroom-tile-installation,Bathroom Tile Installation,Bathroom,no,,,,,,service page,/services/bathroom-tile-installation/,,,,no
2,23,head,best bathroom tile installation,comparison,Commercial,bathroom-tile-installation,Bathroom Tile Installation,Bathroom,no,,,,,,service page,/services/bathroom-tile-installation/,,,,no
2,23,head,bathroom vanity installation companies,hiring,Commercial,bathroom-vanity-installation,Bathroom Vanity Installation,Bathroom,no,,,,,,service page,/services/bathroom-vanity-installation/,,,,no
2,23,head,bathroom vanity installation company,hiring,Commercial,bathroom-vanity-installation,Bathroom Vanity Installation,Bathroom,no,,,,,,service page,/services/bathroom-vanity-installation/,,,,no
2,23,head,bathroom vanity installation gta,anchor-city,Commercial,bathroom-vanity-installation,Bathroom Vanity Installation,Bathroom,no,,,,,,service page,/services/bathroom-vanity-installation/,,,,no
2,23,head,bathroom vanity installation quote,quote,Transactional,bathroom-vanity-installation,Bathroom Vanity Installation,Bathroom,no,,,,,,service page,/services/bathroom-vanity-installation/,,,,no
2,23,head,bathroom vanity installation services,hiring,Commercial,bathroom-vanity-installation,Bathroom Vanity Installation,Bathroom,no,,,,,,service page,/services/bathroom-vanity-installation/,,,,no
2,23,head,best bathroom vanity installation,comparison,Commercial,bathroom-vanity-installation,Bathroom Vanity Installation,Bathroom,no,,,,,,service page,/services/bathroom-vanity-installation/,,,,no
2,23,head,bathroom waterproofing companies,hiring,Commercial,bathroom-waterproofing,Bathroom Waterproofing,Bathroom,no,,,,,,service page,/services/bathroom-waterproofing/,,,,no
2,23,head,bathroom waterproofing company,hiring,Commercial,bathroom-waterproofing,Bathroom Waterproofing,Bathroom,no,,,,,,service page,/services/bathroom-waterproofing/,,,,no
2,23,head,bathroom waterproofing gta,anchor-city,Commercial,bathroom-waterproofing,Bathroom Waterproofing,Bathroom,no,,,,,,service page,/services/bathroom-waterproofing/,,,,no
2,23,head,bathroom waterproofing quote,quote,Transactional,bathroom-waterproofing,Bathroom Waterproofing,Bathroom,no,,,,,,service page,/services/bathroom-waterproofing/,,,,no
2,23,head,bathroom waterproofing services,hiring,Commercial,bathroom-waterproofing,Bathroom Waterproofing,Bathroom,no,,,,,,service page,/services/bathroom-waterproofing/,,,,no
2,23,head,best bathroom waterproofing,comparison,Commercial,bathroom-waterproofing,Bathroom Waterproofing,Bathroom,no,,,,,,service page,/services/bathroom-waterproofing/,,,,no
2,23,head,bathtub installation companies,hiring,Commercial,bathtub-installation,Bathtub Installation,Bathroom,no,,,,,,service page,/services/bathtub-installation/,,,,no
2,23,head,bathtub installation company,hiring,Commercial,bathtub-installation,Bathtub Installation,Bathroom,no,,,,,,service page,/services/bathtub-installation/,,,,no
2,23,head,bathtub installation gta,anchor-city,Commercial,bathtub-installation,Bathtub Installation,Bathroom,no,,,,,,service page,/services/bathtub-installation/,,,,no
2,23,head,bathtub installation quote,quote,Transactional,bathtub-installation,Bathtub Installation,Bathroom,no,,,,,,service page,/services/bathtub-installation/,,,,no
2,23,head,bathtub installation services,hiring,Commercial,bathtub-installation,Bathtub Installation,Bathroom,no,,,,,,service page,/services/bathtub-installation/,,,,no
2,23,head,best bathtub installation,comparison,Commercial,bathtub-installation,Bathtub Installation,Bathroom,no,,,,,,service page,/services/bathtub-installation/,,,,no
2,23,head,bathtub to shower conversion companies,hiring,Commercial,bathtub-to-shower-conversion,Bathtub to Shower Conversion,Bathroom,no,,,,,,service page,/services/bathtub-to-shower-conversion/,,,,no
2,23,head,bathtub to shower conversion company,hiring,Commercial,bathtub-to-shower-conversion,Bathtub to Shower Conversion,Bathroom,no,,,,,,service page,/services/bathtub-to-shower-conversion/,,,,no
2,23,head,bathtub to shower conversion gta,anchor-city,Commercial,bathtub-to-shower-conversion,Bathtub to Shower Conversion,Bathroom,no,,,,,,service page,/services/bathtub-to-shower-conversion/,,,,no
2,23,head,bathtub to shower conversion quote,quote,Transactional,bathtub-to-shower-conversion,Bathtub to Shower Conversion,Bathroom,no,,,,,,service page,/services/bathtub-to-shower-conversion/,,,,no
2,23,head,bathtub to shower conversion services,hiring,Commercial,bathtub-to-shower-conversion,Bathtub to Shower Conversion,Bathroom,no,,,,,,service page,/services/bathtub-to-shower-conversion/,,,,no
2,23,head,best bathtub to shower conversion,comparison,Commercial,bathtub-to-shower-conversion,Bathtub to Shower Conversion,Bathroom,no,,,,,,service page,/services/bathtub-to-shower-conversion/,,,,no
2,23,head,bay window installation companies,hiring,Commercial,bay-window-installation,Bay Window Installation,Windows,no,,,,,,service page,/services/bay-window-installation/,,,,no
2,23,head,bay window installation company,hiring,Commercial,bay-window-installation,Bay Window Installation,Windows,no,,,,,,service page,/services/bay-window-installation/,,,,no
2,23,head,bay window installation gta,anchor-city,Commercial,bay-window-installation,Bay Window Installation,Windows,no,,,,,,service page,/services/bay-window-installation/,,,,no
2,23,head,bay window installation quote,quote,Transactional,bay-window-installation,Bay Window Installation,Windows,no,,,,,,service page,/services/bay-window-installation/,,,,no
2,23,head,bay window installation services,hiring,Commercial,bay-window-installation,Bay Window Installation,Windows,no,,,,,,service page,/services/bay-window-installation/,,,,no
2,23,head,best bay window installation,comparison,Commercial,bay-window-installation,Bay Window Installation,Windows,no,,,,,,service page,/services/bay-window-installation/,,,,no
2,23,head,bench footing basement companies,hiring,Commercial,bench-footing,Bench Footing,Basement,no,,,,,,service page,/services/bench-footing/,,,,no
2,23,head,bench footing basement company,hiring,Commercial,bench-footing,Bench Footing,Basement,no,,,,,,service page,/services/bench-footing/,,,,no
2,23,head,bench footing basement gta,anchor-city,Commercial,bench-footing,Bench Footing,Basement,no,,,,,,service page,/services/bench-footing/,,,,no
2,23,head,bench footing basement quote,quote,Transactional,bench-footing,Bench Footing,Basement,no,,,,,,service page,/services/bench-footing/,,,,no
2,23,head,bench footing basement services,hiring,Commercial,bench-footing,Bench Footing,Basement,no,,,,,,service page,/services/bench-footing/,,,,no
2,23,head,best bench footing basement,comparison,Commercial,bench-footing,Bench Footing,Basement,no,,,,,,service page,/services/bench-footing/,,,,no
2,23,head,best bifold door installation,comparison,Commercial,bifold-door-installation,Bifold Door Installation,Doors,no,,,,,,service page,/services/bifold-door-installation/,,,,no
2,23,head,bifold door installation companies,hiring,Commercial,bifold-door-installation,Bifold Door Installation,Doors,no,,,,,,service page,/services/bifold-door-installation/,,,,no
2,23,head,bifold door installation company,hiring,Commercial,bifold-door-installation,Bifold Door Installation,Doors,no,,,,,,service page,/services/bifold-door-installation/,,,,no
2,23,head,bifold door installation gta,anchor-city,Commercial,bifold-door-installation,Bifold Door Installation,Doors,no,,,,,,service page,/services/bifold-door-installation/,,,,no
2,23,head,bifold door installation quote,quote,Transactional,bifold-door-installation,Bifold Door Installation,Doors,no,,,,,,service page,/services/bifold-door-installation/,,,,no
2,23,head,bifold door installation services,hiring,Commercial,bifold-door-installation,Bifold Door Installation,Doors,no,,,,,,service page,/services/bifold-door-installation/,,,,no
2,23,head,best blown in insulation,comparison,Commercial,blown-in-insulation,Blown-In Insulation,Insulation & Energy,no,,,,,,service page,/services/blown-in-insulation/,,,,no
2,23,head,blown in insulation companies,hiring,Commercial,blown-in-insulation,Blown-In Insulation,Insulation & Energy,no,,,,,,service page,/services/blown-in-insulation/,,,,no
2,23,head,blown in insulation company,hiring,Commercial,blown-in-insulation,Blown-In Insulation,Insulation & Energy,no,,,,,,service page,/services/blown-in-insulation/,,,,no
2,23,head,blown in insulation gta,anchor-city,Commercial,blown-in-insulation,Blown-In Insulation,Insulation & Energy,no,,,,,,service page,/services/blown-in-insulation/,,,,no
2,23,head,blown in insulation quote,quote,Transactional,blown-in-insulation,Blown-In Insulation,Insulation & Energy,no,,,,,,service page,/services/blown-in-insulation/,,,,no
2,23,head,blown in insulation services,hiring,Commercial,blown-in-insulation,Blown-In Insulation,Insulation & Energy,no,,,,,,service page,/services/blown-in-insulation/,,,,no
2,23,head,best built in bookshelf installation,comparison,Commercial,bookshelf-installation,Bookshelf Installation,Cabinetry & Storage,no,,,,,,service page,/services/bookshelf-installation/,,,,no
2,23,head,built in bookshelf installation companies,hiring,Commercial,bookshelf-installation,Bookshelf Installation,Cabinetry & Storage,no,,,,,,service page,/services/bookshelf-installation/,,,,no
2,23,head,built in bookshelf installation company,hiring,Commercial,bookshelf-installation,Bookshelf Installation,Cabinetry & Storage,no,,,,,,service page,/services/bookshelf-installation/,,,,no
2,23,head,built in bookshelf installation gta,anchor-city,Commercial,bookshelf-installation,Bookshelf Installation,Cabinetry & Storage,no,,,,,,service page,/services/bookshelf-installation/,,,,no
2,23,head,built in bookshelf installation quote,quote,Transactional,bookshelf-installation,Bookshelf Installation,Cabinetry & Storage,no,,,,,,service page,/services/bookshelf-installation/,,,,no
2,23,head,built in bookshelf installation services,hiring,Commercial,bookshelf-installation,Bookshelf Installation,Cabinetry & Storage,no,,,,,,service page,/services/bookshelf-installation/,,,,no
2,23,head,best bow window installation,comparison,Commercial,bow-window-installation,Bow Window Installation,Windows,no,,,,,,service page,/services/bow-window-installation/,,,,no
2,23,head,bow window installation companies,hiring,Commercial,bow-window-installation,Bow Window Installation,Windows,no,,,,,,service page,/services/bow-window-installation/,,,,no
2,23,head,bow window installation company,hiring,Commercial,bow-window-installation,Bow Window Installation,Windows,no,,,,,,service page,/services/bow-window-installation/,,,,no
2,23,head,bow window installation gta,anchor-city,Commercial,bow-window-installation,Bow Window Installation,Windows,no,,,,,,service page,/services/bow-window-installation/,,,,no
2,23,head,bow window installation quote,quote,Transactional,bow-window-installation,Bow Window Installation,Windows,no,,,,,,service page,/services/bow-window-installation/,,,,no
2,23,head,bow window installation services,hiring,Commercial,bow-window-installation,Bow Window Installation,Windows,no,,,,,,service page,/services/bow-window-installation/,,,,no
2,23,head,best brick painting,comparison,Commercial,brick-painting,Brick Painting,Painting,no,,,,,,service page,/services/brick-painting/,,,,no
2,23,head,brick painting companies,hiring,Commercial,brick-painting,Brick Painting,Painting,no,,,,,,service page,/services/brick-painting/,,,,no
2,23,head,brick painting company,hiring,Commercial,brick-painting,Brick Painting,Painting,no,,,,,,service page,/services/brick-painting/,,,,no
2,23,head,brick painting gta,anchor-city,Commercial,brick-painting,Brick Painting,Painting,no,,,,,,service page,/services/brick-painting/,,,,no
2,23,head,brick painting quote,quote,Transactional,brick-painting,Brick Painting,Painting,no,,,,,,service page,/services/brick-painting/,,,,no
2,23,head,brick painting services,hiring,Commercial,brick-painting,Brick Painting,Painting,no,,,,,,service page,/services/brick-painting/,,,,no
2,23,head,best brick repair,comparison,Commercial,brick-repair,Brick Repair,Concrete & Masonry,no,,,,,,service page,/services/brick-repair/,,,,no
2,23,head,brick repair companies,hiring,Commercial,brick-repair,Brick Repair,Concrete & Masonry,no,,,,,,service page,/services/brick-repair/,,,,no
2,23,head,brick repair company,hiring,Commercial,brick-repair,Brick Repair,Concrete & Masonry,no,,,,,,service page,/services/brick-repair/,,,,no
2,23,head,brick repair gta,anchor-city,Commercial,brick-repair,Brick Repair,Concrete & Masonry,no,,,,,,service page,/services/brick-repair/,,,,no
2,23,head,brick repair quote,quote,Transactional,brick-repair,Brick Repair,Concrete & Masonry,no,,,,,,service page,/services/brick-repair/,,,,no
2,23,head,brick repair services,hiring,Commercial,brick-repair,Brick Repair,Concrete & Masonry,no,,,,,,service page,/services/brick-repair/,,,,no
2,23,head,best brick repointing,comparison,Commercial,brick-repointing,Brick Repointing,Concrete & Masonry,no,,,,,,service page,/services/brick-repointing/,,,,no
2,23,head,brick repointing companies,hiring,Commercial,brick-repointing,Brick Repointing,Concrete & Masonry,no,,,,,,service page,/services/brick-repointing/,,,,no
2,23,head,brick repointing company,hiring,Commercial,brick-repointing,Brick Repointing,Concrete & Masonry,no,,,,,,service page,/services/brick-repointing/,,,,no
2,23,head,brick repointing gta,anchor-city,Commercial,brick-repointing,Brick Repointing,Concrete & Masonry,no,,,,,,service page,/services/brick-repointing/,,,,no
2,23,head,brick repointing quote,quote,Transactional,brick-repointing,Brick Repointing,Concrete & Masonry,no,,,,,,service page,/services/brick-repointing/,,,,no
2,23,head,brick repointing services,hiring,Commercial,brick-repointing,Brick Repointing,Concrete & Masonry,no,,,,,,service page,/services/brick-repointing/,,,,no
2,23,head,best built in shelving,comparison,Commercial,built-in-shelving,Built-In Shelving,Cabinetry & Storage,no,,,,,,service page,/services/built-in-shelving/,,,,no
2,23,head,built in shelving companies,hiring,Commercial,built-in-shelving,Built-In Shelving,Cabinetry & Storage,no,,,,,,service page,/services/built-in-shelving/,,,,no
2,23,head,built in shelving company,hiring,Commercial,built-in-shelving,Built-In Shelving,Cabinetry & Storage,no,,,,,,service page,/services/built-in-shelving/,,,,no
2,23,head,built in shelving gta,anchor-city,Commercial,built-in-shelving,Built-In Shelving,Cabinetry & Storage,no,,,,,,service page,/services/built-in-shelving/,,,,no
2,23,head,built in shelving quote,quote,Transactional,built-in-shelving,Built-In Shelving,Cabinetry & Storage,no,,,,,,service page,/services/built-in-shelving/,,,,no
2,23,head,built in shelving services,hiring,Commercial,built-in-shelving,Built-In Shelving,Cabinetry & Storage,no,,,,,,service page,/services/built-in-shelving/,,,,no
2,23,head,best butcher block countertop installation,comparison,Commercial,butcher-block-countertop,Butcher Block Countertop,Kitchen,no,,,,,,service page,/services/butcher-block-countertop/,,,,no
2,23,head,butcher block countertop installation companies,hiring,Commercial,butcher-block-countertop,Butcher Block Countertop,Kitchen,no,,,,,,service page,/services/butcher-block-countertop/,,,,no
2,24,head,butcher block countertop installation company,hiring,Commercial,butcher-block-countertop,Butcher Block Countertop,Kitchen,no,,,,,,service page,/services/butcher-block-countertop/,,,,no
2,24,head,butcher block countertop installation gta,anchor-city,Commercial,butcher-block-countertop,Butcher Block Countertop,Kitchen,no,,,,,,service page,/services/butcher-block-countertop/,,,,no
2,24,head,butcher block countertop installation quote,quote,Transactional,butcher-block-countertop,Butcher Block Countertop,Kitchen,no,,,,,,service page,/services/butcher-block-countertop/,,,,no
2,24,head,butcher block countertop installation services,hiring,Commercial,butcher-block-countertop,Butcher Block Countertop,Kitchen,no,,,,,,service page,/services/butcher-block-countertop/,,,,no
2,24,head,best cabinet painting,comparison,Commercial,cabinet-painting,Cabinet Painting,Painting,no,,,,,,service page,/services/cabinet-painting/,,,,no
2,24,head,cabinet painting companies,hiring,Commercial,cabinet-painting,Cabinet Painting,Painting,no,,,,,,service page,/services/cabinet-painting/,,,,no
2,24,head,cabinet painting company,hiring,Commercial,cabinet-painting,Cabinet Painting,Painting,no,,,,,,service page,/services/cabinet-painting/,260,16,5.25,yes
2,24,head,cabinet painting gta,anchor-city,Commercial,cabinet-painting,Cabinet Painting,Painting,no,,,,,,service page,/services/cabinet-painting/,,,,no
2,24,head,cabinet painting quote,quote,Transactional,cabinet-painting,Cabinet Painting,Painting,no,,,,,,service page,/services/cabinet-painting/,,,,no
2,24,head,cabinet painting services,hiring,Commercial,cabinet-painting,Cabinet Painting,Painting,no,,,,,,service page,/services/cabinet-painting/,210,9,4.49,yes
2,24,head,best carpet installation,comparison,Commercial,carpet-installation,Carpet Installation,Flooring,no,,,,,,service page,/services/carpet-installation/,,,,no
2,24,head,carpet installation companies,hiring,Commercial,carpet-installation,Carpet Installation,Flooring,no,,,,,,service page,/services/carpet-installation/,,,,no
2,24,head,carpet installation company,hiring,Commercial,carpet-installation,Carpet Installation,Flooring,no,,,,,,service page,/services/carpet-installation/,,,,no
2,24,head,carpet installation gta,anchor-city,Commercial,carpet-installation,Carpet Installation,Flooring,no,,,,,,service page,/services/carpet-installation/,,,,no
2,24,head,carpet installation quote,quote,Transactional,carpet-installation,Carpet Installation,Flooring,no,,,,,,service page,/services/carpet-installation/,,,,no
2,24,head,carpet installation services,hiring,Commercial,carpet-installation,Carpet Installation,Flooring,no,,,,,,service page,/services/carpet-installation/,,,,no
2,24,head,best carpet to hardwood stairs,comparison,Commercial,carpet-to-hardwood-stairs,Carpet to Hardwood Stairs,Stairs & Railings,no,,,,,,service page,/services/carpet-to-hardwood-stairs/,,,,no
2,24,head,carpet to hardwood stairs companies,hiring,Commercial,carpet-to-hardwood-stairs,Carpet to Hardwood Stairs,Stairs & Railings,no,,,,,,service page,/services/carpet-to-hardwood-stairs/,,,,no
2,24,head,carpet to hardwood stairs company,hiring,Commercial,carpet-to-hardwood-stairs,Carpet to Hardwood Stairs,Stairs & Railings,no,,,,,,service page,/services/carpet-to-hardwood-stairs/,,,,no
2,24,head,carpet to hardwood stairs gta,anchor-city,Commercial,carpet-to-hardwood-stairs,Carpet to Hardwood Stairs,Stairs & Railings,no,,,,,,service page,/services/carpet-to-hardwood-stairs/,,,,no
2,24,head,carpet to hardwood stairs quote,quote,Transactional,carpet-to-hardwood-stairs,Carpet to Hardwood Stairs,Stairs & Railings,no,,,,,,service page,/services/carpet-to-hardwood-stairs/,,,,no
2,24,head,carpet to hardwood stairs services,hiring,Commercial,carpet-to-hardwood-stairs,Carpet to Hardwood Stairs,Stairs & Railings,no,,,,,,service page,/services/carpet-to-hardwood-stairs/,,,,no
2,24,head,best casement window installation,comparison,Commercial,casement-window-installation,Casement Window Installation,Windows,no,,,,,,service page,/services/casement-window-installation/,,,,no
2,24,head,casement window installation companies,hiring,Commercial,casement-window-installation,Casement Window Installation,Windows,no,,,,,,service page,/services/casement-window-installation/,,,,no
2,24,head,casement window installation company,hiring,Commercial,casement-window-installation,Casement Window Installation,Windows,no,,,,,,service page,/services/casement-window-installation/,,,,no
2,24,head,casement window installation gta,anchor-city,Commercial,casement-window-installation,Casement Window Installation,Windows,no,,,,,,service page,/services/casement-window-installation/,,,,no
2,24,head,casement window installation quote,quote,Transactional,casement-window-installation,Casement Window Installation,Windows,no,,,,,,service page,/services/casement-window-installation/,,,,no
2,24,head,casement window installation services,hiring,Commercial,casement-window-installation,Casement Window Installation,Windows,no,,,,,,service page,/services/casement-window-installation/,,,,no
2,24,head,best door casing installation,comparison,Commercial,casing-installation,Casing Installation,Trim & Millwork,no,,,,,,service page,/services/casing-installation/,,,,no
2,24,head,door casing installation companies,hiring,Commercial,casing-installation,Casing Installation,Trim & Millwork,no,,,,,,service page,/services/casing-installation/,,,,no
2,24,head,door casing installation company,hiring,Commercial,casing-installation,Casing Installation,Trim & Millwork,no,,,,,,service page,/services/casing-installation/,,,,no
2,24,head,door casing installation gta,anchor-city,Commercial,casing-installation,Casing Installation,Trim & Millwork,no,,,,,,service page,/services/casing-installation/,,,,no
2,24,head,door casing installation quote,quote,Transactional,casing-installation,Casing Installation,Trim & Millwork,no,,,,,,service page,/services/casing-installation/,,,,no
2,24,head,door casing installation services,hiring,Commercial,casing-installation,Casing Installation,Trim & Millwork,no,,,,,,service page,/services/casing-installation/,,,,no
2,24,head,best cedar deck building,comparison,Commercial,cedar-deck-building,Cedar Deck Building,Decks,no,,,,,,service page,/services/cedar-deck-building/,,,,no
2,24,head,cedar deck building companies,hiring,Commercial,cedar-deck-building,Cedar Deck Building,Decks,no,,,,,,service page,/services/cedar-deck-building/,,,,no
2,24,head,cedar deck building company,hiring,Commercial,cedar-deck-building,Cedar Deck Building,Decks,no,,,,,,service page,/services/cedar-deck-building/,,,,no
2,24,head,cedar deck building gta,anchor-city,Commercial,cedar-deck-building,Cedar Deck Building,Decks,no,,,,,,service page,/services/cedar-deck-building/,,,,no
2,24,head,cedar deck building quote,quote,Transactional,cedar-deck-building,Cedar Deck Building,Decks,no,,,,,,service page,/services/cedar-deck-building/,,,,no
2,24,head,cedar deck building services,hiring,Commercial,cedar-deck-building,Cedar Deck Building,Decks,no,,,,,,service page,/services/cedar-deck-building/,,,,no
2,24,head,best cedar fence installation,comparison,Commercial,cedar-fence-installation,Cedar Fence Installation,Fences,no,,,,,,service page,/services/cedar-fence-installation/,,,,no
2,24,head,cedar fence installation companies,hiring,Commercial,cedar-fence-installation,Cedar Fence Installation,Fences,no,,,,,,service page,/services/cedar-fence-installation/,,,,no
2,24,head,cedar fence installation company,hiring,Commercial,cedar-fence-installation,Cedar Fence Installation,Fences,no,,,,,,service page,/services/cedar-fence-installation/,,,,no
2,24,head,cedar fence installation gta,anchor-city,Commercial,cedar-fence-installation,Cedar Fence Installation,Fences,no,,,,,,service page,/services/cedar-fence-installation/,,,,no
2,24,head,cedar fence installation quote,quote,Transactional,cedar-fence-installation,Cedar Fence Installation,Fences,no,,,,,,service page,/services/cedar-fence-installation/,,,,no
2,24,head,cedar fence installation services,hiring,Commercial,cedar-fence-installation,Cedar Fence Installation,Fences,no,,,,,,service page,/services/cedar-fence-installation/,,,,no
2,24,head,best ceiling fan installation,comparison,Commercial,ceiling-fan-installation,Ceiling Fan Installation,Electrical,no,,,,,,service page,/services/ceiling-fan-installation/,,,,no
2,24,head,ceiling fan installation companies,hiring,Commercial,ceiling-fan-installation,Ceiling Fan Installation,Electrical,no,,,,,,service page,/services/ceiling-fan-installation/,,,,no
2,24,head,ceiling fan installation company,hiring,Commercial,ceiling-fan-installation,Ceiling Fan Installation,Electrical,no,,,,,,service page,/services/ceiling-fan-installation/,,,,no
2,24,head,ceiling fan installation gta,anchor-city,Commercial,ceiling-fan-installation,Ceiling Fan Installation,Electrical,no,,,,,,service page,/services/ceiling-fan-installation/,,,,no
2,24,head,ceiling fan installation quote,quote,Transactional,ceiling-fan-installation,Ceiling Fan Installation,Electrical,no,,,,,,service page,/services/ceiling-fan-installation/,,,,no
2,24,head,ceiling fan installation services,hiring,Commercial,ceiling-fan-installation,Ceiling Fan Installation,Electrical,no,,,,,,service page,/services/ceiling-fan-installation/,,,,no
2,24,head,best ceiling installation,comparison,Commercial,ceiling-installation,Ceiling Installation,Drywall & Ceilings,no,,,,,,service page,/services/ceiling-installation/,,,,no
2,24,head,ceiling installation companies,hiring,Commercial,ceiling-installation,Ceiling Installation,Drywall & Ceilings,no,,,,,,service page,/services/ceiling-installation/,,,,no
2,24,head,ceiling installation company,hiring,Commercial,ceiling-installation,Ceiling Installation,Drywall & Ceilings,no,,,,,,service page,/services/ceiling-installation/,,,,no
2,24,head,ceiling installation gta,anchor-city,Commercial,ceiling-installation,Ceiling Installation,Drywall & Ceilings,no,,,,,,service page,/services/ceiling-installation/,,,,no
2,24,head,ceiling installation quote,quote,Transactional,ceiling-installation,Ceiling Installation,Drywall & Ceilings,no,,,,,,service page,/services/ceiling-installation/,,,,no
2,24,head,ceiling installation services,hiring,Commercial,ceiling-installation,Ceiling Installation,Drywall & Ceilings,no,,,,,,service page,/services/ceiling-installation/,,,,no
2,24,head,best ceiling painting,comparison,Commercial,ceiling-painting,Ceiling Painting,Painting,no,,,,,,service page,/services/ceiling-painting/,,,,no
2,24,head,ceiling painting companies,hiring,Commercial,ceiling-painting,Ceiling Painting,Painting,no,,,,,,service page,/services/ceiling-painting/,,,,no
2,24,head,ceiling painting company,hiring,Commercial,ceiling-painting,Ceiling Painting,Painting,no,,,,,,service page,/services/ceiling-painting/,,,,no
2,24,head,ceiling painting gta,anchor-city,Commercial,ceiling-painting,Ceiling Painting,Painting,no,,,,,,service page,/services/ceiling-painting/,,,,no
2,24,head,ceiling painting quote,quote,Transactional,ceiling-painting,Ceiling Painting,Painting,no,,,,,,service page,/services/ceiling-painting/,,,,no
2,24,head,ceiling painting services,hiring,Commercial,ceiling-painting,Ceiling Painting,Painting,no,,,,,,service page,/services/ceiling-painting/,,,,no
2,24,head,best ceiling repair,comparison,Commercial,ceiling-repair,Ceiling Repair,Drywall & Ceilings,no,,,,,,service page,/services/ceiling-repair/,,,,no
2,24,head,ceiling repair companies,hiring,Commercial,ceiling-repair,Ceiling Repair,Drywall & Ceilings,no,,,,,,service page,/services/ceiling-repair/,,,,no
2,24,head,ceiling repair company,hiring,Commercial,ceiling-repair,Ceiling Repair,Drywall & Ceilings,no,,,,,,service page,/services/ceiling-repair/,,,,no
2,24,head,ceiling repair gta,anchor-city,Commercial,ceiling-repair,Ceiling Repair,Drywall & Ceilings,no,,,,,,service page,/services/ceiling-repair/,,,,no
2,24,head,ceiling repair quote,quote,Transactional,ceiling-repair,Ceiling Repair,Drywall & Ceilings,no,,,,,,service page,/services/ceiling-repair/,,,,no
2,24,head,ceiling repair services,hiring,Commercial,ceiling-repair,Ceiling Repair,Drywall & Ceilings,no,,,,,,service page,/services/ceiling-repair/,,,,no
2,24,head,best chain link fence installation,comparison,Commercial,chain-link-fence-installation,Chain Link Fence Installation,Fences,no,,,,,,service page,/services/chain-link-fence-installation/,,,,no
2,24,head,chain link fence installation companies,hiring,Commercial,chain-link-fence-installation,Chain Link Fence Installation,Fences,no,,,,,,service page,/services/chain-link-fence-installation/,,,,no
2,24,head,chain link fence installation company,hiring,Commercial,chain-link-fence-installation,Chain Link Fence Installation,Fences,no,,,,,,service page,/services/chain-link-fence-installation/,,,,no
2,24,head,chain link fence installation gta,anchor-city,Commercial,chain-link-fence-installation,Chain Link Fence Installation,Fences,no,,,,,,service page,/services/chain-link-fence-installation/,,,,no
2,24,head,chain link fence installation quote,quote,Transactional,chain-link-fence-installation,Chain Link Fence Installation,Fences,no,,,,,,service page,/services/chain-link-fence-installation/,,,,no
2,24,head,chain link fence installation services,hiring,Commercial,chain-link-fence-installation,Chain Link Fence Installation,Fences,no,,,,,,service page,/services/chain-link-fence-installation/,,,,no
2,24,head,best chair rail installation,comparison,Commercial,chair-rail-installation,Chair Rail Installation,Trim & Millwork,no,,,,,,service page,/services/chair-rail-installation/,,,,no
2,24,head,chair rail installation companies,hiring,Commercial,chair-rail-installation,Chair Rail Installation,Trim & Millwork,no,,,,,,service page,/services/chair-rail-installation/,,,,no
2,24,head,chair rail installation company,hiring,Commercial,chair-rail-installation,Chair Rail Installation,Trim & Millwork,no,,,,,,service page,/services/chair-rail-installation/,,,,no
2,24,head,chair rail installation gta,anchor-city,Commercial,chair-rail-installation,Chair Rail Installation,Trim & Millwork,no,,,,,,service page,/services/chair-rail-installation/,,,,no
2,24,head,chair rail installation quote,quote,Transactional,chair-rail-installation,Chair Rail Installation,Trim & Millwork,no,,,,,,service page,/services/chair-rail-installation/,,,,no
2,24,head,chair rail installation services,hiring,Commercial,chair-rail-installation,Chair Rail Installation,Trim & Millwork,no,,,,,,service page,/services/chair-rail-installation/,,,,no
2,24,head,best chimney repair,comparison,Commercial,chimney-repair,Chimney Repair,Concrete & Masonry,no,,,,,,service page,/services/chimney-repair/,,,,no
2,24,head,chimney repair companies,hiring,Commercial,chimney-repair,Chimney Repair,Concrete & Masonry,no,,,,,,service page,/services/chimney-repair/,,,,no
2,24,head,chimney repair company,hiring,Commercial,chimney-repair,Chimney Repair,Concrete & Masonry,no,,,,,,service page,/services/chimney-repair/,,,,no
2,24,head,chimney repair gta,anchor-city,Commercial,chimney-repair,Chimney Repair,Concrete & Masonry,no,,,,,,service page,/services/chimney-repair/,,,,no
2,24,head,chimney repair quote,quote,Transactional,chimney-repair,Chimney Repair,Concrete & Masonry,no,,,,,,service page,/services/chimney-repair/,,,,no
2,24,head,chimney repair services,hiring,Commercial,chimney-repair,Chimney Repair,Concrete & Masonry,no,,,,,,service page,/services/chimney-repair/,,,,no
2,24,head,best closet door installation,comparison,Commercial,closet-door-installation,Closet Door Installation,Doors,no,,,,,,service page,/services/closet-door-installation/,,,,no
2,24,head,closet door installation companies,hiring,Commercial,closet-door-installation,Closet Door Installation,Doors,no,,,,,,service page,/services/closet-door-installation/,,,,no
2,24,head,closet door installation company,hiring,Commercial,closet-door-installation,Closet Door Installation,Doors,no,,,,,,service page,/services/closet-door-installation/,,,,no
2,24,head,closet door installation gta,anchor-city,Commercial,closet-door-installation,Closet Door Installation,Doors,no,,,,,,service page,/services/closet-door-installation/,,,,no
2,24,head,closet door installation quote,quote,Transactional,closet-door-installation,Closet Door Installation,Doors,no,,,,,,service page,/services/closet-door-installation/,,,,no
2,24,head,closet door installation services,hiring,Commercial,closet-door-installation,Closet Door Installation,Doors,no,,,,,,service page,/services/closet-door-installation/,,,,no
2,24,head,best closet organizer installation,comparison,Commercial,closet-organizer-installation,Closet Organizer Installation,Cabinetry & Storage,no,,,,,,service page,/services/closet-organizer-installation/,,,,no
2,24,head,closet organizer installation companies,hiring,Commercial,closet-organizer-installation,Closet Organizer Installation,Cabinetry & Storage,no,,,,,,service page,/services/closet-organizer-installation/,,,,no
2,24,head,closet organizer installation company,hiring,Commercial,closet-organizer-installation,Closet Organizer Installation,Cabinetry & Storage,no,,,,,,service page,/services/closet-organizer-installation/,,,,no
2,24,head,closet organizer installation gta,anchor-city,Commercial,closet-organizer-installation,Closet Organizer Installation,Cabinetry & Storage,no,,,,,,service page,/services/closet-organizer-installation/,,,,no
2,24,head,closet organizer installation quote,quote,Transactional,closet-organizer-installation,Closet Organizer Installation,Cabinetry & Storage,no,,,,,,service page,/services/closet-organizer-installation/,,,,no
2,24,head,closet organizer installation services,hiring,Commercial,closet-organizer-installation,Closet Organizer Installation,Cabinetry & Storage,no,,,,,,service page,/services/closet-organizer-installation/,,,,no
2,25,head,best closet renovation,comparison,Commercial,closet-renovation,Closet Renovation,Specialty Rooms,no,,,,,,service page,/services/closet-renovation/,,,,no
2,25,head,closet renovation companies,hiring,Commercial,closet-renovation,Closet Renovation,Specialty Rooms,no,,,,,,service page,/services/closet-renovation/,,,,no
2,25,head,closet renovation company,hiring,Commercial,closet-renovation,Closet Renovation,Specialty Rooms,no,,,,,,service page,/services/closet-renovation/,,,,no
2,25,head,closet renovation gta,anchor-city,Commercial,closet-renovation,Closet Renovation,Specialty Rooms,no,,,,,,service page,/services/closet-renovation/,,,,no
2,25,head,closet renovation quote,quote,Transactional,closet-renovation,Closet Renovation,Specialty Rooms,no,,,,,,service page,/services/closet-renovation/,,,,no
2,25,head,closet renovation services,hiring,Commercial,closet-renovation,Closet Renovation,Specialty Rooms,no,,,,,,service page,/services/closet-renovation/,,,,no
2,25,head,best coffered ceiling installation,comparison,Commercial,coffered-ceiling-installation,Coffered Ceiling Installation,Drywall & Ceilings,no,,,,,,service page,/services/coffered-ceiling-installation/,,,,no
2,25,head,coffered ceiling installation companies,hiring,Commercial,coffered-ceiling-installation,Coffered Ceiling Installation,Drywall & Ceilings,no,,,,,,service page,/services/coffered-ceiling-installation/,,,,no
2,25,head,coffered ceiling installation company,hiring,Commercial,coffered-ceiling-installation,Coffered Ceiling Installation,Drywall & Ceilings,no,,,,,,service page,/services/coffered-ceiling-installation/,,,,no
2,25,head,coffered ceiling installation gta,anchor-city,Commercial,coffered-ceiling-installation,Coffered Ceiling Installation,Drywall & Ceilings,no,,,,,,service page,/services/coffered-ceiling-installation/,,,,no
2,25,head,coffered ceiling installation quote,quote,Transactional,coffered-ceiling-installation,Coffered Ceiling Installation,Drywall & Ceilings,no,,,,,,service page,/services/coffered-ceiling-installation/,,,,no
2,25,head,coffered ceiling installation services,hiring,Commercial,coffered-ceiling-installation,Coffered Ceiling Installation,Drywall & Ceilings,no,,,,,,service page,/services/coffered-ceiling-installation/,,,,no
2,25,head,best composite deck installation,comparison,Commercial,composite-deck-installation,Composite Deck Installation,Decks,no,,,,,,service page,/services/composite-deck-installation/,,,,no
2,25,head,composite deck installation companies,hiring,Commercial,composite-deck-installation,Composite Deck Installation,Decks,no,,,,,,service page,/services/composite-deck-installation/,,,,no
2,25,head,composite deck installation company,hiring,Commercial,composite-deck-installation,Composite Deck Installation,Decks,no,,,,,,service page,/services/composite-deck-installation/,,,,no
2,25,head,composite deck installation gta,anchor-city,Commercial,composite-deck-installation,Composite Deck Installation,Decks,no,,,,,,service page,/services/composite-deck-installation/,,,,no
2,25,head,composite deck installation quote,quote,Transactional,composite-deck-installation,Composite Deck Installation,Decks,no,,,,,,service page,/services/composite-deck-installation/,,,,no
2,25,head,composite deck installation services,hiring,Commercial,composite-deck-installation,Composite Deck Installation,Decks,no,,,,,,service page,/services/composite-deck-installation/,,,,no
2,25,head,best composite fence installation,comparison,Commercial,composite-fence-installation,Composite Fence Installation,Fences,no,,,,,,service page,/services/composite-fence-installation/,,,,no
2,25,head,composite fence installation companies,hiring,Commercial,composite-fence-installation,Composite Fence Installation,Fences,no,,,,,,service page,/services/composite-fence-installation/,,,,no
2,25,head,composite fence installation company,hiring,Commercial,composite-fence-installation,Composite Fence Installation,Fences,no,,,,,,service page,/services/composite-fence-installation/,,,,no
2,25,head,composite fence installation gta,anchor-city,Commercial,composite-fence-installation,Composite Fence Installation,Fences,no,,,,,,service page,/services/composite-fence-installation/,,,,no
2,25,head,composite fence installation quote,quote,Transactional,composite-fence-installation,Composite Fence Installation,Fences,no,,,,,,service page,/services/composite-fence-installation/,,,,no
2,25,head,composite fence installation services,hiring,Commercial,composite-fence-installation,Composite Fence Installation,Fences,no,,,,,,service page,/services/composite-fence-installation/,,,,no
2,25,head,best concrete driveway installation,comparison,Commercial,concrete-driveway-installation,Concrete Driveway Installation,Concrete & Masonry,no,,,,,,service page,/services/concrete-driveway-installation/,,,,no
2,25,head,concrete driveway installation companies,hiring,Commercial,concrete-driveway-installation,Concrete Driveway Installation,Concrete & Masonry,no,,,,,,service page,/services/concrete-driveway-installation/,,,,no
2,25,head,concrete driveway installation company,hiring,Commercial,concrete-driveway-installation,Concrete Driveway Installation,Concrete & Masonry,no,,,,,,service page,/services/concrete-driveway-installation/,,,,no
2,25,head,concrete driveway installation gta,anchor-city,Commercial,concrete-driveway-installation,Concrete Driveway Installation,Concrete & Masonry,no,,,,,,service page,/services/concrete-driveway-installation/,,,,no
2,25,head,concrete driveway installation quote,quote,Transactional,concrete-driveway-installation,Concrete Driveway Installation,Concrete & Masonry,no,,,,,,service page,/services/concrete-driveway-installation/,,,,no
2,25,head,concrete driveway installation services,hiring,Commercial,concrete-driveway-installation,Concrete Driveway Installation,Concrete & Masonry,no,,,,,,service page,/services/concrete-driveway-installation/,,,,no
2,25,head,best concrete patio installation,comparison,Commercial,concrete-patio-installation,Concrete Patio Installation,Concrete & Masonry,no,,,,,,service page,/services/concrete-patio-installation/,,,,no
2,25,head,concrete patio installation companies,hiring,Commercial,concrete-patio-installation,Concrete Patio Installation,Concrete & Masonry,no,,,,,,service page,/services/concrete-patio-installation/,,,,no
2,25,head,concrete patio installation company,hiring,Commercial,concrete-patio-installation,Concrete Patio Installation,Concrete & Masonry,no,,,,,,service page,/services/concrete-patio-installation/,,,,no
2,25,head,concrete patio installation gta,anchor-city,Commercial,concrete-patio-installation,Concrete Patio Installation,Concrete & Masonry,no,,,,,,service page,/services/concrete-patio-installation/,,,,no
2,25,head,concrete patio installation quote,quote,Transactional,concrete-patio-installation,Concrete Patio Installation,Concrete & Masonry,no,,,,,,service page,/services/concrete-patio-installation/,,,,no
2,25,head,concrete patio installation services,hiring,Commercial,concrete-patio-installation,Concrete Patio Installation,Concrete & Masonry,no,,,,,,service page,/services/concrete-patio-installation/,,,,no
2,25,head,best concrete repair,comparison,Commercial,concrete-repair,Concrete Repair,Concrete & Masonry,no,,,,,,service page,/services/concrete-repair/,,,,no
2,25,head,concrete repair companies,hiring,Commercial,concrete-repair,Concrete Repair,Concrete & Masonry,no,,,,,,service page,/services/concrete-repair/,,,,no
2,25,head,concrete repair company,hiring,Commercial,concrete-repair,Concrete Repair,Concrete & Masonry,no,,,,,,service page,/services/concrete-repair/,,,,no
2,25,head,concrete repair gta,anchor-city,Commercial,concrete-repair,Concrete Repair,Concrete & Masonry,no,,,,,,service page,/services/concrete-repair/,,,,no
2,25,head,concrete repair quote,quote,Transactional,concrete-repair,Concrete Repair,Concrete & Masonry,no,,,,,,service page,/services/concrete-repair/,,,,no
2,25,head,concrete repair services,hiring,Commercial,concrete-repair,Concrete Repair,Concrete & Masonry,no,,,,,,service page,/services/concrete-repair/,,,,no
2,25,head,best concrete steps replacement,comparison,Commercial,concrete-steps-replacement,Concrete Steps Replacement,Concrete & Masonry,no,,,,,,service page,/services/concrete-steps-replacement/,,,,no
2,25,head,concrete steps replacement companies,hiring,Commercial,concrete-steps-replacement,Concrete Steps Replacement,Concrete & Masonry,no,,,,,,service page,/services/concrete-steps-replacement/,,,,no
2,25,head,concrete steps replacement company,hiring,Commercial,concrete-steps-replacement,Concrete Steps Replacement,Concrete & Masonry,no,,,,,,service page,/services/concrete-steps-replacement/,,,,no
2,25,head,concrete steps replacement gta,anchor-city,Commercial,concrete-steps-replacement,Concrete Steps Replacement,Concrete & Masonry,no,,,,,,service page,/services/concrete-steps-replacement/,,,,no
2,25,head,concrete steps replacement quote,quote,Transactional,concrete-steps-replacement,Concrete Steps Replacement,Concrete & Masonry,no,,,,,,service page,/services/concrete-steps-replacement/,,,,no
2,25,head,concrete steps replacement services,hiring,Commercial,concrete-steps-replacement,Concrete Steps Replacement,Concrete & Masonry,no,,,,,,service page,/services/concrete-steps-replacement/,,,,no
2,25,head,best concrete walkway installation,comparison,Commercial,concrete-walkway-installation,Concrete Walkway Installation,Concrete & Masonry,no,,,,,,service page,/services/concrete-walkway-installation/,,,,no
2,25,head,concrete walkway installation companies,hiring,Commercial,concrete-walkway-installation,Concrete Walkway Installation,Concrete & Masonry,no,,,,,,service page,/services/concrete-walkway-installation/,,,,no
2,25,head,concrete walkway installation company,hiring,Commercial,concrete-walkway-installation,Concrete Walkway Installation,Concrete & Masonry,no,,,,,,service page,/services/concrete-walkway-installation/,,,,no
2,25,head,concrete walkway installation gta,anchor-city,Commercial,concrete-walkway-installation,Concrete Walkway Installation,Concrete & Masonry,no,,,,,,service page,/services/concrete-walkway-installation/,,,,no
2,25,head,concrete walkway installation quote,quote,Transactional,concrete-walkway-installation,Concrete Walkway Installation,Concrete & Masonry,no,,,,,,service page,/services/concrete-walkway-installation/,,,,no
2,25,head,concrete walkway installation services,hiring,Commercial,concrete-walkway-installation,Concrete Walkway Installation,Concrete & Masonry,no,,,,,,service page,/services/concrete-walkway-installation/,,,,no
2,25,head,best condo kitchen renovation,comparison,Commercial,condo-kitchen-renovation,Condo Kitchen Renovation,Kitchen,no,,,,,,service page,/services/condo-kitchen-renovation/,,,,no
2,25,head,condo kitchen renovation companies,hiring,Commercial,condo-kitchen-renovation,Condo Kitchen Renovation,Kitchen,no,,,,,,service page,/services/condo-kitchen-renovation/,,,,no
2,25,head,condo kitchen renovation company,hiring,Commercial,condo-kitchen-renovation,Condo Kitchen Renovation,Kitchen,no,,,,,,service page,/services/condo-kitchen-renovation/,,,,no
2,25,head,condo kitchen renovation gta,anchor-city,Commercial,condo-kitchen-renovation,Condo Kitchen Renovation,Kitchen,no,,,,,,service page,/services/condo-kitchen-renovation/,,,,no
2,25,head,condo kitchen renovation quote,quote,Transactional,condo-kitchen-renovation,Condo Kitchen Renovation,Kitchen,no,,,,,,service page,/services/condo-kitchen-renovation/,,,,no
2,25,head,condo kitchen renovation services,hiring,Commercial,condo-kitchen-renovation,Condo Kitchen Renovation,Kitchen,no,,,,,,service page,/services/condo-kitchen-renovation/,,,,no
2,25,head,best condo painting,comparison,Commercial,condo-painting,Condo Painting,Painting,no,,,,,,service page,/services/condo-painting/,,,,no
2,25,head,condo painting companies,hiring,Commercial,condo-painting,Condo Painting,Painting,no,,,,,,service page,/services/condo-painting/,,,,no
2,25,head,condo painting company,hiring,Commercial,condo-painting,Condo Painting,Painting,no,,,,,,service page,/services/condo-painting/,,,,no
2,25,head,condo painting gta,anchor-city,Commercial,condo-painting,Condo Painting,Painting,no,,,,,,service page,/services/condo-painting/,,,,no
2,25,head,condo painting quote,quote,Transactional,condo-painting,Condo Painting,Painting,no,,,,,,service page,/services/condo-painting/,,,,no
2,25,head,condo painting services,hiring,Commercial,condo-painting,Condo Painting,Painting,no,,,,,,service page,/services/condo-painting/,,,,no
2,25,head,best crawl space conversion,comparison,Commercial,crawl-space-conversion,Crawl Space Conversion,Basement,no,,,,,,service page,/services/crawl-space-conversion/,,,,no
2,25,head,crawl space conversion companies,hiring,Commercial,crawl-space-conversion,Crawl Space Conversion,Basement,no,,,,,,service page,/services/crawl-space-conversion/,,,,no
2,25,head,crawl space conversion company,hiring,Commercial,crawl-space-conversion,Crawl Space Conversion,Basement,no,,,,,,service page,/services/crawl-space-conversion/,,,,no
2,25,head,crawl space conversion gta,anchor-city,Commercial,crawl-space-conversion,Crawl Space Conversion,Basement,no,,,,,,service page,/services/crawl-space-conversion/,,,,no
2,25,head,crawl space conversion quote,quote,Transactional,crawl-space-conversion,Crawl Space Conversion,Basement,no,,,,,,service page,/services/crawl-space-conversion/,,,,no
2,25,head,crawl space conversion services,hiring,Commercial,crawl-space-conversion,Crawl Space Conversion,Basement,no,,,,,,service page,/services/crawl-space-conversion/,,,,no
2,25,head,best crawl space waterproofing,comparison,Commercial,crawl-space-waterproofing,Crawl Space Waterproofing,Waterproofing,no,,,,,,service page,/services/crawl-space-waterproofing/,,,,no
2,25,head,crawl space waterproofing companies,hiring,Commercial,crawl-space-waterproofing,Crawl Space Waterproofing,Waterproofing,no,,,,,,service page,/services/crawl-space-waterproofing/,,,,no
2,25,head,crawl space waterproofing company,hiring,Commercial,crawl-space-waterproofing,Crawl Space Waterproofing,Waterproofing,no,,,,,,service page,/services/crawl-space-waterproofing/,,,,no
2,25,head,crawl space waterproofing gta,anchor-city,Commercial,crawl-space-waterproofing,Crawl Space Waterproofing,Waterproofing,no,,,,,,service page,/services/crawl-space-waterproofing/,,,,no
2,25,head,crawl space waterproofing quote,quote,Transactional,crawl-space-waterproofing,Crawl Space Waterproofing,Waterproofing,no,,,,,,service page,/services/crawl-space-waterproofing/,,,,no
2,25,head,crawl space waterproofing services,hiring,Commercial,crawl-space-waterproofing,Crawl Space Waterproofing,Waterproofing,no,,,,,,service page,/services/crawl-space-waterproofing/,,,,no
2,25,head,best curb appeal renovation,comparison,Commercial,curb-appeal-renovation,Curb Appeal Renovation,Exterior & Siding,no,,,,,,service page,/services/curb-appeal-renovation/,,,,no
2,25,head,curb appeal renovation companies,hiring,Commercial,curb-appeal-renovation,Curb Appeal Renovation,Exterior & Siding,no,,,,,,service page,/services/curb-appeal-renovation/,,,,no
2,25,head,curb appeal renovation company,hiring,Commercial,curb-appeal-renovation,Curb Appeal Renovation,Exterior & Siding,no,,,,,,service page,/services/curb-appeal-renovation/,,,,no
2,25,head,curb appeal renovation gta,anchor-city,Commercial,curb-appeal-renovation,Curb Appeal Renovation,Exterior & Siding,no,,,,,,service page,/services/curb-appeal-renovation/,,,,no
2,25,head,curb appeal renovation quote,quote,Transactional,curb-appeal-renovation,Curb Appeal Renovation,Exterior & Siding,no,,,,,,service page,/services/curb-appeal-renovation/,,,,no
2,25,head,curb appeal renovation services,hiring,Commercial,curb-appeal-renovation,Curb Appeal Renovation,Exterior & Siding,no,,,,,,service page,/services/curb-appeal-renovation/,,,,no
2,25,head,best curbless shower installation,comparison,Commercial,curbless-shower-installation,Curbless Shower Installation,Bathroom,no,,,,,,service page,/services/curbless-shower-installation/,,,,no
2,25,head,curbless shower installation companies,hiring,Commercial,curbless-shower-installation,Curbless Shower Installation,Bathroom,no,,,,,,service page,/services/curbless-shower-installation/,,,,no
2,25,head,curbless shower installation company,hiring,Commercial,curbless-shower-installation,Curbless Shower Installation,Bathroom,no,,,,,,service page,/services/curbless-shower-installation/,,,,no
2,25,head,curbless shower installation gta,anchor-city,Commercial,curbless-shower-installation,Curbless Shower Installation,Bathroom,no,,,,,,service page,/services/curbless-shower-installation/,,,,no
2,25,head,curbless shower installation quote,quote,Transactional,curbless-shower-installation,Curbless Shower Installation,Bathroom,no,,,,,,service page,/services/curbless-shower-installation/,,,,no
2,25,head,curbless shower installation services,hiring,Commercial,curbless-shower-installation,Curbless Shower Installation,Bathroom,no,,,,,,service page,/services/curbless-shower-installation/,,,,no
2,25,head,best custom home builder,comparison,Commercial,custom-home-building,Custom Home Building,Whole Home,no,,,,,,service page,/services/custom-home-building/,,,,no
2,25,head,custom home builder companies,hiring,Commercial,custom-home-building,Custom Home Building,Whole Home,no,,,,,,service page,/services/custom-home-building/,,,,no
2,25,head,custom home builder company,hiring,Commercial,custom-home-building,Custom Home Building,Whole Home,no,,,,,,service page,/services/custom-home-building/,,,,no
2,25,head,custom home builder gta,anchor-city,Commercial,custom-home-building,Custom Home Building,Whole Home,no,,,,,,service page,/services/custom-home-building/,,,,no
2,25,head,custom home builder quote,quote,Transactional,custom-home-building,Custom Home Building,Whole Home,no,,,,,,service page,/services/custom-home-building/,,,,no
2,25,head,custom home builder services,hiring,Commercial,custom-home-building,Custom Home Building,Whole Home,no,,,,,,service page,/services/custom-home-building/,,,,no
2,25,head,best custom millwork,comparison,Commercial,custom-millwork,Custom Millwork,Trim & Millwork,no,,,,,,service page,/services/custom-millwork/,,,,no
2,25,head,custom millwork companies,hiring,Commercial,custom-millwork,Custom Millwork,Trim & Millwork,no,,,,,,service page,/services/custom-millwork/,,,,no
2,25,head,custom millwork company,hiring,Commercial,custom-millwork,Custom Millwork,Trim & Millwork,no,,,,,,service page,/services/custom-millwork/,,,,no
2,25,head,custom millwork gta,anchor-city,Commercial,custom-millwork,Custom Millwork,Trim & Millwork,no,,,,,,service page,/services/custom-millwork/,,,,no
2,26,head,custom millwork quote,quote,Transactional,custom-millwork,Custom Millwork,Trim & Millwork,no,,,,,,service page,/services/custom-millwork/,,,,no
2,26,head,custom millwork services,hiring,Commercial,custom-millwork,Custom Millwork,Trim & Millwork,no,,,,,,service page,/services/custom-millwork/,,,,no
2,26,head,best deck railing installation,comparison,Commercial,deck-railing-installation,Deck Railing Installation,Decks,no,,,,,,service page,/services/deck-railing-installation/,,,,no
2,26,head,deck railing installation companies,hiring,Commercial,deck-railing-installation,Deck Railing Installation,Decks,no,,,,,,service page,/services/deck-railing-installation/,,,,no
2,26,head,deck railing installation company,hiring,Commercial,deck-railing-installation,Deck Railing Installation,Decks,no,,,,,,service page,/services/deck-railing-installation/,,,,no
2,26,head,deck railing installation gta,anchor-city,Commercial,deck-railing-installation,Deck Railing Installation,Decks,no,,,,,,service page,/services/deck-railing-installation/,,,,no
2,26,head,deck railing installation quote,quote,Transactional,deck-railing-installation,Deck Railing Installation,Decks,no,,,,,,service page,/services/deck-railing-installation/,,,,no
2,26,head,deck railing installation services,hiring,Commercial,deck-railing-installation,Deck Railing Installation,Decks,no,,,,,,service page,/services/deck-railing-installation/,,,,no
2,26,head,best deck replacement,comparison,Commercial,deck-replacement,Deck Replacement,Decks,no,,,,,,service page,/services/deck-replacement/,,,,no
2,26,head,deck replacement companies,hiring,Commercial,deck-replacement,Deck Replacement,Decks,no,,,,,,service page,/services/deck-replacement/,,,,no
2,26,head,deck replacement company,hiring,Commercial,deck-replacement,Deck Replacement,Decks,no,,,,,,service page,/services/deck-replacement/,,,,no
2,26,head,deck replacement gta,anchor-city,Commercial,deck-replacement,Deck Replacement,Decks,no,,,,,,service page,/services/deck-replacement/,,,,no
2,26,head,deck replacement quote,quote,Transactional,deck-replacement,Deck Replacement,Decks,no,,,,,,service page,/services/deck-replacement/,,,,no
2,26,head,deck replacement services,hiring,Commercial,deck-replacement,Deck Replacement,Decks,no,,,,,,service page,/services/deck-replacement/,,,,no
2,26,head,best deck staining,comparison,Commercial,deck-staining,Deck Staining,Decks,no,,,,,,service page,/services/deck-staining/,,,,no
2,26,head,deck staining companies,hiring,Commercial,deck-staining,Deck Staining,Decks,no,,,,,,service page,/services/deck-staining/,,,,no
2,26,head,deck staining company,hiring,Commercial,deck-staining,Deck Staining,Decks,no,,,,,,service page,/services/deck-staining/,,,,no
2,26,head,deck staining gta,anchor-city,Commercial,deck-staining,Deck Staining,Decks,no,,,,,,service page,/services/deck-staining/,,,,no
2,26,head,deck staining quote,quote,Transactional,deck-staining,Deck Staining,Decks,no,,,,,,service page,/services/deck-staining/,,,,no
2,26,head,deck staining services,hiring,Commercial,deck-staining,Deck Staining,Decks,no,,,,,,service page,/services/deck-staining/,,,,no
2,26,head,best deck stairs construction,comparison,Commercial,deck-stairs-construction,Deck Stairs Construction,Decks,no,,,,,,service page,/services/deck-stairs-construction/,,,,no
2,26,head,deck stairs construction companies,hiring,Commercial,deck-stairs-construction,Deck Stairs Construction,Decks,no,,,,,,service page,/services/deck-stairs-construction/,,,,no
2,26,head,deck stairs construction company,hiring,Commercial,deck-stairs-construction,Deck Stairs Construction,Decks,no,,,,,,service page,/services/deck-stairs-construction/,,,,no
2,26,head,deck stairs construction gta,anchor-city,Commercial,deck-stairs-construction,Deck Stairs Construction,Decks,no,,,,,,service page,/services/deck-stairs-construction/,,,,no
2,26,head,deck stairs construction quote,quote,Transactional,deck-stairs-construction,Deck Stairs Construction,Decks,no,,,,,,service page,/services/deck-stairs-construction/,,,,no
2,26,head,deck stairs construction services,hiring,Commercial,deck-stairs-construction,Deck Stairs Construction,Decks,no,,,,,,service page,/services/deck-stairs-construction/,,,,no
2,26,head,best demolition contractor,comparison,Commercial,demolition-contractor,Demolition Contractor,Demolition & Prep,no,,,,,,service page,/services/demolition-contractor/,,,,no
2,26,head,demolition contractor companies,hiring,Commercial,demolition-contractor,Demolition Contractor,Demolition & Prep,no,,,,,,service page,/services/demolition-contractor/,,,,no
2,26,head,demolition contractor company,hiring,Commercial,demolition-contractor,Demolition Contractor,Demolition & Prep,no,,,,,,service page,/services/demolition-contractor/,,,,no
2,26,head,demolition contractor gta,anchor-city,Commercial,demolition-contractor,Demolition Contractor,Demolition & Prep,no,,,,,,service page,/services/demolition-contractor/,,,,no
2,26,head,demolition contractor quote,quote,Transactional,demolition-contractor,Demolition Contractor,Demolition & Prep,no,,,,,,service page,/services/demolition-contractor/,,,,no
2,26,head,demolition contractor services,hiring,Commercial,demolition-contractor,Demolition Contractor,Demolition & Prep,no,,,,,,service page,/services/demolition-contractor/,,,,no
2,26,head,best door frame repair,comparison,Commercial,door-frame-repair,Door Frame Repair,Doors,no,,,,,,service page,/services/door-frame-repair/,,,,no
2,26,head,door frame repair companies,hiring,Commercial,door-frame-repair,Door Frame Repair,Doors,no,,,,,,service page,/services/door-frame-repair/,,,,no
2,26,head,door frame repair company,hiring,Commercial,door-frame-repair,Door Frame Repair,Doors,no,,,,,,service page,/services/door-frame-repair/,,,,no
2,26,head,door frame repair gta,anchor-city,Commercial,door-frame-repair,Door Frame Repair,Doors,no,,,,,,service page,/services/door-frame-repair/,,,,no
2,26,head,door frame repair quote,quote,Transactional,door-frame-repair,Door Frame Repair,Doors,no,,,,,,service page,/services/door-frame-repair/,,,,no
2,26,head,door frame repair services,hiring,Commercial,door-frame-repair,Door Frame Repair,Doors,no,,,,,,service page,/services/door-frame-repair/,,,,no
2,26,head,best door hardware installation,comparison,Commercial,door-hardware-installation,Door Hardware Installation,Doors,no,,,,,,service page,/services/door-hardware-installation/,,,,no
2,26,head,door hardware installation companies,hiring,Commercial,door-hardware-installation,Door Hardware Installation,Doors,no,,,,,,service page,/services/door-hardware-installation/,,,,no
2,26,head,door hardware installation company,hiring,Commercial,door-hardware-installation,Door Hardware Installation,Doors,no,,,,,,service page,/services/door-hardware-installation/,,,,no
2,26,head,door hardware installation gta,anchor-city,Commercial,door-hardware-installation,Door Hardware Installation,Doors,no,,,,,,service page,/services/door-hardware-installation/,,,,no
2,26,head,door hardware installation quote,quote,Transactional,door-hardware-installation,Door Hardware Installation,Doors,no,,,,,,service page,/services/door-hardware-installation/,,,,no
2,26,head,door hardware installation services,hiring,Commercial,door-hardware-installation,Door Hardware Installation,Doors,no,,,,,,service page,/services/door-hardware-installation/,,,,no
2,26,head,best door painting,comparison,Commercial,door-painting,Door Painting,Painting,no,,,,,,service page,/services/door-painting/,,,,no
2,26,head,door painting companies,hiring,Commercial,door-painting,Door Painting,Painting,no,,,,,,service page,/services/door-painting/,,,,no
2,26,head,door painting company,hiring,Commercial,door-painting,Door Painting,Painting,no,,,,,,service page,/services/door-painting/,,,,no
2,26,head,door painting gta,anchor-city,Commercial,door-painting,Door Painting,Painting,no,,,,,,service page,/services/door-painting/,,,,no
2,26,head,door painting quote,quote,Transactional,door-painting,Door Painting,Painting,no,,,,,,service page,/services/door-painting/,,,,no
2,26,head,door painting services,hiring,Commercial,door-painting,Door Painting,Painting,no,,,,,,service page,/services/door-painting/,,,,no
2,26,head,best doorway widening,comparison,Commercial,doorway-widening,Doorway Widening,Accessibility,no,,,,,,service page,/services/doorway-widening/,,,,no
2,26,head,doorway widening companies,hiring,Commercial,doorway-widening,Doorway Widening,Accessibility,no,,,,,,service page,/services/doorway-widening/,,,,no
2,26,head,doorway widening company,hiring,Commercial,doorway-widening,Doorway Widening,Accessibility,no,,,,,,service page,/services/doorway-widening/,,,,no
2,26,head,doorway widening gta,anchor-city,Commercial,doorway-widening,Doorway Widening,Accessibility,no,,,,,,service page,/services/doorway-widening/,,,,no
2,26,head,doorway widening quote,quote,Transactional,doorway-widening,Doorway Widening,Accessibility,no,,,,,,service page,/services/doorway-widening/,,,,no
2,26,head,doorway widening services,hiring,Commercial,doorway-widening,Doorway Widening,Accessibility,no,,,,,,service page,/services/doorway-widening/,,,,no
2,26,head,best dormer construction,comparison,Commercial,dormer-construction,Dormer Construction,Roofing,no,,,,,,service page,/services/dormer-construction/,,,,no
2,26,head,dormer construction companies,hiring,Commercial,dormer-construction,Dormer Construction,Roofing,no,,,,,,service page,/services/dormer-construction/,,,,no
2,26,head,dormer construction company,hiring,Commercial,dormer-construction,Dormer Construction,Roofing,no,,,,,,service page,/services/dormer-construction/,,,,no
2,26,head,dormer construction gta,anchor-city,Commercial,dormer-construction,Dormer Construction,Roofing,no,,,,,,service page,/services/dormer-construction/,,,,no
2,26,head,dormer construction quote,quote,Transactional,dormer-construction,Dormer Construction,Roofing,no,,,,,,service page,/services/dormer-construction/,,,,no
2,26,head,dormer construction services,hiring,Commercial,dormer-construction,Dormer Construction,Roofing,no,,,,,,service page,/services/dormer-construction/,,,,no
2,26,head,best drain relocation,comparison,Commercial,drain-relocation,Drain Relocation,Plumbing,no,,,,,,service page,/services/drain-relocation/,,,,no
2,26,head,drain relocation companies,hiring,Commercial,drain-relocation,Drain Relocation,Plumbing,no,,,,,,service page,/services/drain-relocation/,,,,no
2,26,head,drain relocation company,hiring,Commercial,drain-relocation,Drain Relocation,Plumbing,no,,,,,,service page,/services/drain-relocation/,,,,no
2,26,head,drain relocation gta,anchor-city,Commercial,drain-relocation,Drain Relocation,Plumbing,no,,,,,,service page,/services/drain-relocation/,,,,no
2,26,head,drain relocation quote,quote,Transactional,drain-relocation,Drain Relocation,Plumbing,no,,,,,,service page,/services/drain-relocation/,,,,no
2,26,head,drain relocation services,hiring,Commercial,drain-relocation,Drain Relocation,Plumbing,no,,,,,,service page,/services/drain-relocation/,,,,no
2,26,head,best drop ceiling installation,comparison,Commercial,drop-ceiling-installation,Drop Ceiling Installation,Drywall & Ceilings,no,,,,,,service page,/services/drop-ceiling-installation/,,,,no
2,26,head,drop ceiling installation companies,hiring,Commercial,drop-ceiling-installation,Drop Ceiling Installation,Drywall & Ceilings,no,,,,,,service page,/services/drop-ceiling-installation/,,,,no
2,26,head,drop ceiling installation company,hiring,Commercial,drop-ceiling-installation,Drop Ceiling Installation,Drywall & Ceilings,no,,,,,,service page,/services/drop-ceiling-installation/,,,,no
2,26,head,drop ceiling installation gta,anchor-city,Commercial,drop-ceiling-installation,Drop Ceiling Installation,Drywall & Ceilings,no,,,,,,service page,/services/drop-ceiling-installation/,,,,no
2,26,head,drop ceiling installation quote,quote,Transactional,drop-ceiling-installation,Drop Ceiling Installation,Drywall & Ceilings,no,,,,,,service page,/services/drop-ceiling-installation/,,,,no
2,26,head,drop ceiling installation services,hiring,Commercial,drop-ceiling-installation,Drop Ceiling Installation,Drywall & Ceilings,no,,,,,,service page,/services/drop-ceiling-installation/,,,,no
2,26,head,best drywall mudding,comparison,Commercial,drywall-mudding,Drywall Mudding,Drywall & Ceilings,no,,,,,,service page,/services/drywall-mudding/,,,,no
2,26,head,drywall mudding companies,hiring,Commercial,drywall-mudding,Drywall Mudding,Drywall & Ceilings,no,,,,,,service page,/services/drywall-mudding/,,,,no
2,26,head,drywall mudding company,hiring,Commercial,drywall-mudding,Drywall Mudding,Drywall & Ceilings,no,,,,,,service page,/services/drywall-mudding/,,,,no
2,26,head,drywall mudding gta,anchor-city,Commercial,drywall-mudding,Drywall Mudding,Drywall & Ceilings,no,,,,,,service page,/services/drywall-mudding/,,,,no
2,26,head,drywall mudding quote,quote,Transactional,drywall-mudding,Drywall Mudding,Drywall & Ceilings,no,,,,,,service page,/services/drywall-mudding/,,,,no
2,26,head,drywall mudding services,hiring,Commercial,drywall-mudding,Drywall Mudding,Drywall & Ceilings,no,,,,,,service page,/services/drywall-mudding/,,,,no
2,26,head,best drywall taping,comparison,Commercial,drywall-taping,Drywall Taping,Drywall & Ceilings,no,,,,,,service page,/services/drywall-taping/,,,,no
2,26,head,drywall taping companies,hiring,Commercial,drywall-taping,Drywall Taping,Drywall & Ceilings,no,,,,,,service page,/services/drywall-taping/,,,,no
2,26,head,drywall taping company,hiring,Commercial,drywall-taping,Drywall Taping,Drywall & Ceilings,no,,,,,,service page,/services/drywall-taping/,,,,no
2,26,head,drywall taping gta,anchor-city,Commercial,drywall-taping,Drywall Taping,Drywall & Ceilings,no,,,,,,service page,/services/drywall-taping/,,,,no
2,26,head,drywall taping quote,quote,Transactional,drywall-taping,Drywall Taping,Drywall & Ceilings,no,,,,,,service page,/services/drywall-taping/,,,,no
2,26,head,drywall taping services,hiring,Commercial,drywall-taping,Drywall Taping,Drywall & Ceilings,no,,,,,,service page,/services/drywall-taping/,,,,no
2,26,head,best eavestrough installation,comparison,Commercial,eavestrough-installation,Eavestrough Installation,Exterior & Siding,no,,,,,,service page,/services/eavestrough-installation/,,,,no
2,26,head,eavestrough installation companies,hiring,Commercial,eavestrough-installation,Eavestrough Installation,Exterior & Siding,no,,,,,,service page,/services/eavestrough-installation/,,,,no
2,26,head,eavestrough installation company,hiring,Commercial,eavestrough-installation,Eavestrough Installation,Exterior & Siding,no,,,,,,service page,/services/eavestrough-installation/,,,,no
2,26,head,eavestrough installation gta,anchor-city,Commercial,eavestrough-installation,Eavestrough Installation,Exterior & Siding,no,,,,,,service page,/services/eavestrough-installation/,,,,no
2,26,head,eavestrough installation quote,quote,Transactional,eavestrough-installation,Eavestrough Installation,Exterior & Siding,no,,,,,,service page,/services/eavestrough-installation/,,,,no
2,26,head,eavestrough installation services,hiring,Commercial,eavestrough-installation,Eavestrough Installation,Exterior & Siding,no,,,,,,service page,/services/eavestrough-installation/,,,,no
2,26,head,best egress window installation,comparison,Commercial,egress-window-installation,Egress Window Installation,Basement,no,,,,,,service page,/services/egress-window-installation/,,,,no
2,26,head,egress window installation companies,hiring,Commercial,egress-window-installation,Egress Window Installation,Basement,no,,,,,,service page,/services/egress-window-installation/,,,,no
2,26,head,egress window installation company,hiring,Commercial,egress-window-installation,Egress Window Installation,Basement,no,,,,,,service page,/services/egress-window-installation/,,,,no
2,26,head,egress window installation gta,anchor-city,Commercial,egress-window-installation,Egress Window Installation,Basement,no,,,,,,service page,/services/egress-window-installation/,,,,no
2,26,head,egress window installation quote,quote,Transactional,egress-window-installation,Egress Window Installation,Basement,no,,,,,,service page,/services/egress-window-installation/,,,,no
2,26,head,egress window installation services,hiring,Commercial,egress-window-installation,Egress Window Installation,Basement,no,,,,,,service page,/services/egress-window-installation/,,,,no
2,26,head,best engineered hardwood installation,comparison,Commercial,engineered-hardwood-installation,Engineered Hardwood Installation,Flooring,no,,,,,,service page,/services/engineered-hardwood-installation/,,,,no
2,26,head,engineered hardwood installation companies,hiring,Commercial,engineered-hardwood-installation,Engineered Hardwood Installation,Flooring,no,,,,,,service page,/services/engineered-hardwood-installation/,,,,no
2,27,head,engineered hardwood installation company,hiring,Commercial,engineered-hardwood-installation,Engineered Hardwood Installation,Flooring,no,,,,,,service page,/services/engineered-hardwood-installation/,,,,no
2,27,head,engineered hardwood installation gta,anchor-city,Commercial,engineered-hardwood-installation,Engineered Hardwood Installation,Flooring,no,,,,,,service page,/services/engineered-hardwood-installation/,,,,no
2,27,head,engineered hardwood installation quote,quote,Transactional,engineered-hardwood-installation,Engineered Hardwood Installation,Flooring,no,,,,,,service page,/services/engineered-hardwood-installation/,,,,no
2,27,head,engineered hardwood installation services,hiring,Commercial,engineered-hardwood-installation,Engineered Hardwood Installation,Flooring,no,,,,,,service page,/services/engineered-hardwood-installation/,,,,no
2,27,head,best ensuite renovation,comparison,Commercial,ensuite-renovation,Ensuite Renovation,Bathroom,no,,,,,,service page,/services/ensuite-renovation/,,,,no
2,27,head,ensuite renovation companies,hiring,Commercial,ensuite-renovation,Ensuite Renovation,Bathroom,no,,,,,,service page,/services/ensuite-renovation/,,,,no
2,27,head,ensuite renovation company,hiring,Commercial,ensuite-renovation,Ensuite Renovation,Bathroom,no,,,,,,service page,/services/ensuite-renovation/,,,,no
2,27,head,ensuite renovation gta,anchor-city,Commercial,ensuite-renovation,Ensuite Renovation,Bathroom,no,,,,,,service page,/services/ensuite-renovation/,,,,no
2,27,head,ensuite renovation quote,quote,Transactional,ensuite-renovation,Ensuite Renovation,Bathroom,no,,,,,,service page,/services/ensuite-renovation/,,,,no
2,27,head,ensuite renovation services,hiring,Commercial,ensuite-renovation,Ensuite Renovation,Bathroom,no,,,,,,service page,/services/ensuite-renovation/,,,,no
2,27,head,best built in entertainment unit,comparison,Commercial,entertainment-unit-installation,Entertainment Unit Installation,Cabinetry & Storage,no,,,,,,service page,/services/entertainment-unit-installation/,,,,no
2,27,head,built in entertainment unit companies,hiring,Commercial,entertainment-unit-installation,Entertainment Unit Installation,Cabinetry & Storage,no,,,,,,service page,/services/entertainment-unit-installation/,,,,no
2,27,head,built in entertainment unit company,hiring,Commercial,entertainment-unit-installation,Entertainment Unit Installation,Cabinetry & Storage,no,,,,,,service page,/services/entertainment-unit-installation/,,,,no
2,27,head,built in entertainment unit gta,anchor-city,Commercial,entertainment-unit-installation,Entertainment Unit Installation,Cabinetry & Storage,no,,,,,,service page,/services/entertainment-unit-installation/,,,,no
2,27,head,built in entertainment unit quote,quote,Transactional,entertainment-unit-installation,Entertainment Unit Installation,Cabinetry & Storage,no,,,,,,service page,/services/entertainment-unit-installation/,,,,no
2,27,head,built in entertainment unit services,hiring,Commercial,entertainment-unit-installation,Entertainment Unit Installation,Cabinetry & Storage,no,,,,,,service page,/services/entertainment-unit-installation/,,,,no
2,27,head,best ev charger installation,comparison,Commercial,ev-charger-installation,EV Charger Installation,Electrical,no,,,,,,service page,/services/ev-charger-installation/,,,,no
2,27,head,ev charger installation companies,hiring,Commercial,ev-charger-installation,EV Charger Installation,Electrical,no,,,,,,service page,/services/ev-charger-installation/,,,,no
2,27,head,ev charger installation company,hiring,Commercial,ev-charger-installation,EV Charger Installation,Electrical,no,,,,,,service page,/services/ev-charger-installation/,,,,no
2,27,head,ev charger installation gta,anchor-city,Commercial,ev-charger-installation,EV Charger Installation,Electrical,no,,,,,,service page,/services/ev-charger-installation/,,,,no
2,27,head,ev charger installation quote,quote,Transactional,ev-charger-installation,EV Charger Installation,Electrical,no,,,,,,service page,/services/ev-charger-installation/,,,,no
2,27,head,ev charger installation services,hiring,Commercial,ev-charger-installation,EV Charger Installation,Electrical,no,,,,,,service page,/services/ev-charger-installation/,,,,no
2,27,head,best exterior trim replacement,comparison,Commercial,exterior-trim-replacement,Exterior Trim Replacement,Exterior & Siding,no,,,,,,service page,/services/exterior-trim-replacement/,,,,no
2,27,head,exterior trim replacement companies,hiring,Commercial,exterior-trim-replacement,Exterior Trim Replacement,Exterior & Siding,no,,,,,,service page,/services/exterior-trim-replacement/,,,,no
2,27,head,exterior trim replacement company,hiring,Commercial,exterior-trim-replacement,Exterior Trim Replacement,Exterior & Siding,no,,,,,,service page,/services/exterior-trim-replacement/,,,,no
2,27,head,exterior trim replacement gta,anchor-city,Commercial,exterior-trim-replacement,Exterior Trim Replacement,Exterior & Siding,no,,,,,,service page,/services/exterior-trim-replacement/,,,,no
2,27,head,exterior trim replacement quote,quote,Transactional,exterior-trim-replacement,Exterior Trim Replacement,Exterior & Siding,no,,,,,,service page,/services/exterior-trim-replacement/,,,,no
2,27,head,exterior trim replacement services,hiring,Commercial,exterior-trim-replacement,Exterior Trim Replacement,Exterior & Siding,no,,,,,,service page,/services/exterior-trim-replacement/,,,,no
2,27,head,best exterior basement waterproofing,comparison,Commercial,exterior-waterproofing,Exterior Waterproofing,Waterproofing,no,,,,,,service page,/services/exterior-waterproofing/,,,,no
2,27,head,exterior basement waterproofing companies,hiring,Commercial,exterior-waterproofing,Exterior Waterproofing,Waterproofing,no,,,,,,service page,/services/exterior-waterproofing/,,,,no
2,27,head,exterior basement waterproofing company,hiring,Commercial,exterior-waterproofing,Exterior Waterproofing,Waterproofing,no,,,,,,service page,/services/exterior-waterproofing/,,,,no
2,27,head,exterior basement waterproofing gta,anchor-city,Commercial,exterior-waterproofing,Exterior Waterproofing,Waterproofing,no,,,,,,service page,/services/exterior-waterproofing/,,,,no
2,27,head,exterior basement waterproofing quote,quote,Transactional,exterior-waterproofing,Exterior Waterproofing,Waterproofing,no,,,,,,service page,/services/exterior-waterproofing/,,,,no
2,27,head,exterior basement waterproofing services,hiring,Commercial,exterior-waterproofing,Exterior Waterproofing,Waterproofing,no,,,,,,service page,/services/exterior-waterproofing/,,,,no
2,27,head,best feature wall installation,comparison,Commercial,feature-wall-installation,Feature Wall Installation,Cabinetry & Storage,no,,,,,,service page,/services/feature-wall-installation/,,,,no
2,27,head,feature wall installation companies,hiring,Commercial,feature-wall-installation,Feature Wall Installation,Cabinetry & Storage,no,,,,,,service page,/services/feature-wall-installation/,,,,no
2,27,head,feature wall installation company,hiring,Commercial,feature-wall-installation,Feature Wall Installation,Cabinetry & Storage,no,,,,,,service page,/services/feature-wall-installation/,,,,no
2,27,head,feature wall installation gta,anchor-city,Commercial,feature-wall-installation,Feature Wall Installation,Cabinetry & Storage,no,,,,,,service page,/services/feature-wall-installation/,,,,no
2,27,head,feature wall installation quote,quote,Transactional,feature-wall-installation,Feature Wall Installation,Cabinetry & Storage,no,,,,,,service page,/services/feature-wall-installation/,,,,no
2,27,head,feature wall installation services,hiring,Commercial,feature-wall-installation,Feature Wall Installation,Cabinetry & Storage,no,,,,,,service page,/services/feature-wall-installation/,,,,no
2,27,head,best fence post replacement,comparison,Commercial,fence-post-replacement,Fence Post Replacement,Fences,no,,,,,,service page,/services/fence-post-replacement/,,,,no
2,27,head,fence post replacement companies,hiring,Commercial,fence-post-replacement,Fence Post Replacement,Fences,no,,,,,,service page,/services/fence-post-replacement/,,,,no
2,27,head,fence post replacement company,hiring,Commercial,fence-post-replacement,Fence Post Replacement,Fences,no,,,,,,service page,/services/fence-post-replacement/,,,,no
2,27,head,fence post replacement gta,anchor-city,Commercial,fence-post-replacement,Fence Post Replacement,Fences,no,,,,,,service page,/services/fence-post-replacement/,,,,no
2,27,head,fence post replacement quote,quote,Transactional,fence-post-replacement,Fence Post Replacement,Fences,no,,,,,,service page,/services/fence-post-replacement/,,,,no
2,27,head,fence post replacement services,hiring,Commercial,fence-post-replacement,Fence Post Replacement,Fences,no,,,,,,service page,/services/fence-post-replacement/,,,,no
2,27,head,best fence replacement,comparison,Commercial,fence-replacement,Fence Replacement,Fences,no,,,,,,service page,/services/fence-replacement/,,,,no
2,27,head,fence replacement companies,hiring,Commercial,fence-replacement,Fence Replacement,Fences,no,,,,,,service page,/services/fence-replacement/,,,,no
2,27,head,fence replacement company,hiring,Commercial,fence-replacement,Fence Replacement,Fences,no,,,,,,service page,/services/fence-replacement/,,,,no
2,27,head,fence replacement gta,anchor-city,Commercial,fence-replacement,Fence Replacement,Fences,no,,,,,,service page,/services/fence-replacement/,,,,no
2,27,head,fence replacement quote,quote,Transactional,fence-replacement,Fence Replacement,Fences,no,,,,,,service page,/services/fence-replacement/,,,,no
2,27,head,fence replacement services,hiring,Commercial,fence-replacement,Fence Replacement,Fences,no,,,,,,service page,/services/fence-replacement/,,,,no
2,27,head,best fence staining,comparison,Commercial,fence-staining,Fence Staining,Fences,no,,,,,,service page,/services/fence-staining/,,,,no
2,27,head,fence staining companies,hiring,Commercial,fence-staining,Fence Staining,Fences,no,,,,,,service page,/services/fence-staining/,,,,no
2,27,head,fence staining company,hiring,Commercial,fence-staining,Fence Staining,Fences,no,,,,,,service page,/services/fence-staining/,,,,no
2,27,head,fence staining gta,anchor-city,Commercial,fence-staining,Fence Staining,Fences,no,,,,,,service page,/services/fence-staining/,,,,no
2,27,head,fence staining quote,quote,Transactional,fence-staining,Fence Staining,Fences,no,,,,,,service page,/services/fence-staining/,,,,no
2,27,head,fence staining services,hiring,Commercial,fence-staining,Fence Staining,Fences,no,,,,,,service page,/services/fence-staining/,,,,no
2,27,head,best fibre cement siding installation,comparison,Commercial,fibre-cement-siding-installation,Fibre Cement Siding Installation,Exterior & Siding,no,,,,,,service page,/services/fibre-cement-siding-installation/,,,,no
2,27,head,fibre cement siding installation companies,hiring,Commercial,fibre-cement-siding-installation,Fibre Cement Siding Installation,Exterior & Siding,no,,,,,,service page,/services/fibre-cement-siding-installation/,,,,no
2,27,head,fibre cement siding installation company,hiring,Commercial,fibre-cement-siding-installation,Fibre Cement Siding Installation,Exterior & Siding,no,,,,,,service page,/services/fibre-cement-siding-installation/,,,,no
2,27,head,fibre cement siding installation gta,anchor-city,Commercial,fibre-cement-siding-installation,Fibre Cement Siding Installation,Exterior & Siding,no,,,,,,service page,/services/fibre-cement-siding-installation/,,,,no
2,27,head,fibre cement siding installation quote,quote,Transactional,fibre-cement-siding-installation,Fibre Cement Siding Installation,Exterior & Siding,no,,,,,,service page,/services/fibre-cement-siding-installation/,,,,no
2,27,head,fibre cement siding installation services,hiring,Commercial,fibre-cement-siding-installation,Fibre Cement Siding Installation,Exterior & Siding,no,,,,,,service page,/services/fibre-cement-siding-installation/,,,,no
2,27,head,best fireplace surround installation,comparison,Commercial,fireplace-surround-installation,Fireplace Surround Installation,Cabinetry & Storage,no,,,,,,service page,/services/fireplace-surround-installation/,,,,no
2,27,head,fireplace surround installation companies,hiring,Commercial,fireplace-surround-installation,Fireplace Surround Installation,Cabinetry & Storage,no,,,,,,service page,/services/fireplace-surround-installation/,,,,no
2,27,head,fireplace surround installation company,hiring,Commercial,fireplace-surround-installation,Fireplace Surround Installation,Cabinetry & Storage,no,,,,,,service page,/services/fireplace-surround-installation/,,,,no
2,27,head,fireplace surround installation gta,anchor-city,Commercial,fireplace-surround-installation,Fireplace Surround Installation,Cabinetry & Storage,no,,,,,,service page,/services/fireplace-surround-installation/,,,,no
2,27,head,fireplace surround installation quote,quote,Transactional,fireplace-surround-installation,Fireplace Surround Installation,Cabinetry & Storage,no,,,,,,service page,/services/fireplace-surround-installation/,,,,no
2,27,head,fireplace surround installation services,hiring,Commercial,fireplace-surround-installation,Fireplace Surround Installation,Cabinetry & Storage,no,,,,,,service page,/services/fireplace-surround-installation/,,,,no
2,27,head,best flat roof installation,comparison,Commercial,flat-roof-installation,Flat Roof Installation,Roofing,no,,,,,,service page,/services/flat-roof-installation/,,,,no
2,27,head,flat roof installation companies,hiring,Commercial,flat-roof-installation,Flat Roof Installation,Roofing,no,,,,,,service page,/services/flat-roof-installation/,,,,no
2,27,head,flat roof installation company,hiring,Commercial,flat-roof-installation,Flat Roof Installation,Roofing,no,,,,,,service page,/services/flat-roof-installation/,,,,no
2,27,head,flat roof installation gta,anchor-city,Commercial,flat-roof-installation,Flat Roof Installation,Roofing,no,,,,,,service page,/services/flat-roof-installation/,,,,no
2,27,head,flat roof installation quote,quote,Transactional,flat-roof-installation,Flat Roof Installation,Roofing,no,,,,,,service page,/services/flat-roof-installation/,,,,no
2,27,head,flat roof installation services,hiring,Commercial,flat-roof-installation,Flat Roof Installation,Roofing,no,,,,,,service page,/services/flat-roof-installation/,,,,no
2,27,head,best floating staircase installation,comparison,Commercial,floating-staircase-installation,Floating Staircase Installation,Stairs & Railings,no,,,,,,service page,/services/floating-staircase-installation/,,,,no
2,27,head,floating staircase installation companies,hiring,Commercial,floating-staircase-installation,Floating Staircase Installation,Stairs & Railings,no,,,,,,service page,/services/floating-staircase-installation/,,,,no
2,27,head,floating staircase installation company,hiring,Commercial,floating-staircase-installation,Floating Staircase Installation,Stairs & Railings,no,,,,,,service page,/services/floating-staircase-installation/,,,,no
2,27,head,floating staircase installation gta,anchor-city,Commercial,floating-staircase-installation,Floating Staircase Installation,Stairs & Railings,no,,,,,,service page,/services/floating-staircase-installation/,,,,no
2,27,head,floating staircase installation quote,quote,Transactional,floating-staircase-installation,Floating Staircase Installation,Stairs & Railings,no,,,,,,service page,/services/floating-staircase-installation/,,,,no
2,27,head,floating staircase installation services,hiring,Commercial,floating-staircase-installation,Floating Staircase Installation,Stairs & Railings,no,,,,,,service page,/services/floating-staircase-installation/,,,,no
2,27,head,best floor leveling,comparison,Commercial,floor-leveling,Floor Leveling,Flooring,no,,,,,,service page,/services/floor-leveling/,,,,no
2,27,head,floor leveling companies,hiring,Commercial,floor-leveling,Floor Leveling,Flooring,no,,,,,,service page,/services/floor-leveling/,,,,no
2,27,head,floor leveling company,hiring,Commercial,floor-leveling,Floor Leveling,Flooring,no,,,,,,service page,/services/floor-leveling/,,,,no
2,27,head,floor leveling gta,anchor-city,Commercial,floor-leveling,Floor Leveling,Flooring,no,,,,,,service page,/services/floor-leveling/,,,,no
2,27,head,floor leveling quote,quote,Transactional,floor-leveling,Floor Leveling,Flooring,no,,,,,,service page,/services/floor-leveling/,,,,no
2,27,head,floor leveling services,hiring,Commercial,floor-leveling,Floor Leveling,Flooring,no,,,,,,service page,/services/floor-leveling/,,,,no
2,27,head,best floor repair,comparison,Commercial,floor-repair,Floor Repair,Flooring,no,,,,,,service page,/services/floor-repair/,,,,no
2,27,head,floor repair companies,hiring,Commercial,floor-repair,Floor Repair,Flooring,no,,,,,,service page,/services/floor-repair/,,,,no
2,27,head,floor repair company,hiring,Commercial,floor-repair,Floor Repair,Flooring,no,,,,,,service page,/services/floor-repair/,,,,no
2,27,head,floor repair gta,anchor-city,Commercial,floor-repair,Floor Repair,Flooring,no,,,,,,service page,/services/floor-repair/,,,,no
2,27,head,floor repair quote,quote,Transactional,floor-repair,Floor Repair,Flooring,no,,,,,,service page,/services/floor-repair/,,,,no
2,27,head,floor repair services,hiring,Commercial,floor-repair,Floor Repair,Flooring,no,,,,,,service page,/services/floor-repair/,,,,no
2,27,head,best floor transition installation,comparison,Commercial,floor-transition-installation,Floor Transition Installation,Flooring,no,,,,,,service page,/services/floor-transition-installation/,,,,no
2,27,head,floor transition installation companies,hiring,Commercial,floor-transition-installation,Floor Transition Installation,Flooring,no,,,,,,service page,/services/floor-transition-installation/,,,,no
2,27,head,floor transition installation company,hiring,Commercial,floor-transition-installation,Floor Transition Installation,Flooring,no,,,,,,service page,/services/floor-transition-installation/,,,,no
2,27,head,floor transition installation gta,anchor-city,Commercial,floor-transition-installation,Floor Transition Installation,Flooring,no,,,,,,service page,/services/floor-transition-installation/,,,,no
2,27,head,floor transition installation quote,quote,Transactional,floor-transition-installation,Floor Transition Installation,Flooring,no,,,,,,service page,/services/floor-transition-installation/,,,,no
2,27,head,floor transition installation services,hiring,Commercial,floor-transition-installation,Floor Transition Installation,Flooring,no,,,,,,service page,/services/floor-transition-installation/,,,,no
2,28,head,best foundation crack repair,comparison,Commercial,foundation-crack-repair,Foundation Crack Repair,Concrete & Masonry,no,,,,,,service page,/services/foundation-crack-repair/,,,,no
2,28,head,foundation crack repair companies,hiring,Commercial,foundation-crack-repair,Foundation Crack Repair,Concrete & Masonry,no,,,,,,service page,/services/foundation-crack-repair/,,,,no
2,28,head,foundation crack repair company,hiring,Commercial,foundation-crack-repair,Foundation Crack Repair,Concrete & Masonry,no,,,,,,service page,/services/foundation-crack-repair/,,,,no
2,28,head,foundation crack repair gta,anchor-city,Commercial,foundation-crack-repair,Foundation Crack Repair,Concrete & Masonry,no,,,,,,service page,/services/foundation-crack-repair/,,,,no
2,28,head,foundation crack repair quote,quote,Transactional,foundation-crack-repair,Foundation Crack Repair,Concrete & Masonry,no,,,,,,service page,/services/foundation-crack-repair/,,,,no
2,28,head,foundation crack repair services,hiring,Commercial,foundation-crack-repair,Foundation Crack Repair,Concrete & Masonry,no,,,,,,service page,/services/foundation-crack-repair/,,,,no
2,28,head,best french door installation,comparison,Commercial,french-door-installation,French Door Installation,Doors,no,,,,,,service page,/services/french-door-installation/,,,,no
2,28,head,french door installation companies,hiring,Commercial,french-door-installation,French Door Installation,Doors,no,,,,,,service page,/services/french-door-installation/,,,,no
2,28,head,french door installation company,hiring,Commercial,french-door-installation,French Door Installation,Doors,no,,,,,,service page,/services/french-door-installation/,,,,no
2,28,head,french door installation gta,anchor-city,Commercial,french-door-installation,French Door Installation,Doors,no,,,,,,service page,/services/french-door-installation/,,,,no
2,28,head,french door installation quote,quote,Transactional,french-door-installation,French Door Installation,Doors,no,,,,,,service page,/services/french-door-installation/,,,,no
2,28,head,french door installation services,hiring,Commercial,french-door-installation,French Door Installation,Doors,no,,,,,,service page,/services/french-door-installation/,,,,no
2,28,head,best french drain installation,comparison,Commercial,french-drain-installation,French Drain Installation,Waterproofing,no,,,,,,service page,/services/french-drain-installation/,,,,no
2,28,head,french drain installation companies,hiring,Commercial,french-drain-installation,French Drain Installation,Waterproofing,no,,,,,,service page,/services/french-drain-installation/,,,,no
2,28,head,french drain installation company,hiring,Commercial,french-drain-installation,French Drain Installation,Waterproofing,no,,,,,,service page,/services/french-drain-installation/,,,,no
2,28,head,french drain installation gta,anchor-city,Commercial,french-drain-installation,French Drain Installation,Waterproofing,no,,,,,,service page,/services/french-drain-installation/,,,,no
2,28,head,french drain installation quote,quote,Transactional,french-drain-installation,French Drain Installation,Waterproofing,no,,,,,,service page,/services/french-drain-installation/,,,,no
2,28,head,french drain installation services,hiring,Commercial,french-drain-installation,French Drain Installation,Waterproofing,no,,,,,,service page,/services/french-drain-installation/,,,,no
2,28,head,best front door installation,comparison,Commercial,front-door-installation,Front Door Installation,Doors,no,,,,,,service page,/services/front-door-installation/,,,,no
2,28,head,front door installation companies,hiring,Commercial,front-door-installation,Front Door Installation,Doors,no,,,,,,service page,/services/front-door-installation/,,,,no
2,28,head,front door installation company,hiring,Commercial,front-door-installation,Front Door Installation,Doors,no,,,,,,service page,/services/front-door-installation/,,,,no
2,28,head,front door installation gta,anchor-city,Commercial,front-door-installation,Front Door Installation,Doors,no,,,,,,service page,/services/front-door-installation/,,,,no
2,28,head,front door installation quote,quote,Transactional,front-door-installation,Front Door Installation,Doors,no,,,,,,service page,/services/front-door-installation/,,,,no
2,28,head,front door installation services,hiring,Commercial,front-door-installation,Front Door Installation,Doors,no,,,,,,service page,/services/front-door-installation/,,,,no
2,28,head,best front steps replacement,comparison,Commercial,front-steps-replacement,Front Steps Replacement,Exterior & Siding,no,,,,,,service page,/services/front-steps-replacement/,,,,no
2,28,head,front steps replacement companies,hiring,Commercial,front-steps-replacement,Front Steps Replacement,Exterior & Siding,no,,,,,,service page,/services/front-steps-replacement/,,,,no
2,28,head,front steps replacement company,hiring,Commercial,front-steps-replacement,Front Steps Replacement,Exterior & Siding,no,,,,,,service page,/services/front-steps-replacement/,,,,no
2,28,head,front steps replacement gta,anchor-city,Commercial,front-steps-replacement,Front Steps Replacement,Exterior & Siding,no,,,,,,service page,/services/front-steps-replacement/,,,,no
2,28,head,front steps replacement quote,quote,Transactional,front-steps-replacement,Front Steps Replacement,Exterior & Siding,no,,,,,,service page,/services/front-steps-replacement/,,,,no
2,28,head,front steps replacement services,hiring,Commercial,front-steps-replacement,Front Steps Replacement,Exterior & Siding,no,,,,,,service page,/services/front-steps-replacement/,,,,no
2,28,head,best galley kitchen renovation,comparison,Commercial,galley-kitchen-renovation,Galley Kitchen Renovation,Kitchen,no,,,,,,service page,/services/galley-kitchen-renovation/,,,,no
2,28,head,galley kitchen renovation companies,hiring,Commercial,galley-kitchen-renovation,Galley Kitchen Renovation,Kitchen,no,,,,,,service page,/services/galley-kitchen-renovation/,,,,no
2,28,head,galley kitchen renovation company,hiring,Commercial,galley-kitchen-renovation,Galley Kitchen Renovation,Kitchen,no,,,,,,service page,/services/galley-kitchen-renovation/,,,,no
2,28,head,galley kitchen renovation gta,anchor-city,Commercial,galley-kitchen-renovation,Galley Kitchen Renovation,Kitchen,no,,,,,,service page,/services/galley-kitchen-renovation/,,,,no
2,28,head,galley kitchen renovation quote,quote,Transactional,galley-kitchen-renovation,Galley Kitchen Renovation,Kitchen,no,,,,,,service page,/services/galley-kitchen-renovation/,,,,no
2,28,head,galley kitchen renovation services,hiring,Commercial,galley-kitchen-renovation,Galley Kitchen Renovation,Kitchen,no,,,,,,service page,/services/galley-kitchen-renovation/,,,,no
2,28,head,best galvanized pipe replacement,comparison,Commercial,galvanised-pipe-replacement,Galvanised Pipe Replacement,Plumbing,no,,,,,,service page,/services/galvanised-pipe-replacement/,,,,no
2,28,head,galvanized pipe replacement companies,hiring,Commercial,galvanised-pipe-replacement,Galvanised Pipe Replacement,Plumbing,no,,,,,,service page,/services/galvanised-pipe-replacement/,,,,no
2,28,head,galvanized pipe replacement company,hiring,Commercial,galvanised-pipe-replacement,Galvanised Pipe Replacement,Plumbing,no,,,,,,service page,/services/galvanised-pipe-replacement/,,,,no
2,28,head,galvanized pipe replacement gta,anchor-city,Commercial,galvanised-pipe-replacement,Galvanised Pipe Replacement,Plumbing,no,,,,,,service page,/services/galvanised-pipe-replacement/,,,,no
2,28,head,galvanized pipe replacement quote,quote,Transactional,galvanised-pipe-replacement,Galvanised Pipe Replacement,Plumbing,no,,,,,,service page,/services/galvanised-pipe-replacement/,,,,no
2,28,head,galvanized pipe replacement services,hiring,Commercial,galvanised-pipe-replacement,Galvanised Pipe Replacement,Plumbing,no,,,,,,service page,/services/galvanised-pipe-replacement/,,,,no
2,28,head,best garage conversion,comparison,Commercial,garage-conversion,Garage Conversion,Whole Home,no,,,,,,service page,/services/garage-conversion/,,,,no
2,28,head,garage conversion companies,hiring,Commercial,garage-conversion,Garage Conversion,Whole Home,no,,,,,,service page,/services/garage-conversion/,,,,no
2,28,head,garage conversion company,hiring,Commercial,garage-conversion,Garage Conversion,Whole Home,no,,,,,,service page,/services/garage-conversion/,,,,no
2,28,head,garage conversion gta,anchor-city,Commercial,garage-conversion,Garage Conversion,Whole Home,no,,,,,,service page,/services/garage-conversion/,,,,no
2,28,head,garage conversion quote,quote,Transactional,garage-conversion,Garage Conversion,Whole Home,no,,,,,,service page,/services/garage-conversion/,,,,no
2,28,head,garage conversion services,hiring,Commercial,garage-conversion,Garage Conversion,Whole Home,no,,,,,,service page,/services/garage-conversion/,,,,no
2,28,head,best garage door installation,comparison,Commercial,garage-door-installation,Garage Door Installation,Doors,no,,,,,,service page,/services/garage-door-installation/,,,,no
2,28,head,garage door installation companies,hiring,Commercial,garage-door-installation,Garage Door Installation,Doors,no,,,,,,service page,/services/garage-door-installation/,,,,no
2,28,head,garage door installation company,hiring,Commercial,garage-door-installation,Garage Door Installation,Doors,no,,,,,,service page,/services/garage-door-installation/,390,11,7.45,yes
2,28,head,garage door installation gta,anchor-city,Commercial,garage-door-installation,Garage Door Installation,Doors,no,,,,,,service page,/services/garage-door-installation/,,,,no
2,28,head,garage door installation quote,quote,Transactional,garage-door-installation,Garage Door Installation,Doors,no,,,,,,service page,/services/garage-door-installation/,,,,no
2,28,head,garage door installation services,hiring,Commercial,garage-door-installation,Garage Door Installation,Doors,no,,,,,,service page,/services/garage-door-installation/,,,,no
2,28,head,best garage painting,comparison,Commercial,garage-painting,Garage Painting,Painting,no,,,,,,service page,/services/garage-painting/,,,,no
2,28,head,garage painting companies,hiring,Commercial,garage-painting,Garage Painting,Painting,no,,,,,,service page,/services/garage-painting/,,,,no
2,28,head,garage painting company,hiring,Commercial,garage-painting,Garage Painting,Painting,no,,,,,,service page,/services/garage-painting/,,,,no
2,28,head,garage painting gta,anchor-city,Commercial,garage-painting,Garage Painting,Painting,no,,,,,,service page,/services/garage-painting/,,,,no
2,28,head,garage painting quote,quote,Transactional,garage-painting,Garage Painting,Painting,no,,,,,,service page,/services/garage-painting/,,,,no
2,28,head,garage painting services,hiring,Commercial,garage-painting,Garage Painting,Painting,no,,,,,,service page,/services/garage-painting/,,,,no
2,28,head,best garage renovation,comparison,Commercial,garage-renovation,Garage Renovation,Specialty Rooms,no,,,,,,service page,/services/garage-renovation/,,,,no
2,28,head,garage renovation companies,hiring,Commercial,garage-renovation,Garage Renovation,Specialty Rooms,no,,,,,,service page,/services/garage-renovation/,,,,no
2,28,head,garage renovation company,hiring,Commercial,garage-renovation,Garage Renovation,Specialty Rooms,no,,,,,,service page,/services/garage-renovation/,,,,no
2,28,head,garage renovation gta,anchor-city,Commercial,garage-renovation,Garage Renovation,Specialty Rooms,no,,,,,,service page,/services/garage-renovation/,,,,no
2,28,head,garage renovation quote,quote,Transactional,garage-renovation,Garage Renovation,Specialty Rooms,no,,,,,,service page,/services/garage-renovation/,,,,no
2,28,head,garage renovation services,hiring,Commercial,garage-renovation,Garage Renovation,Specialty Rooms,no,,,,,,service page,/services/garage-renovation/,,,,no
2,28,head,best garage storage installation,comparison,Commercial,garage-storage-installation,Garage Storage Installation,Cabinetry & Storage,no,,,,,,service page,/services/garage-storage-installation/,,,,no
2,28,head,garage storage installation companies,hiring,Commercial,garage-storage-installation,Garage Storage Installation,Cabinetry & Storage,no,,,,,,service page,/services/garage-storage-installation/,,,,no
2,28,head,garage storage installation company,hiring,Commercial,garage-storage-installation,Garage Storage Installation,Cabinetry & Storage,no,,,,,,service page,/services/garage-storage-installation/,,,,no
2,28,head,garage storage installation gta,anchor-city,Commercial,garage-storage-installation,Garage Storage Installation,Cabinetry & Storage,no,,,,,,service page,/services/garage-storage-installation/,,,,no
2,28,head,garage storage installation quote,quote,Transactional,garage-storage-installation,Garage Storage Installation,Cabinetry & Storage,no,,,,,,service page,/services/garage-storage-installation/,,,,no
2,28,head,garage storage installation services,hiring,Commercial,garage-storage-installation,Garage Storage Installation,Cabinetry & Storage,no,,,,,,service page,/services/garage-storage-installation/,,,,no
2,28,head,best garden suite construction,comparison,Commercial,garden-suite-construction,Garden Suite Construction,Whole Home,no,,,,,,service page,/services/garden-suite-construction/,,,,no
2,28,head,garden suite construction companies,hiring,Commercial,garden-suite-construction,Garden Suite Construction,Whole Home,no,,,,,,service page,/services/garden-suite-construction/,,,,no
2,28,head,garden suite construction company,hiring,Commercial,garden-suite-construction,Garden Suite Construction,Whole Home,no,,,,,,service page,/services/garden-suite-construction/,,,,no
2,28,head,garden suite construction gta,anchor-city,Commercial,garden-suite-construction,Garden Suite Construction,Whole Home,no,,,,,,service page,/services/garden-suite-construction/,,,,no
2,28,head,garden suite construction quote,quote,Transactional,garden-suite-construction,Garden Suite Construction,Whole Home,no,,,,,,service page,/services/garden-suite-construction/,,,,no
2,28,head,garden suite construction services,hiring,Commercial,garden-suite-construction,Garden Suite Construction,Whole Home,no,,,,,,service page,/services/garden-suite-construction/,,,,no
2,28,head,best gate installation,comparison,Commercial,gate-installation,Gate Installation,Fences,no,,,,,,service page,/services/gate-installation/,,,,no
2,28,head,gate installation companies,hiring,Commercial,gate-installation,Gate Installation,Fences,no,,,,,,service page,/services/gate-installation/,,,,no
2,28,head,gate installation company,hiring,Commercial,gate-installation,Gate Installation,Fences,no,,,,,,service page,/services/gate-installation/,,,,no
2,28,head,gate installation gta,anchor-city,Commercial,gate-installation,Gate Installation,Fences,no,,,,,,service page,/services/gate-installation/,,,,no
2,28,head,gate installation quote,quote,Transactional,gate-installation,Gate Installation,Fences,no,,,,,,service page,/services/gate-installation/,,,,no
2,28,head,gate installation services,hiring,Commercial,gate-installation,Gate Installation,Fences,no,,,,,,service page,/services/gate-installation/,,,,no
2,28,head,best gazebo building,comparison,Commercial,gazebo-building,Gazebo Building,Decks,no,,,,,,service page,/services/gazebo-building/,,,,no
2,28,head,gazebo building companies,hiring,Commercial,gazebo-building,Gazebo Building,Decks,no,,,,,,service page,/services/gazebo-building/,,,,no
2,28,head,gazebo building company,hiring,Commercial,gazebo-building,Gazebo Building,Decks,no,,,,,,service page,/services/gazebo-building/,,,,no
2,28,head,gazebo building gta,anchor-city,Commercial,gazebo-building,Gazebo Building,Decks,no,,,,,,service page,/services/gazebo-building/,,,,no
2,28,head,gazebo building quote,quote,Transactional,gazebo-building,Gazebo Building,Decks,no,,,,,,service page,/services/gazebo-building/,,,,no
2,28,head,gazebo building services,hiring,Commercial,gazebo-building,Gazebo Building,Decks,no,,,,,,service page,/services/gazebo-building/,,,,no
2,28,head,best glass railing installation,comparison,Commercial,glass-railing-installation,Glass Railing Installation,Stairs & Railings,no,,,,,,service page,/services/glass-railing-installation/,,,,no
2,28,head,glass railing installation companies,hiring,Commercial,glass-railing-installation,Glass Railing Installation,Stairs & Railings,no,,,,,,service page,/services/glass-railing-installation/,,,,no
2,28,head,glass railing installation company,hiring,Commercial,glass-railing-installation,Glass Railing Installation,Stairs & Railings,no,,,,,,service page,/services/glass-railing-installation/,,,,no
2,28,head,glass railing installation gta,anchor-city,Commercial,glass-railing-installation,Glass Railing Installation,Stairs & Railings,no,,,,,,service page,/services/glass-railing-installation/,,,,no
2,28,head,glass railing installation quote,quote,Transactional,glass-railing-installation,Glass Railing Installation,Stairs & Railings,no,,,,,,service page,/services/glass-railing-installation/,,,,no
2,28,head,glass railing installation services,hiring,Commercial,glass-railing-installation,Glass Railing Installation,Stairs & Railings,no,,,,,,service page,/services/glass-railing-installation/,,,,no
2,28,head,best grab bar installation,comparison,Commercial,grab-bar-installation,Grab Bar Installation,Accessibility,no,,,,,,service page,/services/grab-bar-installation/,,,,no
2,28,head,grab bar installation companies,hiring,Commercial,grab-bar-installation,Grab Bar Installation,Accessibility,no,,,,,,service page,/services/grab-bar-installation/,,,,no
2,28,head,grab bar installation company,hiring,Commercial,grab-bar-installation,Grab Bar Installation,Accessibility,no,,,,,,service page,/services/grab-bar-installation/,,,,no
2,28,head,grab bar installation gta,anchor-city,Commercial,grab-bar-installation,Grab Bar Installation,Accessibility,no,,,,,,service page,/services/grab-bar-installation/,,,,no
2,29,head,grab bar installation quote,quote,Transactional,grab-bar-installation,Grab Bar Installation,Accessibility,no,,,,,,service page,/services/grab-bar-installation/,,,,no
2,29,head,grab bar installation services,hiring,Commercial,grab-bar-installation,Grab Bar Installation,Accessibility,no,,,,,,service page,/services/grab-bar-installation/,,,,no
2,29,head,best granite countertop installation,comparison,Commercial,granite-countertop-installation,Granite Countertop Installation,Kitchen,no,,,,,,service page,/services/granite-countertop-installation/,,,,no
2,29,head,granite countertop installation companies,hiring,Commercial,granite-countertop-installation,Granite Countertop Installation,Kitchen,no,,,,,,service page,/services/granite-countertop-installation/,,,,no
2,29,head,granite countertop installation company,hiring,Commercial,granite-countertop-installation,Granite Countertop Installation,Kitchen,no,,,,,,service page,/services/granite-countertop-installation/,,,,no
2,29,head,granite countertop installation gta,anchor-city,Commercial,granite-countertop-installation,Granite Countertop Installation,Kitchen,no,,,,,,service page,/services/granite-countertop-installation/,,,,no
2,29,head,granite countertop installation quote,quote,Transactional,granite-countertop-installation,Granite Countertop Installation,Kitchen,no,,,,,,service page,/services/granite-countertop-installation/,,,,no
2,29,head,granite countertop installation services,hiring,Commercial,granite-countertop-installation,Granite Countertop Installation,Kitchen,no,,,,,,service page,/services/granite-countertop-installation/,,,,no
2,29,head,best grout repair,comparison,Commercial,grout-repair,Grout Repair,Tile,no,,,,,,service page,/services/grout-repair/,,,,no
2,29,head,grout repair companies,hiring,Commercial,grout-repair,Grout Repair,Tile,no,,,,,,service page,/services/grout-repair/,,,,no
2,29,head,grout repair company,hiring,Commercial,grout-repair,Grout Repair,Tile,no,,,,,,service page,/services/grout-repair/,,,,no
2,29,head,grout repair gta,anchor-city,Commercial,grout-repair,Grout Repair,Tile,no,,,,,,service page,/services/grout-repair/,,,,no
2,29,head,grout repair quote,quote,Transactional,grout-repair,Grout Repair,Tile,no,,,,,,service page,/services/grout-repair/,,,,no
2,29,head,grout repair services,hiring,Commercial,grout-repair,Grout Repair,Tile,no,,,,,,service page,/services/grout-repair/,,,,no
2,29,head,best hardwood floor refinishing,comparison,Commercial,hardwood-floor-refinishing,Hardwood Floor Refinishing,Flooring,no,,,,,,service page,/services/hardwood-floor-refinishing/,,,,no
2,29,head,hardwood floor refinishing companies,hiring,Commercial,hardwood-floor-refinishing,Hardwood Floor Refinishing,Flooring,no,,,,,,service page,/services/hardwood-floor-refinishing/,,,,no
2,29,head,hardwood floor refinishing company,hiring,Commercial,hardwood-floor-refinishing,Hardwood Floor Refinishing,Flooring,no,,,,,,service page,/services/hardwood-floor-refinishing/,,,,no
2,29,head,hardwood floor refinishing gta,anchor-city,Commercial,hardwood-floor-refinishing,Hardwood Floor Refinishing,Flooring,no,,,,,,service page,/services/hardwood-floor-refinishing/,,,,no
2,29,head,hardwood floor refinishing quote,quote,Transactional,hardwood-floor-refinishing,Hardwood Floor Refinishing,Flooring,no,,,,,,service page,/services/hardwood-floor-refinishing/,,,,no
2,29,head,hardwood floor refinishing services,hiring,Commercial,hardwood-floor-refinishing,Hardwood Floor Refinishing,Flooring,no,,,,,,service page,/services/hardwood-floor-refinishing/,,,,no
2,29,head,best hardwood floor sanding,comparison,Commercial,hardwood-floor-sanding,Hardwood Floor Sanding,Flooring,no,,,,,,service page,/services/hardwood-floor-sanding/,,,,no
2,29,head,hardwood floor sanding companies,hiring,Commercial,hardwood-floor-sanding,Hardwood Floor Sanding,Flooring,no,,,,,,service page,/services/hardwood-floor-sanding/,,,,no
2,29,head,hardwood floor sanding company,hiring,Commercial,hardwood-floor-sanding,Hardwood Floor Sanding,Flooring,no,,,,,,service page,/services/hardwood-floor-sanding/,,,,no
2,29,head,hardwood floor sanding gta,anchor-city,Commercial,hardwood-floor-sanding,Hardwood Floor Sanding,Flooring,no,,,,,,service page,/services/hardwood-floor-sanding/,,,,no
2,29,head,hardwood floor sanding quote,quote,Transactional,hardwood-floor-sanding,Hardwood Floor Sanding,Flooring,no,,,,,,service page,/services/hardwood-floor-sanding/,,,,no
2,29,head,hardwood floor sanding services,hiring,Commercial,hardwood-floor-sanding,Hardwood Floor Sanding,Flooring,no,,,,,,service page,/services/hardwood-floor-sanding/,,,,no
2,29,head,best heated floor installation,comparison,Commercial,heated-floor-installation,Heated Floor Installation,Flooring,no,,,,,,service page,/services/heated-floor-installation/,,,,no
2,29,head,heated floor installation companies,hiring,Commercial,heated-floor-installation,Heated Floor Installation,Flooring,no,,,,,,service page,/services/heated-floor-installation/,,,,no
2,29,head,heated floor installation company,hiring,Commercial,heated-floor-installation,Heated Floor Installation,Flooring,no,,,,,,service page,/services/heated-floor-installation/,,,,no
2,29,head,heated floor installation gta,anchor-city,Commercial,heated-floor-installation,Heated Floor Installation,Flooring,no,,,,,,service page,/services/heated-floor-installation/,,,,no
2,29,head,heated floor installation quote,quote,Transactional,heated-floor-installation,Heated Floor Installation,Flooring,no,,,,,,service page,/services/heated-floor-installation/,,,,no
2,29,head,heated floor installation services,hiring,Commercial,heated-floor-installation,Heated Floor Installation,Flooring,no,,,,,,service page,/services/heated-floor-installation/,,,,no
2,29,head,best heated tile installation,comparison,Commercial,heated-tile-installation,Heated Tile Installation,Tile,no,,,,,,service page,/services/heated-tile-installation/,,,,no
2,29,head,heated tile installation companies,hiring,Commercial,heated-tile-installation,Heated Tile Installation,Tile,no,,,,,,service page,/services/heated-tile-installation/,,,,no
2,29,head,heated tile installation company,hiring,Commercial,heated-tile-installation,Heated Tile Installation,Tile,no,,,,,,service page,/services/heated-tile-installation/,,,,no
2,29,head,heated tile installation gta,anchor-city,Commercial,heated-tile-installation,Heated Tile Installation,Tile,no,,,,,,service page,/services/heated-tile-installation/,,,,no
2,29,head,heated tile installation quote,quote,Transactional,heated-tile-installation,Heated Tile Installation,Tile,no,,,,,,service page,/services/heated-tile-installation/,,,,no
2,29,head,heated tile installation services,hiring,Commercial,heated-tile-installation,Heated Tile Installation,Tile,no,,,,,,service page,/services/heated-tile-installation/,,,,no
2,29,head,best heritage home renovation,comparison,Commercial,heritage-home-renovation,Heritage Home Renovation,Whole Home,no,,,,,,service page,/services/heritage-home-renovation/,,,,no
2,29,head,heritage home renovation companies,hiring,Commercial,heritage-home-renovation,Heritage Home Renovation,Whole Home,no,,,,,,service page,/services/heritage-home-renovation/,,,,no
2,29,head,heritage home renovation company,hiring,Commercial,heritage-home-renovation,Heritage Home Renovation,Whole Home,no,,,,,,service page,/services/heritage-home-renovation/,,,,no
2,29,head,heritage home renovation gta,anchor-city,Commercial,heritage-home-renovation,Heritage Home Renovation,Whole Home,no,,,,,,service page,/services/heritage-home-renovation/,,,,no
2,29,head,heritage home renovation quote,quote,Transactional,heritage-home-renovation,Heritage Home Renovation,Whole Home,no,,,,,,service page,/services/heritage-home-renovation/,,,,no
2,29,head,heritage home renovation services,hiring,Commercial,heritage-home-renovation,Heritage Home Renovation,Whole Home,no,,,,,,service page,/services/heritage-home-renovation/,,,,no
2,29,head,best home gym construction,comparison,Commercial,home-gym-construction,Home Gym Construction,Specialty Rooms,no,,,,,,service page,/services/home-gym-construction/,,,,no
2,29,head,home gym construction companies,hiring,Commercial,home-gym-construction,Home Gym Construction,Specialty Rooms,no,,,,,,service page,/services/home-gym-construction/,,,,no
2,29,head,home gym construction company,hiring,Commercial,home-gym-construction,Home Gym Construction,Specialty Rooms,no,,,,,,service page,/services/home-gym-construction/,,,,no
2,29,head,home gym construction gta,anchor-city,Commercial,home-gym-construction,Home Gym Construction,Specialty Rooms,no,,,,,,service page,/services/home-gym-construction/,,,,no
2,29,head,home gym construction quote,quote,Transactional,home-gym-construction,Home Gym Construction,Specialty Rooms,no,,,,,,service page,/services/home-gym-construction/,,,,no
2,29,head,home gym construction services,hiring,Commercial,home-gym-construction,Home Gym Construction,Specialty Rooms,no,,,,,,service page,/services/home-gym-construction/,,,,no
2,29,head,best home office renovation,comparison,Commercial,home-office-renovation,Home Office Renovation,Specialty Rooms,no,,,,,,service page,/services/home-office-renovation/,,,,no
2,29,head,home office renovation companies,hiring,Commercial,home-office-renovation,Home Office Renovation,Specialty Rooms,no,,,,,,service page,/services/home-office-renovation/,,,,no
2,29,head,home office renovation company,hiring,Commercial,home-office-renovation,Home Office Renovation,Specialty Rooms,no,,,,,,service page,/services/home-office-renovation/,,,,no
2,29,head,home office renovation gta,anchor-city,Commercial,home-office-renovation,Home Office Renovation,Specialty Rooms,no,,,,,,service page,/services/home-office-renovation/,,,,no
2,29,head,home office renovation quote,quote,Transactional,home-office-renovation,Home Office Renovation,Specialty Rooms,no,,,,,,service page,/services/home-office-renovation/,,,,no
2,29,head,home office renovation services,hiring,Commercial,home-office-renovation,Home Office Renovation,Specialty Rooms,no,,,,,,service page,/services/home-office-renovation/,,,,no
2,29,head,best home remodeling,comparison,Commercial,home-remodeling,Home Remodeling,Whole Home,no,,,,,,service page,/services/home-remodeling/,,,,no
2,29,head,home remodeling companies,hiring,Commercial,home-remodeling,Home Remodeling,Whole Home,no,,,,,,service page,/services/home-remodeling/,,,,no
2,29,head,home remodeling company,hiring,Commercial,home-remodeling,Home Remodeling,Whole Home,no,,,,,,service page,/services/home-remodeling/,,,,no
2,29,head,home remodeling gta,anchor-city,Commercial,home-remodeling,Home Remodeling,Whole Home,no,,,,,,service page,/services/home-remodeling/,,,,no
2,29,head,home remodeling quote,quote,Transactional,home-remodeling,Home Remodeling,Whole Home,no,,,,,,service page,/services/home-remodeling/,,,,no
2,29,head,home remodeling services,hiring,Commercial,home-remodeling,Home Remodeling,Whole Home,no,,,,,,service page,/services/home-remodeling/,320,17,5.60,yes
2,29,head,best home theatre construction,comparison,Commercial,home-theatre-construction,Home Theatre Construction,Specialty Rooms,no,,,,,,service page,/services/home-theatre-construction/,,,,no
2,29,head,home theatre construction companies,hiring,Commercial,home-theatre-construction,Home Theatre Construction,Specialty Rooms,no,,,,,,service page,/services/home-theatre-construction/,,,,no
2,29,head,home theatre construction company,hiring,Commercial,home-theatre-construction,Home Theatre Construction,Specialty Rooms,no,,,,,,service page,/services/home-theatre-construction/,,,,no
2,29,head,home theatre construction gta,anchor-city,Commercial,home-theatre-construction,Home Theatre Construction,Specialty Rooms,no,,,,,,service page,/services/home-theatre-construction/,,,,no
2,29,head,home theatre construction quote,quote,Transactional,home-theatre-construction,Home Theatre Construction,Specialty Rooms,no,,,,,,service page,/services/home-theatre-construction/,,,,no
2,29,head,home theatre construction services,hiring,Commercial,home-theatre-construction,Home Theatre Construction,Specialty Rooms,no,,,,,,service page,/services/home-theatre-construction/,,,,no
2,29,head,best house rewiring,comparison,Commercial,house-rewiring,House Rewiring,Electrical,no,,,,,,service page,/services/house-rewiring/,,,,no
2,29,head,house rewiring companies,hiring,Commercial,house-rewiring,House Rewiring,Electrical,no,,,,,,service page,/services/house-rewiring/,,,,no
2,29,head,house rewiring company,hiring,Commercial,house-rewiring,House Rewiring,Electrical,no,,,,,,service page,/services/house-rewiring/,,,,no
2,29,head,house rewiring gta,anchor-city,Commercial,house-rewiring,House Rewiring,Electrical,no,,,,,,service page,/services/house-rewiring/,,,,no
2,29,head,house rewiring quote,quote,Transactional,house-rewiring,House Rewiring,Electrical,no,,,,,,service page,/services/house-rewiring/,,,,no
2,29,head,house rewiring services,hiring,Commercial,house-rewiring,House Rewiring,Electrical,no,,,,,,service page,/services/house-rewiring/,,,,no
2,29,head,best in law suite construction,comparison,Commercial,in-law-suite-construction,In-Law Suite Construction,Basement,no,,,,,,service page,/services/in-law-suite-construction/,,,,no
2,29,head,in law suite construction companies,hiring,Commercial,in-law-suite-construction,In-Law Suite Construction,Basement,no,,,,,,service page,/services/in-law-suite-construction/,,,,no
2,29,head,in law suite construction company,hiring,Commercial,in-law-suite-construction,In-Law Suite Construction,Basement,no,,,,,,service page,/services/in-law-suite-construction/,,,,no
2,29,head,in law suite construction gta,anchor-city,Commercial,in-law-suite-construction,In-Law Suite Construction,Basement,no,,,,,,service page,/services/in-law-suite-construction/,,,,no
2,29,head,in law suite construction quote,quote,Transactional,in-law-suite-construction,In-Law Suite Construction,Basement,no,,,,,,service page,/services/in-law-suite-construction/,,,,no
2,29,head,in law suite construction services,hiring,Commercial,in-law-suite-construction,In-Law Suite Construction,Basement,no,,,,,,service page,/services/in-law-suite-construction/,,,,no
2,29,head,best interior demolition,comparison,Commercial,interior-demolition,Interior Demolition,Demolition & Prep,no,,,,,,service page,/services/interior-demolition/,,,,no
2,29,head,interior demolition companies,hiring,Commercial,interior-demolition,Interior Demolition,Demolition & Prep,no,,,,,,service page,/services/interior-demolition/,,,,no
2,29,head,interior demolition company,hiring,Commercial,interior-demolition,Interior Demolition,Demolition & Prep,no,,,,,,service page,/services/interior-demolition/,,,,no
2,29,head,interior demolition gta,anchor-city,Commercial,interior-demolition,Interior Demolition,Demolition & Prep,no,,,,,,service page,/services/interior-demolition/,,,,no
2,29,head,interior demolition quote,quote,Transactional,interior-demolition,Interior Demolition,Demolition & Prep,no,,,,,,service page,/services/interior-demolition/,,,,no
2,29,head,interior demolition services,hiring,Commercial,interior-demolition,Interior Demolition,Demolition & Prep,no,,,,,,service page,/services/interior-demolition/,,,,no
2,29,head,best interior trim replacement,comparison,Commercial,interior-trim-replacement,Interior Trim Replacement,Trim & Millwork,no,,,,,,service page,/services/interior-trim-replacement/,,,,no
2,29,head,interior trim replacement companies,hiring,Commercial,interior-trim-replacement,Interior Trim Replacement,Trim & Millwork,no,,,,,,service page,/services/interior-trim-replacement/,,,,no
2,29,head,interior trim replacement company,hiring,Commercial,interior-trim-replacement,Interior Trim Replacement,Trim & Millwork,no,,,,,,service page,/services/interior-trim-replacement/,,,,no
2,29,head,interior trim replacement gta,anchor-city,Commercial,interior-trim-replacement,Interior Trim Replacement,Trim & Millwork,no,,,,,,service page,/services/interior-trim-replacement/,,,,no
2,29,head,interior trim replacement quote,quote,Transactional,interior-trim-replacement,Interior Trim Replacement,Trim & Millwork,no,,,,,,service page,/services/interior-trim-replacement/,,,,no
2,29,head,interior trim replacement services,hiring,Commercial,interior-trim-replacement,Interior Trim Replacement,Trim & Millwork,no,,,,,,service page,/services/interior-trim-replacement/,,,,no
2,29,head,best interior basement waterproofing,comparison,Commercial,interior-waterproofing,Interior Waterproofing,Waterproofing,no,,,,,,service page,/services/interior-waterproofing/,,,,no
2,29,head,interior basement waterproofing companies,hiring,Commercial,interior-waterproofing,Interior Waterproofing,Waterproofing,no,,,,,,service page,/services/interior-waterproofing/,,,,no
2,29,head,interior basement waterproofing company,hiring,Commercial,interior-waterproofing,Interior Waterproofing,Waterproofing,no,,,,,,service page,/services/interior-waterproofing/,,,,no
2,29,head,interior basement waterproofing gta,anchor-city,Commercial,interior-waterproofing,Interior Waterproofing,Waterproofing,no,,,,,,service page,/services/interior-waterproofing/,,,,no
2,29,head,interior basement waterproofing quote,quote,Transactional,interior-waterproofing,Interior Waterproofing,Waterproofing,no,,,,,,service page,/services/interior-waterproofing/,,,,no
2,29,head,interior basement waterproofing services,hiring,Commercial,interior-waterproofing,Interior Waterproofing,Waterproofing,no,,,,,,service page,/services/interior-waterproofing/,,,,no
2,29,head,best iron railing installation,comparison,Commercial,iron-railing-installation,Iron Railing Installation,Stairs & Railings,no,,,,,,service page,/services/iron-railing-installation/,,,,no
2,29,head,iron railing installation companies,hiring,Commercial,iron-railing-installation,Iron Railing Installation,Stairs & Railings,no,,,,,,service page,/services/iron-railing-installation/,,,,no
2,30,head,iron railing installation company,hiring,Commercial,iron-railing-installation,Iron Railing Installation,Stairs & Railings,no,,,,,,service page,/services/iron-railing-installation/,,,,no
2,30,head,iron railing installation gta,anchor-city,Commercial,iron-railing-installation,Iron Railing Installation,Stairs & Railings,no,,,,,,service page,/services/iron-railing-installation/,,,,no
2,30,head,iron railing installation quote,quote,Transactional,iron-railing-installation,Iron Railing Installation,Stairs & Railings,no,,,,,,service page,/services/iron-railing-installation/,,,,no
2,30,head,iron railing installation services,hiring,Commercial,iron-railing-installation,Iron Railing Installation,Stairs & Railings,no,,,,,,service page,/services/iron-railing-installation/,,,,no
2,30,head,best kitchen cabinet installation,comparison,Commercial,kitchen-cabinet-installation,Kitchen Cabinet Installation,Kitchen,no,,,,,,service page,/services/kitchen-cabinet-installation/,,,,no
2,30,head,kitchen cabinet installation companies,hiring,Commercial,kitchen-cabinet-installation,Kitchen Cabinet Installation,Kitchen,no,,,,,,service page,/services/kitchen-cabinet-installation/,,,,no
2,30,head,kitchen cabinet installation company,hiring,Commercial,kitchen-cabinet-installation,Kitchen Cabinet Installation,Kitchen,no,,,,,,service page,/services/kitchen-cabinet-installation/,50,17,2.28,yes
2,30,head,kitchen cabinet installation gta,anchor-city,Commercial,kitchen-cabinet-installation,Kitchen Cabinet Installation,Kitchen,no,,,,,,service page,/services/kitchen-cabinet-installation/,,,,no
2,30,head,kitchen cabinet installation quote,quote,Transactional,kitchen-cabinet-installation,Kitchen Cabinet Installation,Kitchen,no,,,,,,service page,/services/kitchen-cabinet-installation/,,,,no
2,30,head,kitchen cabinet installation services,hiring,Commercial,kitchen-cabinet-installation,Kitchen Cabinet Installation,Kitchen,no,,,,,,service page,/services/kitchen-cabinet-installation/,,,,no
2,30,head,best kitchen cabinet painting,comparison,Commercial,kitchen-cabinet-painting,Kitchen Cabinet Painting,Kitchen,no,,,,,,service page,/services/kitchen-cabinet-painting/,,,,no
2,30,head,kitchen cabinet painting companies,hiring,Commercial,kitchen-cabinet-painting,Kitchen Cabinet Painting,Kitchen,no,,,,,,service page,/services/kitchen-cabinet-painting/,,,,no
2,30,head,kitchen cabinet painting company,hiring,Commercial,kitchen-cabinet-painting,Kitchen Cabinet Painting,Kitchen,no,,,,,,service page,/services/kitchen-cabinet-painting/,210,24,3.63,yes
2,30,head,kitchen cabinet painting gta,anchor-city,Commercial,kitchen-cabinet-painting,Kitchen Cabinet Painting,Kitchen,no,,,,,,service page,/services/kitchen-cabinet-painting/,,,,no
2,30,head,kitchen cabinet painting quote,quote,Transactional,kitchen-cabinet-painting,Kitchen Cabinet Painting,Kitchen,no,,,,,,service page,/services/kitchen-cabinet-painting/,,,,no
2,30,head,kitchen cabinet painting services,hiring,Commercial,kitchen-cabinet-painting,Kitchen Cabinet Painting,Kitchen,no,,,,,,service page,/services/kitchen-cabinet-painting/,,,,no
2,30,head,best kitchen cabinet refacing,comparison,Commercial,kitchen-cabinet-refacing,Kitchen Cabinet Refacing,Kitchen,no,,,,,,service page,/services/kitchen-cabinet-refacing/,,,,no
2,30,head,kitchen cabinet refacing companies,hiring,Commercial,kitchen-cabinet-refacing,Kitchen Cabinet Refacing,Kitchen,no,,,,,,service page,/services/kitchen-cabinet-refacing/,,,,no
2,30,head,kitchen cabinet refacing company,hiring,Commercial,kitchen-cabinet-refacing,Kitchen Cabinet Refacing,Kitchen,no,,,,,,service page,/services/kitchen-cabinet-refacing/,,,,no
2,30,head,kitchen cabinet refacing gta,anchor-city,Commercial,kitchen-cabinet-refacing,Kitchen Cabinet Refacing,Kitchen,no,,,,,,service page,/services/kitchen-cabinet-refacing/,,,,no
2,30,head,kitchen cabinet refacing quote,quote,Transactional,kitchen-cabinet-refacing,Kitchen Cabinet Refacing,Kitchen,no,,,,,,service page,/services/kitchen-cabinet-refacing/,,,,no
2,30,head,kitchen cabinet refacing services,hiring,Commercial,kitchen-cabinet-refacing,Kitchen Cabinet Refacing,Kitchen,no,,,,,,service page,/services/kitchen-cabinet-refacing/,,,,no
2,30,head,best kitchen demolition,comparison,Commercial,kitchen-demolition,Kitchen Demolition,Demolition & Prep,no,,,,,,service page,/services/kitchen-demolition/,,,,no
2,30,head,kitchen demolition companies,hiring,Commercial,kitchen-demolition,Kitchen Demolition,Demolition & Prep,no,,,,,,service page,/services/kitchen-demolition/,,,,no
2,30,head,kitchen demolition company,hiring,Commercial,kitchen-demolition,Kitchen Demolition,Demolition & Prep,no,,,,,,service page,/services/kitchen-demolition/,,,,no
2,30,head,kitchen demolition gta,anchor-city,Commercial,kitchen-demolition,Kitchen Demolition,Demolition & Prep,no,,,,,,service page,/services/kitchen-demolition/,,,,no
2,30,head,kitchen demolition quote,quote,Transactional,kitchen-demolition,Kitchen Demolition,Demolition & Prep,no,,,,,,service page,/services/kitchen-demolition/,,,,no
2,30,head,kitchen demolition services,hiring,Commercial,kitchen-demolition,Kitchen Demolition,Demolition & Prep,no,,,,,,service page,/services/kitchen-demolition/,,,,no
2,30,head,best kitchen island installation,comparison,Commercial,kitchen-island-installation,Kitchen Island Installation,Kitchen,no,,,,,,service page,/services/kitchen-island-installation/,,,,no
2,30,head,kitchen island installation companies,hiring,Commercial,kitchen-island-installation,Kitchen Island Installation,Kitchen,no,,,,,,service page,/services/kitchen-island-installation/,,,,no
2,30,head,kitchen island installation company,hiring,Commercial,kitchen-island-installation,Kitchen Island Installation,Kitchen,no,,,,,,service page,/services/kitchen-island-installation/,,,,no
2,30,head,kitchen island installation gta,anchor-city,Commercial,kitchen-island-installation,Kitchen Island Installation,Kitchen,no,,,,,,service page,/services/kitchen-island-installation/,,,,no
2,30,head,kitchen island installation quote,quote,Transactional,kitchen-island-installation,Kitchen Island Installation,Kitchen,no,,,,,,service page,/services/kitchen-island-installation/,,,,no
2,30,head,kitchen island installation services,hiring,Commercial,kitchen-island-installation,Kitchen Island Installation,Kitchen,no,,,,,,service page,/services/kitchen-island-installation/,,,,no
2,30,head,best kitchen plumbing installation,comparison,Commercial,kitchen-plumbing-installation,Kitchen Plumbing Installation,Plumbing,no,,,,,,service page,/services/kitchen-plumbing-installation/,,,,no
2,30,head,kitchen plumbing installation companies,hiring,Commercial,kitchen-plumbing-installation,Kitchen Plumbing Installation,Plumbing,no,,,,,,service page,/services/kitchen-plumbing-installation/,,,,no
2,30,head,kitchen plumbing installation company,hiring,Commercial,kitchen-plumbing-installation,Kitchen Plumbing Installation,Plumbing,no,,,,,,service page,/services/kitchen-plumbing-installation/,,,,no
2,30,head,kitchen plumbing installation gta,anchor-city,Commercial,kitchen-plumbing-installation,Kitchen Plumbing Installation,Plumbing,no,,,,,,service page,/services/kitchen-plumbing-installation/,,,,no
2,30,head,kitchen plumbing installation quote,quote,Transactional,kitchen-plumbing-installation,Kitchen Plumbing Installation,Plumbing,no,,,,,,service page,/services/kitchen-plumbing-installation/,,,,no
2,30,head,kitchen plumbing installation services,hiring,Commercial,kitchen-plumbing-installation,Kitchen Plumbing Installation,Plumbing,no,,,,,,service page,/services/kitchen-plumbing-installation/,,,,no
2,30,head,best kitchen sink installation,comparison,Commercial,kitchen-sink-installation,Kitchen Sink Installation,Kitchen,no,,,,,,service page,/services/kitchen-sink-installation/,,,,no
2,30,head,kitchen sink installation companies,hiring,Commercial,kitchen-sink-installation,Kitchen Sink Installation,Kitchen,no,,,,,,service page,/services/kitchen-sink-installation/,,,,no
2,30,head,kitchen sink installation company,hiring,Commercial,kitchen-sink-installation,Kitchen Sink Installation,Kitchen,no,,,,,,service page,/services/kitchen-sink-installation/,,,,no
2,30,head,kitchen sink installation gta,anchor-city,Commercial,kitchen-sink-installation,Kitchen Sink Installation,Kitchen,no,,,,,,service page,/services/kitchen-sink-installation/,,,,no
2,30,head,kitchen sink installation quote,quote,Transactional,kitchen-sink-installation,Kitchen Sink Installation,Kitchen,no,,,,,,service page,/services/kitchen-sink-installation/,,,,no
2,30,head,kitchen sink installation services,hiring,Commercial,kitchen-sink-installation,Kitchen Sink Installation,Kitchen,no,,,,,,service page,/services/kitchen-sink-installation/,,,,no
2,30,head,best kitchen tile installation,comparison,Commercial,kitchen-tile-installation,Kitchen Tile Installation,Tile,no,,,,,,service page,/services/kitchen-tile-installation/,,,,no
2,30,head,kitchen tile installation companies,hiring,Commercial,kitchen-tile-installation,Kitchen Tile Installation,Tile,no,,,,,,service page,/services/kitchen-tile-installation/,,,,no
2,30,head,kitchen tile installation company,hiring,Commercial,kitchen-tile-installation,Kitchen Tile Installation,Tile,no,,,,,,service page,/services/kitchen-tile-installation/,,,,no
2,30,head,kitchen tile installation gta,anchor-city,Commercial,kitchen-tile-installation,Kitchen Tile Installation,Tile,no,,,,,,service page,/services/kitchen-tile-installation/,,,,no
2,30,head,kitchen tile installation quote,quote,Transactional,kitchen-tile-installation,Kitchen Tile Installation,Tile,no,,,,,,service page,/services/kitchen-tile-installation/,,,,no
2,30,head,kitchen tile installation services,hiring,Commercial,kitchen-tile-installation,Kitchen Tile Installation,Tile,no,,,,,,service page,/services/kitchen-tile-installation/,,,,no
2,30,head,best knob and tube removal,comparison,Commercial,knob-and-tube-removal,Knob and Tube Removal,Electrical,no,,,,,,service page,/services/knob-and-tube-removal/,,,,no
2,30,head,knob and tube removal companies,hiring,Commercial,knob-and-tube-removal,Knob and Tube Removal,Electrical,no,,,,,,service page,/services/knob-and-tube-removal/,,,,no
2,30,head,knob and tube removal company,hiring,Commercial,knob-and-tube-removal,Knob and Tube Removal,Electrical,no,,,,,,service page,/services/knob-and-tube-removal/,,,,no
2,30,head,knob and tube removal gta,anchor-city,Commercial,knob-and-tube-removal,Knob and Tube Removal,Electrical,no,,,,,,service page,/services/knob-and-tube-removal/,,,,no
2,30,head,knob and tube removal quote,quote,Transactional,knob-and-tube-removal,Knob and Tube Removal,Electrical,no,,,,,,service page,/services/knob-and-tube-removal/,,,,no
2,30,head,knob and tube removal services,hiring,Commercial,knob-and-tube-removal,Knob and Tube Removal,Electrical,no,,,,,,service page,/services/knob-and-tube-removal/,,,,no
2,30,head,best laneway house construction,comparison,Commercial,laneway-house-construction,Laneway House Construction,Whole Home,no,,,,,,service page,/services/laneway-house-construction/,,,,no
2,30,head,laneway house construction companies,hiring,Commercial,laneway-house-construction,Laneway House Construction,Whole Home,no,,,,,,service page,/services/laneway-house-construction/,,,,no
2,30,head,laneway house construction company,hiring,Commercial,laneway-house-construction,Laneway House Construction,Whole Home,no,,,,,,service page,/services/laneway-house-construction/,,,,no
2,30,head,laneway house construction gta,anchor-city,Commercial,laneway-house-construction,Laneway House Construction,Whole Home,no,,,,,,service page,/services/laneway-house-construction/,,,,no
2,30,head,laneway house construction quote,quote,Transactional,laneway-house-construction,Laneway House Construction,Whole Home,no,,,,,,service page,/services/laneway-house-construction/,,,,no
2,30,head,laneway house construction services,hiring,Commercial,laneway-house-construction,Laneway House Construction,Whole Home,no,,,,,,service page,/services/laneway-house-construction/,,,,no
2,30,head,best large format tile installation,comparison,Commercial,large-format-tile-installation,Large Format Tile Installation,Tile,no,,,,,,service page,/services/large-format-tile-installation/,,,,no
2,30,head,large format tile installation companies,hiring,Commercial,large-format-tile-installation,Large Format Tile Installation,Tile,no,,,,,,service page,/services/large-format-tile-installation/,,,,no
2,30,head,large format tile installation company,hiring,Commercial,large-format-tile-installation,Large Format Tile Installation,Tile,no,,,,,,service page,/services/large-format-tile-installation/,,,,no
2,30,head,large format tile installation gta,anchor-city,Commercial,large-format-tile-installation,Large Format Tile Installation,Tile,no,,,,,,service page,/services/large-format-tile-installation/,,,,no
2,30,head,large format tile installation quote,quote,Transactional,large-format-tile-installation,Large Format Tile Installation,Tile,no,,,,,,service page,/services/large-format-tile-installation/,,,,no
2,30,head,large format tile installation services,hiring,Commercial,large-format-tile-installation,Large Format Tile Installation,Tile,no,,,,,,service page,/services/large-format-tile-installation/,,,,no
2,30,head,best laundry hookup installation,comparison,Commercial,laundry-hookup-installation,Laundry Hookup Installation,Plumbing,no,,,,,,service page,/services/laundry-hookup-installation/,,,,no
2,30,head,laundry hookup installation companies,hiring,Commercial,laundry-hookup-installation,Laundry Hookup Installation,Plumbing,no,,,,,,service page,/services/laundry-hookup-installation/,,,,no
2,30,head,laundry hookup installation company,hiring,Commercial,laundry-hookup-installation,Laundry Hookup Installation,Plumbing,no,,,,,,service page,/services/laundry-hookup-installation/,,,,no
2,30,head,laundry hookup installation gta,anchor-city,Commercial,laundry-hookup-installation,Laundry Hookup Installation,Plumbing,no,,,,,,service page,/services/laundry-hookup-installation/,,,,no
2,30,head,laundry hookup installation quote,quote,Transactional,laundry-hookup-installation,Laundry Hookup Installation,Plumbing,no,,,,,,service page,/services/laundry-hookup-installation/,,,,no
2,30,head,laundry hookup installation services,hiring,Commercial,laundry-hookup-installation,Laundry Hookup Installation,Plumbing,no,,,,,,service page,/services/laundry-hookup-installation/,,,,no
2,30,head,best laundry room renovation,comparison,Commercial,laundry-room-renovation,Laundry Room Renovation,Specialty Rooms,no,,,,,,service page,/services/laundry-room-renovation/,,,,no
2,30,head,laundry room renovation companies,hiring,Commercial,laundry-room-renovation,Laundry Room Renovation,Specialty Rooms,no,,,,,,service page,/services/laundry-room-renovation/,,,,no
2,30,head,laundry room renovation company,hiring,Commercial,laundry-room-renovation,Laundry Room Renovation,Specialty Rooms,no,,,,,,service page,/services/laundry-room-renovation/,,,,no
2,30,head,laundry room renovation gta,anchor-city,Commercial,laundry-room-renovation,Laundry Room Renovation,Specialty Rooms,no,,,,,,service page,/services/laundry-room-renovation/,,,,no
2,30,head,laundry room renovation quote,quote,Transactional,laundry-room-renovation,Laundry Room Renovation,Specialty Rooms,no,,,,,,service page,/services/laundry-room-renovation/,,,,no
2,30,head,laundry room renovation services,hiring,Commercial,laundry-room-renovation,Laundry Room Renovation,Specialty Rooms,no,,,,,,service page,/services/laundry-room-renovation/,,,,no
2,30,head,best light fixture installation,comparison,Commercial,light-fixture-installation,Light Fixture Installation,Electrical,no,,,,,,service page,/services/light-fixture-installation/,,,,no
2,30,head,light fixture installation companies,hiring,Commercial,light-fixture-installation,Light Fixture Installation,Electrical,no,,,,,,service page,/services/light-fixture-installation/,,,,no
2,30,head,light fixture installation company,hiring,Commercial,light-fixture-installation,Light Fixture Installation,Electrical,no,,,,,,service page,/services/light-fixture-installation/,,,,no
2,30,head,light fixture installation gta,anchor-city,Commercial,light-fixture-installation,Light Fixture Installation,Electrical,no,,,,,,service page,/services/light-fixture-installation/,,,,no
2,30,head,light fixture installation quote,quote,Transactional,light-fixture-installation,Light Fixture Installation,Electrical,no,,,,,,service page,/services/light-fixture-installation/,,,,no
2,30,head,light fixture installation services,hiring,Commercial,light-fixture-installation,Light Fixture Installation,Electrical,no,,,,,,service page,/services/light-fixture-installation/,,,,no
2,30,head,best load bearing wall removal,comparison,Commercial,load-bearing-wall-removal,Load Bearing Wall Removal,Whole Home,no,,,,,,service page,/services/load-bearing-wall-removal/,,,,no
2,30,head,load bearing wall removal companies,hiring,Commercial,load-bearing-wall-removal,Load Bearing Wall Removal,Whole Home,no,,,,,,service page,/services/load-bearing-wall-removal/,,,,no
2,30,head,load bearing wall removal company,hiring,Commercial,load-bearing-wall-removal,Load Bearing Wall Removal,Whole Home,no,,,,,,service page,/services/load-bearing-wall-removal/,,,,no
2,30,head,load bearing wall removal gta,anchor-city,Commercial,load-bearing-wall-removal,Load Bearing Wall Removal,Whole Home,no,,,,,,service page,/services/load-bearing-wall-removal/,,,,no
2,30,head,load bearing wall removal quote,quote,Transactional,load-bearing-wall-removal,Load Bearing Wall Removal,Whole Home,no,,,,,,service page,/services/load-bearing-wall-removal/,,,,no
2,30,head,load bearing wall removal services,hiring,Commercial,load-bearing-wall-removal,Load Bearing Wall Removal,Whole Home,no,,,,,,service page,/services/load-bearing-wall-removal/,,,,no
2,30,head,best marble tile installation,comparison,Commercial,marble-tile-installation,Marble Tile Installation,Tile,no,,,,,,service page,/services/marble-tile-installation/,,,,no
2,30,head,marble tile installation companies,hiring,Commercial,marble-tile-installation,Marble Tile Installation,Tile,no,,,,,,service page,/services/marble-tile-installation/,,,,no
2,30,head,marble tile installation company,hiring,Commercial,marble-tile-installation,Marble Tile Installation,Tile,no,,,,,,service page,/services/marble-tile-installation/,,,,no
2,30,head,marble tile installation gta,anchor-city,Commercial,marble-tile-installation,Marble Tile Installation,Tile,no,,,,,,service page,/services/marble-tile-installation/,,,,no
2,30,head,marble tile installation quote,quote,Transactional,marble-tile-installation,Marble Tile Installation,Tile,no,,,,,,service page,/services/marble-tile-installation/,,,,no
2,30,head,marble tile installation services,hiring,Commercial,marble-tile-installation,Marble Tile Installation,Tile,no,,,,,,service page,/services/marble-tile-installation/,,,,no
2,31,head,best masonry contractor,comparison,Commercial,masonry-contractor,Masonry Contractor,Concrete & Masonry,no,,,,,,service page,/services/masonry-contractor/,,,,no
2,31,head,masonry contractor companies,hiring,Commercial,masonry-contractor,Masonry Contractor,Concrete & Masonry,no,,,,,,service page,/services/masonry-contractor/,,,,no
2,31,head,masonry contractor company,hiring,Commercial,masonry-contractor,Masonry Contractor,Concrete & Masonry,no,,,,,,service page,/services/masonry-contractor/,,,,no
2,31,head,masonry contractor gta,anchor-city,Commercial,masonry-contractor,Masonry Contractor,Concrete & Masonry,no,,,,,,service page,/services/masonry-contractor/,,,,no
2,31,head,masonry contractor quote,quote,Transactional,masonry-contractor,Masonry Contractor,Concrete & Masonry,no,,,,,,service page,/services/masonry-contractor/,,,,no
2,31,head,masonry contractor services,hiring,Commercial,masonry-contractor,Masonry Contractor,Concrete & Masonry,no,,,,,,service page,/services/masonry-contractor/,,,,no
2,31,head,best metal roof installation,comparison,Commercial,metal-roof-installation,Metal Roof Installation,Roofing,no,,,,,,service page,/services/metal-roof-installation/,,,,no
2,31,head,metal roof installation companies,hiring,Commercial,metal-roof-installation,Metal Roof Installation,Roofing,no,,,,,,service page,/services/metal-roof-installation/,,,,no
2,31,head,metal roof installation company,hiring,Commercial,metal-roof-installation,Metal Roof Installation,Roofing,no,,,,,,service page,/services/metal-roof-installation/,,,,no
2,31,head,metal roof installation gta,anchor-city,Commercial,metal-roof-installation,Metal Roof Installation,Roofing,no,,,,,,service page,/services/metal-roof-installation/,,,,no
2,31,head,metal roof installation quote,quote,Transactional,metal-roof-installation,Metal Roof Installation,Roofing,no,,,,,,service page,/services/metal-roof-installation/,,,,no
2,31,head,metal roof installation services,hiring,Commercial,metal-roof-installation,Metal Roof Installation,Roofing,no,,,,,,service page,/services/metal-roof-installation/,,,,no
2,31,head,best mosaic tile installation,comparison,Commercial,mosaic-tile-installation,Mosaic Tile Installation,Tile,no,,,,,,service page,/services/mosaic-tile-installation/,,,,no
2,31,head,mosaic tile installation companies,hiring,Commercial,mosaic-tile-installation,Mosaic Tile Installation,Tile,no,,,,,,service page,/services/mosaic-tile-installation/,,,,no
2,31,head,mosaic tile installation company,hiring,Commercial,mosaic-tile-installation,Mosaic Tile Installation,Tile,no,,,,,,service page,/services/mosaic-tile-installation/,,,,no
2,31,head,mosaic tile installation gta,anchor-city,Commercial,mosaic-tile-installation,Mosaic Tile Installation,Tile,no,,,,,,service page,/services/mosaic-tile-installation/,,,,no
2,31,head,mosaic tile installation quote,quote,Transactional,mosaic-tile-installation,Mosaic Tile Installation,Tile,no,,,,,,service page,/services/mosaic-tile-installation/,,,,no
2,31,head,mosaic tile installation services,hiring,Commercial,mosaic-tile-installation,Mosaic Tile Installation,Tile,no,,,,,,service page,/services/mosaic-tile-installation/,,,,no
2,31,head,best mould remediation,comparison,Commercial,mould-remediation,Mould Remediation,Waterproofing,no,,,,,,service page,/services/mould-remediation/,,,,no
2,31,head,mould remediation companies,hiring,Commercial,mould-remediation,Mould Remediation,Waterproofing,no,,,,,,service page,/services/mould-remediation/,,,,no
2,31,head,mould remediation company,hiring,Commercial,mould-remediation,Mould Remediation,Waterproofing,no,,,,,,service page,/services/mould-remediation/,,,,no
2,31,head,mould remediation gta,anchor-city,Commercial,mould-remediation,Mould Remediation,Waterproofing,no,,,,,,service page,/services/mould-remediation/,,,,no
2,31,head,mould remediation quote,quote,Transactional,mould-remediation,Mould Remediation,Waterproofing,no,,,,,,service page,/services/mould-remediation/,,,,no
2,31,head,mould remediation services,hiring,Commercial,mould-remediation,Mould Remediation,Waterproofing,no,,,,,,service page,/services/mould-remediation/,,,,no
2,31,head,best mudroom built in cabinets,comparison,Commercial,mudroom-built-ins,Mudroom Built-Ins,Cabinetry & Storage,no,,,,,,service page,/services/mudroom-built-ins/,,,,no
2,31,head,mudroom built in cabinets companies,hiring,Commercial,mudroom-built-ins,Mudroom Built-Ins,Cabinetry & Storage,no,,,,,,service page,/services/mudroom-built-ins/,,,,no
2,31,head,mudroom built in cabinets company,hiring,Commercial,mudroom-built-ins,Mudroom Built-Ins,Cabinetry & Storage,no,,,,,,service page,/services/mudroom-built-ins/,,,,no
2,31,head,mudroom built in cabinets gta,anchor-city,Commercial,mudroom-built-ins,Mudroom Built-Ins,Cabinetry & Storage,no,,,,,,service page,/services/mudroom-built-ins/,,,,no
2,31,head,mudroom built in cabinets quote,quote,Transactional,mudroom-built-ins,Mudroom Built-Ins,Cabinetry & Storage,no,,,,,,service page,/services/mudroom-built-ins/,,,,no
2,31,head,mudroom built in cabinets services,hiring,Commercial,mudroom-built-ins,Mudroom Built-Ins,Cabinetry & Storage,no,,,,,,service page,/services/mudroom-built-ins/,,,,no
2,31,head,best mudroom renovation,comparison,Commercial,mudroom-renovation,Mudroom Renovation,Specialty Rooms,no,,,,,,service page,/services/mudroom-renovation/,,,,no
2,31,head,mudroom renovation companies,hiring,Commercial,mudroom-renovation,Mudroom Renovation,Specialty Rooms,no,,,,,,service page,/services/mudroom-renovation/,,,,no
2,31,head,mudroom renovation company,hiring,Commercial,mudroom-renovation,Mudroom Renovation,Specialty Rooms,no,,,,,,service page,/services/mudroom-renovation/,,,,no
2,31,head,mudroom renovation gta,anchor-city,Commercial,mudroom-renovation,Mudroom Renovation,Specialty Rooms,no,,,,,,service page,/services/mudroom-renovation/,,,,no
2,31,head,mudroom renovation quote,quote,Transactional,mudroom-renovation,Mudroom Renovation,Specialty Rooms,no,,,,,,service page,/services/mudroom-renovation/,,,,no
2,31,head,mudroom renovation services,hiring,Commercial,mudroom-renovation,Mudroom Renovation,Specialty Rooms,no,,,,,,service page,/services/mudroom-renovation/,,,,no
2,31,head,best multi level deck building,comparison,Commercial,multi-level-deck-building,Multi-Level Deck Building,Decks,no,,,,,,service page,/services/multi-level-deck-building/,,,,no
2,31,head,multi level deck building companies,hiring,Commercial,multi-level-deck-building,Multi-Level Deck Building,Decks,no,,,,,,service page,/services/multi-level-deck-building/,,,,no
2,31,head,multi level deck building company,hiring,Commercial,multi-level-deck-building,Multi-Level Deck Building,Decks,no,,,,,,service page,/services/multi-level-deck-building/,,,,no
2,31,head,multi level deck building gta,anchor-city,Commercial,multi-level-deck-building,Multi-Level Deck Building,Decks,no,,,,,,service page,/services/multi-level-deck-building/,,,,no
2,31,head,multi level deck building quote,quote,Transactional,multi-level-deck-building,Multi-Level Deck Building,Decks,no,,,,,,service page,/services/multi-level-deck-building/,,,,no
2,31,head,multi level deck building services,hiring,Commercial,multi-level-deck-building,Multi-Level Deck Building,Decks,no,,,,,,service page,/services/multi-level-deck-building/,,,,no
2,31,head,best nursery renovation,comparison,Commercial,nursery-renovation,Nursery Renovation,Specialty Rooms,no,,,,,,service page,/services/nursery-renovation/,,,,no
2,31,head,nursery renovation companies,hiring,Commercial,nursery-renovation,Nursery Renovation,Specialty Rooms,no,,,,,,service page,/services/nursery-renovation/,,,,no
2,31,head,nursery renovation company,hiring,Commercial,nursery-renovation,Nursery Renovation,Specialty Rooms,no,,,,,,service page,/services/nursery-renovation/,,,,no
2,31,head,nursery renovation gta,anchor-city,Commercial,nursery-renovation,Nursery Renovation,Specialty Rooms,no,,,,,,service page,/services/nursery-renovation/,,,,no
2,31,head,nursery renovation quote,quote,Transactional,nursery-renovation,Nursery Renovation,Specialty Rooms,no,,,,,,service page,/services/nursery-renovation/,,,,no
2,31,head,nursery renovation services,hiring,Commercial,nursery-renovation,Nursery Renovation,Specialty Rooms,no,,,,,,service page,/services/nursery-renovation/,,,,no
2,31,head,best open concept renovation,comparison,Commercial,open-concept-renovation,Open Concept Renovation,Whole Home,no,,,,,,service page,/services/open-concept-renovation/,,,,no
2,31,head,open concept renovation companies,hiring,Commercial,open-concept-renovation,Open Concept Renovation,Whole Home,no,,,,,,service page,/services/open-concept-renovation/,,,,no
2,31,head,open concept renovation company,hiring,Commercial,open-concept-renovation,Open Concept Renovation,Whole Home,no,,,,,,service page,/services/open-concept-renovation/,,,,no
2,31,head,open concept renovation gta,anchor-city,Commercial,open-concept-renovation,Open Concept Renovation,Whole Home,no,,,,,,service page,/services/open-concept-renovation/,,,,no
2,31,head,open concept renovation quote,quote,Transactional,open-concept-renovation,Open Concept Renovation,Whole Home,no,,,,,,service page,/services/open-concept-renovation/,,,,no
2,31,head,open concept renovation services,hiring,Commercial,open-concept-renovation,Open Concept Renovation,Whole Home,no,,,,,,service page,/services/open-concept-renovation/,,,,no
2,31,head,best outlet installation,comparison,Commercial,outlet-installation,Outlet Installation,Electrical,no,,,,,,service page,/services/outlet-installation/,,,,no
2,31,head,outlet installation companies,hiring,Commercial,outlet-installation,Outlet Installation,Electrical,no,,,,,,service page,/services/outlet-installation/,,,,no
2,31,head,outlet installation company,hiring,Commercial,outlet-installation,Outlet Installation,Electrical,no,,,,,,service page,/services/outlet-installation/,,,,no
2,31,head,outlet installation gta,anchor-city,Commercial,outlet-installation,Outlet Installation,Electrical,no,,,,,,service page,/services/outlet-installation/,,,,no
2,31,head,outlet installation quote,quote,Transactional,outlet-installation,Outlet Installation,Electrical,no,,,,,,service page,/services/outlet-installation/,,,,no
2,31,head,outlet installation services,hiring,Commercial,outlet-installation,Outlet Installation,Electrical,no,,,,,,service page,/services/outlet-installation/,,,,no
2,31,head,best panel moulding installation,comparison,Commercial,panel-moulding-installation,Panel Moulding Installation,Trim & Millwork,no,,,,,,service page,/services/panel-moulding-installation/,,,,no
2,31,head,panel moulding installation companies,hiring,Commercial,panel-moulding-installation,Panel Moulding Installation,Trim & Millwork,no,,,,,,service page,/services/panel-moulding-installation/,,,,no
2,31,head,panel moulding installation company,hiring,Commercial,panel-moulding-installation,Panel Moulding Installation,Trim & Millwork,no,,,,,,service page,/services/panel-moulding-installation/,,,,no
2,31,head,panel moulding installation gta,anchor-city,Commercial,panel-moulding-installation,Panel Moulding Installation,Trim & Millwork,no,,,,,,service page,/services/panel-moulding-installation/,,,,no
2,31,head,panel moulding installation quote,quote,Transactional,panel-moulding-installation,Panel Moulding Installation,Trim & Millwork,no,,,,,,service page,/services/panel-moulding-installation/,,,,no
2,31,head,panel moulding installation services,hiring,Commercial,panel-moulding-installation,Panel Moulding Installation,Trim & Millwork,no,,,,,,service page,/services/panel-moulding-installation/,,,,no
2,31,head,best pantry installation,comparison,Commercial,pantry-installation,Pantry Installation,Kitchen,no,,,,,,service page,/services/pantry-installation/,,,,no
2,31,head,pantry installation companies,hiring,Commercial,pantry-installation,Pantry Installation,Kitchen,no,,,,,,service page,/services/pantry-installation/,,,,no
2,31,head,pantry installation company,hiring,Commercial,pantry-installation,Pantry Installation,Kitchen,no,,,,,,service page,/services/pantry-installation/,,,,no
2,31,head,pantry installation gta,anchor-city,Commercial,pantry-installation,Pantry Installation,Kitchen,no,,,,,,service page,/services/pantry-installation/,,,,no
2,31,head,pantry installation quote,quote,Transactional,pantry-installation,Pantry Installation,Kitchen,no,,,,,,service page,/services/pantry-installation/,,,,no
2,31,head,pantry installation services,hiring,Commercial,pantry-installation,Pantry Installation,Kitchen,no,,,,,,service page,/services/pantry-installation/,,,,no
2,31,head,best pantry renovation,comparison,Commercial,pantry-renovation,Pantry Renovation,Specialty Rooms,no,,,,,,service page,/services/pantry-renovation/,,,,no
2,31,head,pantry renovation companies,hiring,Commercial,pantry-renovation,Pantry Renovation,Specialty Rooms,no,,,,,,service page,/services/pantry-renovation/,,,,no
2,31,head,pantry renovation company,hiring,Commercial,pantry-renovation,Pantry Renovation,Specialty Rooms,no,,,,,,service page,/services/pantry-renovation/,,,,no
2,31,head,pantry renovation gta,anchor-city,Commercial,pantry-renovation,Pantry Renovation,Specialty Rooms,no,,,,,,service page,/services/pantry-renovation/,,,,no
2,31,head,pantry renovation quote,quote,Transactional,pantry-renovation,Pantry Renovation,Specialty Rooms,no,,,,,,service page,/services/pantry-renovation/,,,,no
2,31,head,pantry renovation services,hiring,Commercial,pantry-renovation,Pantry Renovation,Specialty Rooms,no,,,,,,service page,/services/pantry-renovation/,,,,no
2,31,head,best parging,comparison,Commercial,parging,Parging,Concrete & Masonry,no,,,,,,service page,/services/parging/,,,,no
2,31,head,parging companies,hiring,Commercial,parging,Parging,Concrete & Masonry,no,,,,,,service page,/services/parging/,,,,no
2,31,head,parging company,hiring,Commercial,parging,Parging,Concrete & Masonry,no,,,,,,service page,/services/parging/,,,,no
2,31,head,parging gta,anchor-city,Commercial,parging,Parging,Concrete & Masonry,no,,,,,,service page,/services/parging/,,,,no
2,31,head,parging quote,quote,Transactional,parging,Parging,Concrete & Masonry,no,,,,,,service page,/services/parging/,,,,no
2,31,head,parging services,hiring,Commercial,parging,Parging,Concrete & Masonry,no,,,,,,service page,/services/parging/,,,,no
2,31,head,best patio door installation,comparison,Commercial,patio-door-installation,Patio Door Installation,Doors,no,,,,,,service page,/services/patio-door-installation/,,,,no
2,31,head,patio door installation companies,hiring,Commercial,patio-door-installation,Patio Door Installation,Doors,no,,,,,,service page,/services/patio-door-installation/,,,,no
2,31,head,patio door installation company,hiring,Commercial,patio-door-installation,Patio Door Installation,Doors,no,,,,,,service page,/services/patio-door-installation/,,,,no
2,31,head,patio door installation gta,anchor-city,Commercial,patio-door-installation,Patio Door Installation,Doors,no,,,,,,service page,/services/patio-door-installation/,,,,no
2,31,head,patio door installation quote,quote,Transactional,patio-door-installation,Patio Door Installation,Doors,no,,,,,,service page,/services/patio-door-installation/,,,,no
2,31,head,patio door installation services,hiring,Commercial,patio-door-installation,Patio Door Installation,Doors,no,,,,,,service page,/services/patio-door-installation/,,,,no
2,31,head,best pergola building,comparison,Commercial,pergola-building,Pergola Building,Decks,no,,,,,,service page,/services/pergola-building/,,,,no
2,31,head,pergola building companies,hiring,Commercial,pergola-building,Pergola Building,Decks,no,,,,,,service page,/services/pergola-building/,,,,no
2,31,head,pergola building company,hiring,Commercial,pergola-building,Pergola Building,Decks,no,,,,,,service page,/services/pergola-building/,,,,no
2,31,head,pergola building gta,anchor-city,Commercial,pergola-building,Pergola Building,Decks,no,,,,,,service page,/services/pergola-building/,,,,no
2,31,head,pergola building quote,quote,Transactional,pergola-building,Pergola Building,Decks,no,,,,,,service page,/services/pergola-building/,,,,no
2,31,head,pergola building services,hiring,Commercial,pergola-building,Pergola Building,Decks,no,,,,,,service page,/services/pergola-building/,,,,no
2,31,head,best plaster repair,comparison,Commercial,plaster-repair,Plaster Repair,Drywall & Ceilings,no,,,,,,service page,/services/plaster-repair/,,,,no
2,31,head,plaster repair companies,hiring,Commercial,plaster-repair,Plaster Repair,Drywall & Ceilings,no,,,,,,service page,/services/plaster-repair/,,,,no
2,31,head,plaster repair company,hiring,Commercial,plaster-repair,Plaster Repair,Drywall & Ceilings,no,,,,,,service page,/services/plaster-repair/,,,,no
2,31,head,plaster repair gta,anchor-city,Commercial,plaster-repair,Plaster Repair,Drywall & Ceilings,no,,,,,,service page,/services/plaster-repair/,,,,no
2,32,head,plaster repair quote,quote,Transactional,plaster-repair,Plaster Repair,Drywall & Ceilings,no,,,,,,service page,/services/plaster-repair/,,,,no
2,32,head,plaster repair services,hiring,Commercial,plaster-repair,Plaster Repair,Drywall & Ceilings,no,,,,,,service page,/services/plaster-repair/,,,,no
2,32,head,best plumbing rough in,comparison,Commercial,plumbing-rough-in,Plumbing Rough-In,Plumbing,no,,,,,,service page,/services/plumbing-rough-in/,,,,no
2,32,head,plumbing rough in companies,hiring,Commercial,plumbing-rough-in,Plumbing Rough-In,Plumbing,no,,,,,,service page,/services/plumbing-rough-in/,,,,no
2,32,head,plumbing rough in company,hiring,Commercial,plumbing-rough-in,Plumbing Rough-In,Plumbing,no,,,,,,service page,/services/plumbing-rough-in/,,,,no
2,32,head,plumbing rough in gta,anchor-city,Commercial,plumbing-rough-in,Plumbing Rough-In,Plumbing,no,,,,,,service page,/services/plumbing-rough-in/,,,,no
2,32,head,plumbing rough in quote,quote,Transactional,plumbing-rough-in,Plumbing Rough-In,Plumbing,no,,,,,,service page,/services/plumbing-rough-in/,,,,no
2,32,head,plumbing rough in services,hiring,Commercial,plumbing-rough-in,Plumbing Rough-In,Plumbing,no,,,,,,service page,/services/plumbing-rough-in/,,,,no
2,32,head,best pocket door installation,comparison,Commercial,pocket-door-installation,Pocket Door Installation,Doors,no,,,,,,service page,/services/pocket-door-installation/,,,,no
2,32,head,pocket door installation companies,hiring,Commercial,pocket-door-installation,Pocket Door Installation,Doors,no,,,,,,service page,/services/pocket-door-installation/,,,,no
2,32,head,pocket door installation company,hiring,Commercial,pocket-door-installation,Pocket Door Installation,Doors,no,,,,,,service page,/services/pocket-door-installation/,,,,no
2,32,head,pocket door installation gta,anchor-city,Commercial,pocket-door-installation,Pocket Door Installation,Doors,no,,,,,,service page,/services/pocket-door-installation/,,,,no
2,32,head,pocket door installation quote,quote,Transactional,pocket-door-installation,Pocket Door Installation,Doors,no,,,,,,service page,/services/pocket-door-installation/,,,,no
2,32,head,pocket door installation services,hiring,Commercial,pocket-door-installation,Pocket Door Installation,Doors,no,,,,,,service page,/services/pocket-door-installation/,,,,no
2,32,head,best popcorn ceiling removal,comparison,Commercial,popcorn-ceiling-removal,Popcorn Ceiling Removal,Drywall & Ceilings,no,,,,,,service page,/services/popcorn-ceiling-removal/,,,,no
2,32,head,popcorn ceiling removal companies,hiring,Commercial,popcorn-ceiling-removal,Popcorn Ceiling Removal,Drywall & Ceilings,no,,,,,,service page,/services/popcorn-ceiling-removal/,,,,no
2,32,head,popcorn ceiling removal company,hiring,Commercial,popcorn-ceiling-removal,Popcorn Ceiling Removal,Drywall & Ceilings,no,,,,,,service page,/services/popcorn-ceiling-removal/,,,,no
2,32,head,popcorn ceiling removal gta,anchor-city,Commercial,popcorn-ceiling-removal,Popcorn Ceiling Removal,Drywall & Ceilings,no,,,,,,service page,/services/popcorn-ceiling-removal/,,,,no
2,32,head,popcorn ceiling removal quote,quote,Transactional,popcorn-ceiling-removal,Popcorn Ceiling Removal,Drywall & Ceilings,no,,,,,,service page,/services/popcorn-ceiling-removal/,,,,no
2,32,head,popcorn ceiling removal services,hiring,Commercial,popcorn-ceiling-removal,Popcorn Ceiling Removal,Drywall & Ceilings,no,,,,,,service page,/services/popcorn-ceiling-removal/,,,,no
2,32,head,best porcelain tile installation,comparison,Commercial,porcelain-tile-installation,Porcelain Tile Installation,Tile,no,,,,,,service page,/services/porcelain-tile-installation/,,,,no
2,32,head,porcelain tile installation companies,hiring,Commercial,porcelain-tile-installation,Porcelain Tile Installation,Tile,no,,,,,,service page,/services/porcelain-tile-installation/,,,,no
2,32,head,porcelain tile installation company,hiring,Commercial,porcelain-tile-installation,Porcelain Tile Installation,Tile,no,,,,,,service page,/services/porcelain-tile-installation/,,,,no
2,32,head,porcelain tile installation gta,anchor-city,Commercial,porcelain-tile-installation,Porcelain Tile Installation,Tile,no,,,,,,service page,/services/porcelain-tile-installation/,,,,no
2,32,head,porcelain tile installation quote,quote,Transactional,porcelain-tile-installation,Porcelain Tile Installation,Tile,no,,,,,,service page,/services/porcelain-tile-installation/,,,,no
2,32,head,porcelain tile installation services,hiring,Commercial,porcelain-tile-installation,Porcelain Tile Installation,Tile,no,,,,,,service page,/services/porcelain-tile-installation/,,,,no
2,32,head,best porch building,comparison,Commercial,porch-building,Porch Building,Decks,no,,,,,,service page,/services/porch-building/,,,,no
2,32,head,porch building companies,hiring,Commercial,porch-building,Porch Building,Decks,no,,,,,,service page,/services/porch-building/,,,,no
2,32,head,porch building company,hiring,Commercial,porch-building,Porch Building,Decks,no,,,,,,service page,/services/porch-building/,,,,no
2,32,head,porch building gta,anchor-city,Commercial,porch-building,Porch Building,Decks,no,,,,,,service page,/services/porch-building/,,,,no
2,32,head,porch building quote,quote,Transactional,porch-building,Porch Building,Decks,no,,,,,,service page,/services/porch-building/,,,,no
2,32,head,porch building services,hiring,Commercial,porch-building,Porch Building,Decks,no,,,,,,service page,/services/porch-building/,,,,no
2,32,head,best porch renovation,comparison,Commercial,porch-renovation,Porch Renovation,Exterior & Siding,no,,,,,,service page,/services/porch-renovation/,,,,no
2,32,head,porch renovation companies,hiring,Commercial,porch-renovation,Porch Renovation,Exterior & Siding,no,,,,,,service page,/services/porch-renovation/,,,,no
2,32,head,porch renovation company,hiring,Commercial,porch-renovation,Porch Renovation,Exterior & Siding,no,,,,,,service page,/services/porch-renovation/,,,,no
2,32,head,porch renovation gta,anchor-city,Commercial,porch-renovation,Porch Renovation,Exterior & Siding,no,,,,,,service page,/services/porch-renovation/,,,,no
2,32,head,porch renovation quote,quote,Transactional,porch-renovation,Porch Renovation,Exterior & Siding,no,,,,,,service page,/services/porch-renovation/,,,,no
2,32,head,porch renovation services,hiring,Commercial,porch-renovation,Porch Renovation,Exterior & Siding,no,,,,,,service page,/services/porch-renovation/,,,,no
2,32,head,best powder room renovation,comparison,Commercial,powder-room-renovation,Powder Room Renovation,Bathroom,no,,,,,,service page,/services/powder-room-renovation/,,,,no
2,32,head,powder room renovation companies,hiring,Commercial,powder-room-renovation,Powder Room Renovation,Bathroom,no,,,,,,service page,/services/powder-room-renovation/,,,,no
2,32,head,powder room renovation company,hiring,Commercial,powder-room-renovation,Powder Room Renovation,Bathroom,no,,,,,,service page,/services/powder-room-renovation/,,,,no
2,32,head,powder room renovation gta,anchor-city,Commercial,powder-room-renovation,Powder Room Renovation,Bathroom,no,,,,,,service page,/services/powder-room-renovation/,,,,no
2,32,head,powder room renovation quote,quote,Transactional,powder-room-renovation,Powder Room Renovation,Bathroom,no,,,,,,service page,/services/powder-room-renovation/,,,,no
2,32,head,powder room renovation services,hiring,Commercial,powder-room-renovation,Powder Room Renovation,Bathroom,no,,,,,,service page,/services/powder-room-renovation/,,,,no
2,32,head,best privacy fence installation,comparison,Commercial,privacy-fence-installation,Privacy Fence Installation,Fences,no,,,,,,service page,/services/privacy-fence-installation/,,,,no
2,32,head,privacy fence installation companies,hiring,Commercial,privacy-fence-installation,Privacy Fence Installation,Fences,no,,,,,,service page,/services/privacy-fence-installation/,,,,no
2,32,head,privacy fence installation company,hiring,Commercial,privacy-fence-installation,Privacy Fence Installation,Fences,no,,,,,,service page,/services/privacy-fence-installation/,,,,no
2,32,head,privacy fence installation gta,anchor-city,Commercial,privacy-fence-installation,Privacy Fence Installation,Fences,no,,,,,,service page,/services/privacy-fence-installation/,,,,no
2,32,head,privacy fence installation quote,quote,Transactional,privacy-fence-installation,Privacy Fence Installation,Fences,no,,,,,,service page,/services/privacy-fence-installation/,,,,no
2,32,head,privacy fence installation services,hiring,Commercial,privacy-fence-installation,Privacy Fence Installation,Fences,no,,,,,,service page,/services/privacy-fence-installation/,,,,no
2,32,head,best quartz countertop installation,comparison,Commercial,quartz-countertop-installation,Quartz Countertop Installation,Kitchen,no,,,,,,service page,/services/quartz-countertop-installation/,,,,no
2,32,head,quartz countertop installation companies,hiring,Commercial,quartz-countertop-installation,Quartz Countertop Installation,Kitchen,no,,,,,,service page,/services/quartz-countertop-installation/,,,,no
2,32,head,quartz countertop installation company,hiring,Commercial,quartz-countertop-installation,Quartz Countertop Installation,Kitchen,no,,,,,,service page,/services/quartz-countertop-installation/,,,,no
2,32,head,quartz countertop installation gta,anchor-city,Commercial,quartz-countertop-installation,Quartz Countertop Installation,Kitchen,no,,,,,,service page,/services/quartz-countertop-installation/,,,,no
2,32,head,quartz countertop installation quote,quote,Transactional,quartz-countertop-installation,Quartz Countertop Installation,Kitchen,no,,,,,,service page,/services/quartz-countertop-installation/,,,,no
2,32,head,quartz countertop installation services,hiring,Commercial,quartz-countertop-installation,Quartz Countertop Installation,Kitchen,no,,,,,,service page,/services/quartz-countertop-installation/,,,,no
2,32,head,best range hood installation,comparison,Commercial,range-hood-installation,Range Hood Installation,Kitchen,no,,,,,,service page,/services/range-hood-installation/,,,,no
2,32,head,range hood installation companies,hiring,Commercial,range-hood-installation,Range Hood Installation,Kitchen,no,,,,,,service page,/services/range-hood-installation/,,,,no
2,32,head,range hood installation company,hiring,Commercial,range-hood-installation,Range Hood Installation,Kitchen,no,,,,,,service page,/services/range-hood-installation/,,,,no
2,32,head,range hood installation gta,anchor-city,Commercial,range-hood-installation,Range Hood Installation,Kitchen,no,,,,,,service page,/services/range-hood-installation/,,,,no
2,32,head,range hood installation quote,quote,Transactional,range-hood-installation,Range Hood Installation,Kitchen,no,,,,,,service page,/services/range-hood-installation/,,,,no
2,32,head,range hood installation services,hiring,Commercial,range-hood-installation,Range Hood Installation,Kitchen,no,,,,,,service page,/services/range-hood-installation/,,,,no
2,32,head,best rear addition,comparison,Commercial,rear-addition,Rear Addition,Whole Home,no,,,,,,service page,/services/rear-addition/,,,,no
2,32,head,rear addition companies,hiring,Commercial,rear-addition,Rear Addition,Whole Home,no,,,,,,service page,/services/rear-addition/,,,,no
2,32,head,rear addition company,hiring,Commercial,rear-addition,Rear Addition,Whole Home,no,,,,,,service page,/services/rear-addition/,,,,no
2,32,head,rear addition gta,anchor-city,Commercial,rear-addition,Rear Addition,Whole Home,no,,,,,,service page,/services/rear-addition/,,,,no
2,32,head,rear addition quote,quote,Transactional,rear-addition,Rear Addition,Whole Home,no,,,,,,service page,/services/rear-addition/,,,,no
2,32,head,rear addition services,hiring,Commercial,rear-addition,Rear Addition,Whole Home,no,,,,,,service page,/services/rear-addition/,,,,no
2,32,head,best regrouting,comparison,Commercial,regrouting,Regrouting,Tile,no,,,,,,service page,/services/regrouting/,,,,no
2,32,head,regrouting companies,hiring,Commercial,regrouting,Regrouting,Tile,no,,,,,,service page,/services/regrouting/,,,,no
2,32,head,regrouting company,hiring,Commercial,regrouting,Regrouting,Tile,no,,,,,,service page,/services/regrouting/,,,,no
2,32,head,regrouting gta,anchor-city,Commercial,regrouting,Regrouting,Tile,no,,,,,,service page,/services/regrouting/,,,,no
2,32,head,regrouting quote,quote,Transactional,regrouting,Regrouting,Tile,no,,,,,,service page,/services/regrouting/,,,,no
2,32,head,regrouting services,hiring,Commercial,regrouting,Regrouting,Tile,no,,,,,,service page,/services/regrouting/,,,,no
2,32,head,best renovation junk removal,comparison,Commercial,renovation-junk-removal,Renovation Junk Removal,Demolition & Prep,no,,,,,,service page,/services/renovation-junk-removal/,,,,no
2,32,head,renovation junk removal companies,hiring,Commercial,renovation-junk-removal,Renovation Junk Removal,Demolition & Prep,no,,,,,,service page,/services/renovation-junk-removal/,,,,no
2,32,head,renovation junk removal company,hiring,Commercial,renovation-junk-removal,Renovation Junk Removal,Demolition & Prep,no,,,,,,service page,/services/renovation-junk-removal/,,,,no
2,32,head,renovation junk removal gta,anchor-city,Commercial,renovation-junk-removal,Renovation Junk Removal,Demolition & Prep,no,,,,,,service page,/services/renovation-junk-removal/,,,,no
2,32,head,renovation junk removal quote,quote,Transactional,renovation-junk-removal,Renovation Junk Removal,Demolition & Prep,no,,,,,,service page,/services/renovation-junk-removal/,,,,no
2,32,head,renovation junk removal services,hiring,Commercial,renovation-junk-removal,Renovation Junk Removal,Demolition & Prep,no,,,,,,service page,/services/renovation-junk-removal/,,,,no
2,32,head,best house repiping,comparison,Commercial,repiping,Repiping,Plumbing,no,,,,,,service page,/services/repiping/,,,,no
2,32,head,house repiping companies,hiring,Commercial,repiping,Repiping,Plumbing,no,,,,,,service page,/services/repiping/,,,,no
2,32,head,house repiping company,hiring,Commercial,repiping,Repiping,Plumbing,no,,,,,,service page,/services/repiping/,,,,no
2,32,head,house repiping gta,anchor-city,Commercial,repiping,Repiping,Plumbing,no,,,,,,service page,/services/repiping/,,,,no
2,32,head,house repiping quote,quote,Transactional,repiping,Repiping,Plumbing,no,,,,,,service page,/services/repiping/,,,,no
2,32,head,house repiping services,hiring,Commercial,repiping,Repiping,Plumbing,no,,,,,,service page,/services/repiping/,,,,no
2,32,head,best retaining wall construction,comparison,Commercial,retaining-wall-construction,Retaining Wall Construction,Concrete & Masonry,no,,,,,,service page,/services/retaining-wall-construction/,,,,no
2,32,head,retaining wall construction companies,hiring,Commercial,retaining-wall-construction,Retaining Wall Construction,Concrete & Masonry,no,,,,,,service page,/services/retaining-wall-construction/,,,,no
2,32,head,retaining wall construction company,hiring,Commercial,retaining-wall-construction,Retaining Wall Construction,Concrete & Masonry,no,,,,,,service page,/services/retaining-wall-construction/,,,,no
2,32,head,retaining wall construction gta,anchor-city,Commercial,retaining-wall-construction,Retaining Wall Construction,Concrete & Masonry,no,,,,,,service page,/services/retaining-wall-construction/,,,,no
2,32,head,retaining wall construction quote,quote,Transactional,retaining-wall-construction,Retaining Wall Construction,Concrete & Masonry,no,,,,,,service page,/services/retaining-wall-construction/,,,,no
2,32,head,retaining wall construction services,hiring,Commercial,retaining-wall-construction,Retaining Wall Construction,Concrete & Masonry,no,,,,,,service page,/services/retaining-wall-construction/,,,,no
2,32,head,best roof leak repair,comparison,Commercial,roof-leak-repair,Roof Leak Repair,Roofing,no,,,,,,service page,/services/roof-leak-repair/,,,,no
2,32,head,roof leak repair companies,hiring,Commercial,roof-leak-repair,Roof Leak Repair,Roofing,no,,,,,,service page,/services/roof-leak-repair/,,,,no
2,32,head,roof leak repair company,hiring,Commercial,roof-leak-repair,Roof Leak Repair,Roofing,no,,,,,,service page,/services/roof-leak-repair/,,,,no
2,32,head,roof leak repair gta,anchor-city,Commercial,roof-leak-repair,Roof Leak Repair,Roofing,no,,,,,,service page,/services/roof-leak-repair/,,,,no
2,32,head,roof leak repair quote,quote,Transactional,roof-leak-repair,Roof Leak Repair,Roofing,no,,,,,,service page,/services/roof-leak-repair/,,,,no
2,32,head,roof leak repair services,hiring,Commercial,roof-leak-repair,Roof Leak Repair,Roofing,no,,,,,,service page,/services/roof-leak-repair/,,,,no
2,32,head,best roof repair,comparison,Commercial,roof-repair,Roof Repair,Roofing,no,,,,,,service page,/services/roof-repair/,,,,no
2,32,head,roof repair companies,hiring,Commercial,roof-repair,Roof Repair,Roofing,no,,,,,,service page,/services/roof-repair/,,,,no
2,33,head,roof repair company,hiring,Commercial,roof-repair,Roof Repair,Roofing,no,,,,,,service page,/services/roof-repair/,,,,no
2,33,head,roof repair gta,anchor-city,Commercial,roof-repair,Roof Repair,Roofing,no,,,,,,service page,/services/roof-repair/,,,,no
2,33,head,roof repair quote,quote,Transactional,roof-repair,Roof Repair,Roofing,no,,,,,,service page,/services/roof-repair/,,,,no
2,33,head,roof repair services,hiring,Commercial,roof-repair,Roof Repair,Roofing,no,,,,,,service page,/services/roof-repair/,,,,no
2,33,head,best roof ventilation installation,comparison,Commercial,roof-ventilation-installation,Roof Ventilation Installation,Roofing,no,,,,,,service page,/services/roof-ventilation-installation/,,,,no
2,33,head,roof ventilation installation companies,hiring,Commercial,roof-ventilation-installation,Roof Ventilation Installation,Roofing,no,,,,,,service page,/services/roof-ventilation-installation/,,,,no
2,33,head,roof ventilation installation company,hiring,Commercial,roof-ventilation-installation,Roof Ventilation Installation,Roofing,no,,,,,,service page,/services/roof-ventilation-installation/,,,,no
2,33,head,roof ventilation installation gta,anchor-city,Commercial,roof-ventilation-installation,Roof Ventilation Installation,Roofing,no,,,,,,service page,/services/roof-ventilation-installation/,,,,no
2,33,head,roof ventilation installation quote,quote,Transactional,roof-ventilation-installation,Roof Ventilation Installation,Roofing,no,,,,,,service page,/services/roof-ventilation-installation/,,,,no
2,33,head,roof ventilation installation services,hiring,Commercial,roof-ventilation-installation,Roof Ventilation Installation,Roofing,no,,,,,,service page,/services/roof-ventilation-installation/,,,,no
2,33,head,best secondary suite construction,comparison,Commercial,secondary-suite-construction,Secondary Suite Construction,Basement,no,,,,,,service page,/services/secondary-suite-construction/,,,,no
2,33,head,secondary suite construction companies,hiring,Commercial,secondary-suite-construction,Secondary Suite Construction,Basement,no,,,,,,service page,/services/secondary-suite-construction/,,,,no
2,33,head,secondary suite construction company,hiring,Commercial,secondary-suite-construction,Secondary Suite Construction,Basement,no,,,,,,service page,/services/secondary-suite-construction/,,,,no
2,33,head,secondary suite construction gta,anchor-city,Commercial,secondary-suite-construction,Secondary Suite Construction,Basement,no,,,,,,service page,/services/secondary-suite-construction/,,,,no
2,33,head,secondary suite construction quote,quote,Transactional,secondary-suite-construction,Secondary Suite Construction,Basement,no,,,,,,service page,/services/secondary-suite-construction/,,,,no
2,33,head,secondary suite construction services,hiring,Commercial,secondary-suite-construction,Secondary Suite Construction,Basement,no,,,,,,service page,/services/secondary-suite-construction/,,,,no
2,33,head,best shingle replacement,comparison,Commercial,shingle-replacement,Shingle Replacement,Roofing,no,,,,,,service page,/services/shingle-replacement/,,,,no
2,33,head,shingle replacement companies,hiring,Commercial,shingle-replacement,Shingle Replacement,Roofing,no,,,,,,service page,/services/shingle-replacement/,,,,no
2,33,head,shingle replacement company,hiring,Commercial,shingle-replacement,Shingle Replacement,Roofing,no,,,,,,service page,/services/shingle-replacement/,,,,no
2,33,head,shingle replacement gta,anchor-city,Commercial,shingle-replacement,Shingle Replacement,Roofing,no,,,,,,service page,/services/shingle-replacement/,,,,no
2,33,head,shingle replacement quote,quote,Transactional,shingle-replacement,Shingle Replacement,Roofing,no,,,,,,service page,/services/shingle-replacement/,,,,no
2,33,head,shingle replacement services,hiring,Commercial,shingle-replacement,Shingle Replacement,Roofing,no,,,,,,service page,/services/shingle-replacement/,,,,no
2,33,head,best shiplap installation,comparison,Commercial,shiplap-installation,Shiplap Installation,Trim & Millwork,no,,,,,,service page,/services/shiplap-installation/,,,,no
2,33,head,shiplap installation companies,hiring,Commercial,shiplap-installation,Shiplap Installation,Trim & Millwork,no,,,,,,service page,/services/shiplap-installation/,,,,no
2,33,head,shiplap installation company,hiring,Commercial,shiplap-installation,Shiplap Installation,Trim & Millwork,no,,,,,,service page,/services/shiplap-installation/,,,,no
2,33,head,shiplap installation gta,anchor-city,Commercial,shiplap-installation,Shiplap Installation,Trim & Millwork,no,,,,,,service page,/services/shiplap-installation/,,,,no
2,33,head,shiplap installation quote,quote,Transactional,shiplap-installation,Shiplap Installation,Trim & Millwork,no,,,,,,service page,/services/shiplap-installation/,,,,no
2,33,head,shiplap installation services,hiring,Commercial,shiplap-installation,Shiplap Installation,Trim & Millwork,no,,,,,,service page,/services/shiplap-installation/,,,,no
2,33,head,best shower glass installation,comparison,Commercial,shower-glass-installation,Shower Glass Installation,Bathroom,no,,,,,,service page,/services/shower-glass-installation/,,,,no
2,33,head,shower glass installation companies,hiring,Commercial,shower-glass-installation,Shower Glass Installation,Bathroom,no,,,,,,service page,/services/shower-glass-installation/,,,,no
2,33,head,shower glass installation company,hiring,Commercial,shower-glass-installation,Shower Glass Installation,Bathroom,no,,,,,,service page,/services/shower-glass-installation/,,,,no
2,33,head,shower glass installation gta,anchor-city,Commercial,shower-glass-installation,Shower Glass Installation,Bathroom,no,,,,,,service page,/services/shower-glass-installation/,,,,no
2,33,head,shower glass installation quote,quote,Transactional,shower-glass-installation,Shower Glass Installation,Bathroom,no,,,,,,service page,/services/shower-glass-installation/,,,,no
2,33,head,shower glass installation services,hiring,Commercial,shower-glass-installation,Shower Glass Installation,Bathroom,no,,,,,,service page,/services/shower-glass-installation/,,,,no
2,33,head,best shower tile installation,comparison,Commercial,shower-tile-installation,Shower Tile Installation,Tile,no,,,,,,service page,/services/shower-tile-installation/,,,,no
2,33,head,shower tile installation companies,hiring,Commercial,shower-tile-installation,Shower Tile Installation,Tile,no,,,,,,service page,/services/shower-tile-installation/,,,,no
2,33,head,shower tile installation company,hiring,Commercial,shower-tile-installation,Shower Tile Installation,Tile,no,,,,,,service page,/services/shower-tile-installation/,,,,no
2,33,head,shower tile installation gta,anchor-city,Commercial,shower-tile-installation,Shower Tile Installation,Tile,no,,,,,,service page,/services/shower-tile-installation/,,,,no
2,33,head,shower tile installation quote,quote,Transactional,shower-tile-installation,Shower Tile Installation,Tile,no,,,,,,service page,/services/shower-tile-installation/,,,,no
2,33,head,shower tile installation services,hiring,Commercial,shower-tile-installation,Shower Tile Installation,Tile,no,,,,,,service page,/services/shower-tile-installation/,,,,no
2,33,head,best siding repair,comparison,Commercial,siding-repair,Siding Repair,Exterior & Siding,no,,,,,,service page,/services/siding-repair/,,,,no
2,33,head,siding repair companies,hiring,Commercial,siding-repair,Siding Repair,Exterior & Siding,no,,,,,,service page,/services/siding-repair/,,,,no
2,33,head,siding repair company,hiring,Commercial,siding-repair,Siding Repair,Exterior & Siding,no,,,,,,service page,/services/siding-repair/,,,,no
2,33,head,siding repair gta,anchor-city,Commercial,siding-repair,Siding Repair,Exterior & Siding,no,,,,,,service page,/services/siding-repair/,,,,no
2,33,head,siding repair quote,quote,Transactional,siding-repair,Siding Repair,Exterior & Siding,no,,,,,,service page,/services/siding-repair/,,,,no
2,33,head,siding repair services,hiring,Commercial,siding-repair,Siding Repair,Exterior & Siding,no,,,,,,service page,/services/siding-repair/,,,,no
2,33,head,best siding replacement,comparison,Commercial,siding-replacement,Siding Replacement,Exterior & Siding,no,,,,,,service page,/services/siding-replacement/,,,,no
2,33,head,siding replacement companies,hiring,Commercial,siding-replacement,Siding Replacement,Exterior & Siding,no,,,,,,service page,/services/siding-replacement/,,,,no
2,33,head,siding replacement company,hiring,Commercial,siding-replacement,Siding Replacement,Exterior & Siding,no,,,,,,service page,/services/siding-replacement/,,,,no
2,33,head,siding replacement gta,anchor-city,Commercial,siding-replacement,Siding Replacement,Exterior & Siding,no,,,,,,service page,/services/siding-replacement/,,,,no
2,33,head,siding replacement quote,quote,Transactional,siding-replacement,Siding Replacement,Exterior & Siding,no,,,,,,service page,/services/siding-replacement/,,,,no
2,33,head,siding replacement services,hiring,Commercial,siding-replacement,Siding Replacement,Exterior & Siding,no,,,,,,service page,/services/siding-replacement/,,,,no
2,33,head,best construction site cleanup,comparison,Commercial,site-cleanup,Site Cleanup,Demolition & Prep,no,,,,,,service page,/services/site-cleanup/,,,,no
2,33,head,construction site cleanup companies,hiring,Commercial,site-cleanup,Site Cleanup,Demolition & Prep,no,,,,,,service page,/services/site-cleanup/,,,,no
2,33,head,construction site cleanup company,hiring,Commercial,site-cleanup,Site Cleanup,Demolition & Prep,no,,,,,,service page,/services/site-cleanup/,,,,no
2,33,head,construction site cleanup gta,anchor-city,Commercial,site-cleanup,Site Cleanup,Demolition & Prep,no,,,,,,service page,/services/site-cleanup/,,,,no
2,33,head,construction site cleanup quote,quote,Transactional,site-cleanup,Site Cleanup,Demolition & Prep,no,,,,,,service page,/services/site-cleanup/,,,,no
2,33,head,construction site cleanup services,hiring,Commercial,site-cleanup,Site Cleanup,Demolition & Prep,no,,,,,,service page,/services/site-cleanup/,,,,no
2,33,head,best skylight installation,comparison,Commercial,skylight-installation,Skylight Installation,Windows,no,,,,,,service page,/services/skylight-installation/,,,,no
2,33,head,skylight installation companies,hiring,Commercial,skylight-installation,Skylight Installation,Windows,no,,,,,,service page,/services/skylight-installation/,,,,no
2,33,head,skylight installation company,hiring,Commercial,skylight-installation,Skylight Installation,Windows,no,,,,,,service page,/services/skylight-installation/,,,,no
2,33,head,skylight installation gta,anchor-city,Commercial,skylight-installation,Skylight Installation,Windows,no,,,,,,service page,/services/skylight-installation/,,,,no
2,33,head,skylight installation quote,quote,Transactional,skylight-installation,Skylight Installation,Windows,no,,,,,,service page,/services/skylight-installation/,,,,no
2,33,head,skylight installation services,hiring,Commercial,skylight-installation,Skylight Installation,Windows,no,,,,,,service page,/services/skylight-installation/,,,,no
2,33,head,best sliding door installation,comparison,Commercial,sliding-door-installation,Sliding Door Installation,Doors,no,,,,,,service page,/services/sliding-door-installation/,,,,no
2,33,head,sliding door installation companies,hiring,Commercial,sliding-door-installation,Sliding Door Installation,Doors,no,,,,,,service page,/services/sliding-door-installation/,,,,no
2,33,head,sliding door installation company,hiring,Commercial,sliding-door-installation,Sliding Door Installation,Doors,no,,,,,,service page,/services/sliding-door-installation/,,,,no
2,33,head,sliding door installation gta,anchor-city,Commercial,sliding-door-installation,Sliding Door Installation,Doors,no,,,,,,service page,/services/sliding-door-installation/,,,,no
2,33,head,sliding door installation quote,quote,Transactional,sliding-door-installation,Sliding Door Installation,Doors,no,,,,,,service page,/services/sliding-door-installation/,,,,no
2,33,head,sliding door installation services,hiring,Commercial,sliding-door-installation,Sliding Door Installation,Doors,no,,,,,,service page,/services/sliding-door-installation/,,,,no
2,33,head,best small bathroom renovation,comparison,Commercial,small-bathroom-renovation,Small Bathroom Renovation,Bathroom,no,,,,,,service page,/services/small-bathroom-renovation/,,,,no
2,33,head,small bathroom renovation companies,hiring,Commercial,small-bathroom-renovation,Small Bathroom Renovation,Bathroom,no,,,,,,service page,/services/small-bathroom-renovation/,,,,no
2,33,head,small bathroom renovation company,hiring,Commercial,small-bathroom-renovation,Small Bathroom Renovation,Bathroom,no,,,,,,service page,/services/small-bathroom-renovation/,,,,no
2,33,head,small bathroom renovation gta,anchor-city,Commercial,small-bathroom-renovation,Small Bathroom Renovation,Bathroom,no,,,,,,service page,/services/small-bathroom-renovation/,,,,no
2,33,head,small bathroom renovation quote,quote,Transactional,small-bathroom-renovation,Small Bathroom Renovation,Bathroom,no,,,,,,service page,/services/small-bathroom-renovation/,,,,no
2,33,head,small bathroom renovation services,hiring,Commercial,small-bathroom-renovation,Small Bathroom Renovation,Bathroom,no,,,,,,service page,/services/small-bathroom-renovation/,,,,no
2,33,head,best small kitchen renovation,comparison,Commercial,small-kitchen-renovation,Small Kitchen Renovation,Kitchen,no,,,,,,service page,/services/small-kitchen-renovation/,,,,no
2,33,head,small kitchen renovation companies,hiring,Commercial,small-kitchen-renovation,Small Kitchen Renovation,Kitchen,no,,,,,,service page,/services/small-kitchen-renovation/,,,,no
2,33,head,small kitchen renovation company,hiring,Commercial,small-kitchen-renovation,Small Kitchen Renovation,Kitchen,no,,,,,,service page,/services/small-kitchen-renovation/,,,,no
2,33,head,small kitchen renovation gta,anchor-city,Commercial,small-kitchen-renovation,Small Kitchen Renovation,Kitchen,no,,,,,,service page,/services/small-kitchen-renovation/,,,,no
2,33,head,small kitchen renovation quote,quote,Transactional,small-kitchen-renovation,Small Kitchen Renovation,Kitchen,no,,,,,,service page,/services/small-kitchen-renovation/,,,,no
2,33,head,small kitchen renovation services,hiring,Commercial,small-kitchen-renovation,Small Kitchen Renovation,Kitchen,no,,,,,,service page,/services/small-kitchen-renovation/,,,,no
2,33,head,best smart home wiring,comparison,Commercial,smart-home-wiring,Smart Home Wiring,Electrical,no,,,,,,service page,/services/smart-home-wiring/,,,,no
2,33,head,smart home wiring companies,hiring,Commercial,smart-home-wiring,Smart Home Wiring,Electrical,no,,,,,,service page,/services/smart-home-wiring/,,,,no
2,33,head,smart home wiring company,hiring,Commercial,smart-home-wiring,Smart Home Wiring,Electrical,no,,,,,,service page,/services/smart-home-wiring/,,,,no
2,33,head,smart home wiring gta,anchor-city,Commercial,smart-home-wiring,Smart Home Wiring,Electrical,no,,,,,,service page,/services/smart-home-wiring/,,,,no
2,33,head,smart home wiring quote,quote,Transactional,smart-home-wiring,Smart Home Wiring,Electrical,no,,,,,,service page,/services/smart-home-wiring/,,,,no
2,33,head,smart home wiring services,hiring,Commercial,smart-home-wiring,Smart Home Wiring,Electrical,no,,,,,,service page,/services/smart-home-wiring/,,,,no
2,33,head,best soffit and fascia installation,comparison,Commercial,soffit-and-fascia-installation,Soffit and Fascia Installation,Exterior & Siding,no,,,,,,service page,/services/soffit-and-fascia-installation/,,,,no
2,33,head,soffit and fascia installation companies,hiring,Commercial,soffit-and-fascia-installation,Soffit and Fascia Installation,Exterior & Siding,no,,,,,,service page,/services/soffit-and-fascia-installation/,,,,no
2,33,head,soffit and fascia installation company,hiring,Commercial,soffit-and-fascia-installation,Soffit and Fascia Installation,Exterior & Siding,no,,,,,,service page,/services/soffit-and-fascia-installation/,,,,no
2,33,head,soffit and fascia installation gta,anchor-city,Commercial,soffit-and-fascia-installation,Soffit and Fascia Installation,Exterior & Siding,no,,,,,,service page,/services/soffit-and-fascia-installation/,,,,no
2,33,head,soffit and fascia installation quote,quote,Transactional,soffit-and-fascia-installation,Soffit and Fascia Installation,Exterior & Siding,no,,,,,,service page,/services/soffit-and-fascia-installation/,,,,no
2,33,head,soffit and fascia installation services,hiring,Commercial,soffit-and-fascia-installation,Soffit and Fascia Installation,Exterior & Siding,no,,,,,,service page,/services/soffit-and-fascia-installation/,,,,no
2,33,head,best soundproof drywall installation,comparison,Commercial,soundproof-drywall-installation,Soundproof Drywall Installation,Drywall & Ceilings,no,,,,,,service page,/services/soundproof-drywall-installation/,,,,no
2,33,head,soundproof drywall installation companies,hiring,Commercial,soundproof-drywall-installation,Soundproof Drywall Installation,Drywall & Ceilings,no,,,,,,service page,/services/soundproof-drywall-installation/,,,,no
2,33,head,soundproof drywall installation company,hiring,Commercial,soundproof-drywall-installation,Soundproof Drywall Installation,Drywall & Ceilings,no,,,,,,service page,/services/soundproof-drywall-installation/,,,,no
2,33,head,soundproof drywall installation gta,anchor-city,Commercial,soundproof-drywall-installation,Soundproof Drywall Installation,Drywall & Ceilings,no,,,,,,service page,/services/soundproof-drywall-installation/,,,,no
2,33,head,soundproof drywall installation quote,quote,Transactional,soundproof-drywall-installation,Soundproof Drywall Installation,Drywall & Ceilings,no,,,,,,service page,/services/soundproof-drywall-installation/,,,,no
2,33,head,soundproof drywall installation services,hiring,Commercial,soundproof-drywall-installation,Soundproof Drywall Installation,Drywall & Ceilings,no,,,,,,service page,/services/soundproof-drywall-installation/,,,,no
2,34,head,best soundproofing installation,comparison,Commercial,soundproofing-installation,Soundproofing Installation,Insulation & Energy,no,,,,,,service page,/services/soundproofing-installation/,,,,no
2,34,head,soundproofing installation companies,hiring,Commercial,soundproofing-installation,Soundproofing Installation,Insulation & Energy,no,,,,,,service page,/services/soundproofing-installation/,,,,no
2,34,head,soundproofing installation company,hiring,Commercial,soundproofing-installation,Soundproofing Installation,Insulation & Energy,no,,,,,,service page,/services/soundproofing-installation/,,,,no
2,34,head,soundproofing installation gta,anchor-city,Commercial,soundproofing-installation,Soundproofing Installation,Insulation & Energy,no,,,,,,service page,/services/soundproofing-installation/,,,,no
2,34,head,soundproofing installation quote,quote,Transactional,soundproofing-installation,Soundproofing Installation,Insulation & Energy,no,,,,,,service page,/services/soundproofing-installation/,,,,no
2,34,head,soundproofing installation services,hiring,Commercial,soundproofing-installation,Soundproofing Installation,Insulation & Energy,no,,,,,,service page,/services/soundproofing-installation/,,,,no
2,34,head,best spray foam insulation,comparison,Commercial,spray-foam-insulation,Spray Foam Insulation,Insulation & Energy,no,,,,,,service page,/services/spray-foam-insulation/,,,,no
2,34,head,spray foam insulation companies,hiring,Commercial,spray-foam-insulation,Spray Foam Insulation,Insulation & Energy,no,,,,,,service page,/services/spray-foam-insulation/,,,,no
2,34,head,spray foam insulation company,hiring,Commercial,spray-foam-insulation,Spray Foam Insulation,Insulation & Energy,no,,,,,,service page,/services/spray-foam-insulation/,,,,no
2,34,head,spray foam insulation gta,anchor-city,Commercial,spray-foam-insulation,Spray Foam Insulation,Insulation & Energy,no,,,,,,service page,/services/spray-foam-insulation/,,,,no
2,34,head,spray foam insulation quote,quote,Transactional,spray-foam-insulation,Spray Foam Insulation,Insulation & Energy,no,,,,,,service page,/services/spray-foam-insulation/,,,,no
2,34,head,spray foam insulation services,hiring,Commercial,spray-foam-insulation,Spray Foam Insulation,Insulation & Energy,no,,,,,,service page,/services/spray-foam-insulation/,,,,no
2,34,head,best squeaky floor repair,comparison,Commercial,squeaky-floor-repair,Squeaky Floor Repair,Flooring,no,,,,,,service page,/services/squeaky-floor-repair/,,,,no
2,34,head,squeaky floor repair companies,hiring,Commercial,squeaky-floor-repair,Squeaky Floor Repair,Flooring,no,,,,,,service page,/services/squeaky-floor-repair/,,,,no
2,34,head,squeaky floor repair company,hiring,Commercial,squeaky-floor-repair,Squeaky Floor Repair,Flooring,no,,,,,,service page,/services/squeaky-floor-repair/,,,,no
2,34,head,squeaky floor repair gta,anchor-city,Commercial,squeaky-floor-repair,Squeaky Floor Repair,Flooring,no,,,,,,service page,/services/squeaky-floor-repair/,,,,no
2,34,head,squeaky floor repair quote,quote,Transactional,squeaky-floor-repair,Squeaky Floor Repair,Flooring,no,,,,,,service page,/services/squeaky-floor-repair/,,,,no
2,34,head,squeaky floor repair services,hiring,Commercial,squeaky-floor-repair,Squeaky Floor Repair,Flooring,no,,,,,,service page,/services/squeaky-floor-repair/,,,,no
2,34,head,best stair installation,comparison,Commercial,stair-installation,Stair Installation,Stairs & Railings,no,,,,,,service page,/services/stair-installation/,,,,no
2,34,head,stair installation companies,hiring,Commercial,stair-installation,Stair Installation,Stairs & Railings,no,,,,,,service page,/services/stair-installation/,,,,no
2,34,head,stair installation company,hiring,Commercial,stair-installation,Stair Installation,Stairs & Railings,no,,,,,,service page,/services/stair-installation/,,,,no
2,34,head,stair installation gta,anchor-city,Commercial,stair-installation,Stair Installation,Stairs & Railings,no,,,,,,service page,/services/stair-installation/,,,,no
2,34,head,stair installation quote,quote,Transactional,stair-installation,Stair Installation,Stairs & Railings,no,,,,,,service page,/services/stair-installation/,,,,no
2,34,head,stair installation services,hiring,Commercial,stair-installation,Stair Installation,Stairs & Railings,no,,,,,,service page,/services/stair-installation/,,,,no
2,34,head,best stair lift installation,comparison,Commercial,stair-lift-installation,Stair Lift Installation,Accessibility,no,,,,,,service page,/services/stair-lift-installation/,,,,no
2,34,head,stair lift installation companies,hiring,Commercial,stair-lift-installation,Stair Lift Installation,Accessibility,no,,,,,,service page,/services/stair-lift-installation/,,,,no
2,34,head,stair lift installation company,hiring,Commercial,stair-lift-installation,Stair Lift Installation,Accessibility,no,,,,,,service page,/services/stair-lift-installation/,,,,no
2,34,head,stair lift installation gta,anchor-city,Commercial,stair-lift-installation,Stair Lift Installation,Accessibility,no,,,,,,service page,/services/stair-lift-installation/,,,,no
2,34,head,stair lift installation quote,quote,Transactional,stair-lift-installation,Stair Lift Installation,Accessibility,no,,,,,,service page,/services/stair-lift-installation/,,,,no
2,34,head,stair lift installation services,hiring,Commercial,stair-lift-installation,Stair Lift Installation,Accessibility,no,,,,,,service page,/services/stair-lift-installation/,,,,no
2,34,head,best stair railing installation,comparison,Commercial,stair-railing-installation,Stair Railing Installation,Stairs & Railings,no,,,,,,service page,/services/stair-railing-installation/,,,,no
2,34,head,stair railing installation companies,hiring,Commercial,stair-railing-installation,Stair Railing Installation,Stairs & Railings,no,,,,,,service page,/services/stair-railing-installation/,,,,no
2,34,head,stair railing installation company,hiring,Commercial,stair-railing-installation,Stair Railing Installation,Stairs & Railings,no,,,,,,service page,/services/stair-railing-installation/,,,,no
2,34,head,stair railing installation gta,anchor-city,Commercial,stair-railing-installation,Stair Railing Installation,Stairs & Railings,no,,,,,,service page,/services/stair-railing-installation/,,,,no
2,34,head,stair railing installation quote,quote,Transactional,stair-railing-installation,Stair Railing Installation,Stairs & Railings,no,,,,,,service page,/services/stair-railing-installation/,,,,no
2,34,head,stair railing installation services,hiring,Commercial,stair-railing-installation,Stair Railing Installation,Stairs & Railings,no,,,,,,service page,/services/stair-railing-installation/,,,,no
2,34,head,best stair refinishing,comparison,Commercial,stair-refinishing,Stair Refinishing,Stairs & Railings,no,,,,,,service page,/services/stair-refinishing/,,,,no
2,34,head,stair refinishing companies,hiring,Commercial,stair-refinishing,Stair Refinishing,Stairs & Railings,no,,,,,,service page,/services/stair-refinishing/,,,,no
2,34,head,stair refinishing company,hiring,Commercial,stair-refinishing,Stair Refinishing,Stairs & Railings,no,,,,,,service page,/services/stair-refinishing/,,,,no
2,34,head,stair refinishing gta,anchor-city,Commercial,stair-refinishing,Stair Refinishing,Stairs & Railings,no,,,,,,service page,/services/stair-refinishing/,,,,no
2,34,head,stair refinishing quote,quote,Transactional,stair-refinishing,Stair Refinishing,Stairs & Railings,no,,,,,,service page,/services/stair-refinishing/,,,,no
2,34,head,stair refinishing services,hiring,Commercial,stair-refinishing,Stair Refinishing,Stairs & Railings,no,,,,,,service page,/services/stair-refinishing/,,,,no
2,34,head,best stair tread replacement,comparison,Commercial,stair-tread-replacement,Stair Tread Replacement,Stairs & Railings,no,,,,,,service page,/services/stair-tread-replacement/,,,,no
2,34,head,stair tread replacement companies,hiring,Commercial,stair-tread-replacement,Stair Tread Replacement,Stairs & Railings,no,,,,,,service page,/services/stair-tread-replacement/,,,,no
2,34,head,stair tread replacement company,hiring,Commercial,stair-tread-replacement,Stair Tread Replacement,Stairs & Railings,no,,,,,,service page,/services/stair-tread-replacement/,,,,no
2,34,head,stair tread replacement gta,anchor-city,Commercial,stair-tread-replacement,Stair Tread Replacement,Stairs & Railings,no,,,,,,service page,/services/stair-tread-replacement/,,,,no
2,34,head,stair tread replacement quote,quote,Transactional,stair-tread-replacement,Stair Tread Replacement,Stairs & Railings,no,,,,,,service page,/services/stair-tread-replacement/,,,,no
2,34,head,stair tread replacement services,hiring,Commercial,stair-tread-replacement,Stair Tread Replacement,Stairs & Railings,no,,,,,,service page,/services/stair-tread-replacement/,,,,no
2,34,head,best staircase painting,comparison,Commercial,staircase-painting,Staircase Painting,Painting,no,,,,,,service page,/services/staircase-painting/,,,,no
2,34,head,staircase painting companies,hiring,Commercial,staircase-painting,Staircase Painting,Painting,no,,,,,,service page,/services/staircase-painting/,,,,no
2,34,head,staircase painting company,hiring,Commercial,staircase-painting,Staircase Painting,Painting,no,,,,,,service page,/services/staircase-painting/,,,,no
2,34,head,staircase painting gta,anchor-city,Commercial,staircase-painting,Staircase Painting,Painting,no,,,,,,service page,/services/staircase-painting/,,,,no
2,34,head,staircase painting quote,quote,Transactional,staircase-painting,Staircase Painting,Painting,no,,,,,,service page,/services/staircase-painting/,,,,no
2,34,head,staircase painting services,hiring,Commercial,staircase-painting,Staircase Painting,Painting,no,,,,,,service page,/services/staircase-painting/,,,,no
2,34,head,best stone veneer installation,comparison,Commercial,stone-veneer-installation,Stone Veneer Installation,Exterior & Siding,no,,,,,,service page,/services/stone-veneer-installation/,,,,no
2,34,head,stone veneer installation companies,hiring,Commercial,stone-veneer-installation,Stone Veneer Installation,Exterior & Siding,no,,,,,,service page,/services/stone-veneer-installation/,,,,no
2,34,head,stone veneer installation company,hiring,Commercial,stone-veneer-installation,Stone Veneer Installation,Exterior & Siding,no,,,,,,service page,/services/stone-veneer-installation/,,,,no
2,34,head,stone veneer installation gta,anchor-city,Commercial,stone-veneer-installation,Stone Veneer Installation,Exterior & Siding,no,,,,,,service page,/services/stone-veneer-installation/,,,,no
2,34,head,stone veneer installation quote,quote,Transactional,stone-veneer-installation,Stone Veneer Installation,Exterior & Siding,no,,,,,,service page,/services/stone-veneer-installation/,,,,no
2,34,head,stone veneer installation services,hiring,Commercial,stone-veneer-installation,Stone Veneer Installation,Exterior & Siding,no,,,,,,service page,/services/stone-veneer-installation/,,,,no
2,34,head,best storm door installation,comparison,Commercial,storm-door-installation,Storm Door Installation,Doors,no,,,,,,service page,/services/storm-door-installation/,,,,no
2,34,head,storm door installation companies,hiring,Commercial,storm-door-installation,Storm Door Installation,Doors,no,,,,,,service page,/services/storm-door-installation/,,,,no
2,34,head,storm door installation company,hiring,Commercial,storm-door-installation,Storm Door Installation,Doors,no,,,,,,service page,/services/storm-door-installation/,,,,no
2,34,head,storm door installation gta,anchor-city,Commercial,storm-door-installation,Storm Door Installation,Doors,no,,,,,,service page,/services/storm-door-installation/,,,,no
2,34,head,storm door installation quote,quote,Transactional,storm-door-installation,Storm Door Installation,Doors,no,,,,,,service page,/services/storm-door-installation/,,,,no
2,34,head,storm door installation services,hiring,Commercial,storm-door-installation,Storm Door Installation,Doors,no,,,,,,service page,/services/storm-door-installation/,,,,no
2,34,head,best structural beam installation,comparison,Commercial,structural-beam-installation,Structural Beam Installation,Whole Home,no,,,,,,service page,/services/structural-beam-installation/,,,,no
2,34,head,structural beam installation companies,hiring,Commercial,structural-beam-installation,Structural Beam Installation,Whole Home,no,,,,,,service page,/services/structural-beam-installation/,,,,no
2,34,head,structural beam installation company,hiring,Commercial,structural-beam-installation,Structural Beam Installation,Whole Home,no,,,,,,service page,/services/structural-beam-installation/,,,,no
2,34,head,structural beam installation gta,anchor-city,Commercial,structural-beam-installation,Structural Beam Installation,Whole Home,no,,,,,,service page,/services/structural-beam-installation/,,,,no
2,34,head,structural beam installation quote,quote,Transactional,structural-beam-installation,Structural Beam Installation,Whole Home,no,,,,,,service page,/services/structural-beam-installation/,,,,no
2,34,head,structural beam installation services,hiring,Commercial,structural-beam-installation,Structural Beam Installation,Whole Home,no,,,,,,service page,/services/structural-beam-installation/,,,,no
2,34,head,best stucco installation,comparison,Commercial,stucco-installation,Stucco Installation,Exterior & Siding,no,,,,,,service page,/services/stucco-installation/,,,,no
2,34,head,stucco installation companies,hiring,Commercial,stucco-installation,Stucco Installation,Exterior & Siding,no,,,,,,service page,/services/stucco-installation/,,,,no
2,34,head,stucco installation company,hiring,Commercial,stucco-installation,Stucco Installation,Exterior & Siding,no,,,,,,service page,/services/stucco-installation/,,,,no
2,34,head,stucco installation gta,anchor-city,Commercial,stucco-installation,Stucco Installation,Exterior & Siding,no,,,,,,service page,/services/stucco-installation/,,,,no
2,34,head,stucco installation quote,quote,Transactional,stucco-installation,Stucco Installation,Exterior & Siding,no,,,,,,service page,/services/stucco-installation/,,,,no
2,34,head,stucco installation services,hiring,Commercial,stucco-installation,Stucco Installation,Exterior & Siding,no,,,,,,service page,/services/stucco-installation/,,,,no
2,34,head,best stucco painting,comparison,Commercial,stucco-painting,Stucco Painting,Painting,no,,,,,,service page,/services/stucco-painting/,,,,no
2,34,head,stucco painting companies,hiring,Commercial,stucco-painting,Stucco Painting,Painting,no,,,,,,service page,/services/stucco-painting/,,,,no
2,34,head,stucco painting company,hiring,Commercial,stucco-painting,Stucco Painting,Painting,no,,,,,,service page,/services/stucco-painting/,,,,no
2,34,head,stucco painting gta,anchor-city,Commercial,stucco-painting,Stucco Painting,Painting,no,,,,,,service page,/services/stucco-painting/,,,,no
2,34,head,stucco painting quote,quote,Transactional,stucco-painting,Stucco Painting,Painting,no,,,,,,service page,/services/stucco-painting/,,,,no
2,34,head,stucco painting services,hiring,Commercial,stucco-painting,Stucco Painting,Painting,no,,,,,,service page,/services/stucco-painting/,,,,no
2,34,head,best stucco repair,comparison,Commercial,stucco-repair,Stucco Repair,Exterior & Siding,no,,,,,,service page,/services/stucco-repair/,,,,no
2,34,head,stucco repair companies,hiring,Commercial,stucco-repair,Stucco Repair,Exterior & Siding,no,,,,,,service page,/services/stucco-repair/,,,,no
2,34,head,stucco repair company,hiring,Commercial,stucco-repair,Stucco Repair,Exterior & Siding,no,,,,,,service page,/services/stucco-repair/,,,,no
2,34,head,stucco repair gta,anchor-city,Commercial,stucco-repair,Stucco Repair,Exterior & Siding,no,,,,,,service page,/services/stucco-repair/,,,,no
2,34,head,stucco repair quote,quote,Transactional,stucco-repair,Stucco Repair,Exterior & Siding,no,,,,,,service page,/services/stucco-repair/,,,,no
2,34,head,stucco repair services,hiring,Commercial,stucco-repair,Stucco Repair,Exterior & Siding,no,,,,,,service page,/services/stucco-repair/,,,,no
2,34,head,best subfloor installation,comparison,Commercial,subfloor-installation,Subfloor Installation,Flooring,no,,,,,,service page,/services/subfloor-installation/,,,,no
2,34,head,subfloor installation companies,hiring,Commercial,subfloor-installation,Subfloor Installation,Flooring,no,,,,,,service page,/services/subfloor-installation/,,,,no
2,34,head,subfloor installation company,hiring,Commercial,subfloor-installation,Subfloor Installation,Flooring,no,,,,,,service page,/services/subfloor-installation/,,,,no
2,34,head,subfloor installation gta,anchor-city,Commercial,subfloor-installation,Subfloor Installation,Flooring,no,,,,,,service page,/services/subfloor-installation/,,,,no
2,34,head,subfloor installation quote,quote,Transactional,subfloor-installation,Subfloor Installation,Flooring,no,,,,,,service page,/services/subfloor-installation/,,,,no
2,34,head,subfloor installation services,hiring,Commercial,subfloor-installation,Subfloor Installation,Flooring,no,,,,,,service page,/services/subfloor-installation/,,,,no
2,34,head,best subfloor repair,comparison,Commercial,subfloor-repair,Subfloor Repair,Flooring,no,,,,,,service page,/services/subfloor-repair/,,,,no
2,34,head,subfloor repair companies,hiring,Commercial,subfloor-repair,Subfloor Repair,Flooring,no,,,,,,service page,/services/subfloor-repair/,,,,no
2,34,head,subfloor repair company,hiring,Commercial,subfloor-repair,Subfloor Repair,Flooring,no,,,,,,service page,/services/subfloor-repair/,,,,no
2,34,head,subfloor repair gta,anchor-city,Commercial,subfloor-repair,Subfloor Repair,Flooring,no,,,,,,service page,/services/subfloor-repair/,,,,no
2,35,head,subfloor repair quote,quote,Transactional,subfloor-repair,Subfloor Repair,Flooring,no,,,,,,service page,/services/subfloor-repair/,,,,no
2,35,head,subfloor repair services,hiring,Commercial,subfloor-repair,Subfloor Repair,Flooring,no,,,,,,service page,/services/subfloor-repair/,,,,no
2,35,head,best sump pump installation,comparison,Commercial,sump-pump-installation,Sump Pump Installation,Waterproofing,no,,,,,,service page,/services/sump-pump-installation/,,,,no
2,35,head,sump pump installation companies,hiring,Commercial,sump-pump-installation,Sump Pump Installation,Waterproofing,no,,,,,,service page,/services/sump-pump-installation/,,,,no
2,35,head,sump pump installation company,hiring,Commercial,sump-pump-installation,Sump Pump Installation,Waterproofing,no,,,,,,service page,/services/sump-pump-installation/,,,,no
2,35,head,sump pump installation gta,anchor-city,Commercial,sump-pump-installation,Sump Pump Installation,Waterproofing,no,,,,,,service page,/services/sump-pump-installation/,,,,no
2,35,head,sump pump installation quote,quote,Transactional,sump-pump-installation,Sump Pump Installation,Waterproofing,no,,,,,,service page,/services/sump-pump-installation/,,,,no
2,35,head,sump pump installation services,hiring,Commercial,sump-pump-installation,Sump Pump Installation,Waterproofing,no,,,,,,service page,/services/sump-pump-installation/,,,,no
2,35,head,best sunroom addition,comparison,Commercial,sunroom-addition,Sunroom Addition,Specialty Rooms,no,,,,,,service page,/services/sunroom-addition/,,,,no
2,35,head,sunroom addition companies,hiring,Commercial,sunroom-addition,Sunroom Addition,Specialty Rooms,no,,,,,,service page,/services/sunroom-addition/,,,,no
2,35,head,sunroom addition company,hiring,Commercial,sunroom-addition,Sunroom Addition,Specialty Rooms,no,,,,,,service page,/services/sunroom-addition/,,,,no
2,35,head,sunroom addition gta,anchor-city,Commercial,sunroom-addition,Sunroom Addition,Specialty Rooms,no,,,,,,service page,/services/sunroom-addition/,,,,no
2,35,head,sunroom addition quote,quote,Transactional,sunroom-addition,Sunroom Addition,Specialty Rooms,no,,,,,,service page,/services/sunroom-addition/,,,,no
2,35,head,sunroom addition services,hiring,Commercial,sunroom-addition,Sunroom Addition,Specialty Rooms,no,,,,,,service page,/services/sunroom-addition/,,,,no
2,35,head,best tile removal,comparison,Commercial,tile-removal,Tile Removal,Tile,no,,,,,,service page,/services/tile-removal/,,,,no
2,35,head,tile removal companies,hiring,Commercial,tile-removal,Tile Removal,Tile,no,,,,,,service page,/services/tile-removal/,,,,no
2,35,head,tile removal company,hiring,Commercial,tile-removal,Tile Removal,Tile,no,,,,,,service page,/services/tile-removal/,,,,no
2,35,head,tile removal gta,anchor-city,Commercial,tile-removal,Tile Removal,Tile,no,,,,,,service page,/services/tile-removal/,,,,no
2,35,head,tile removal quote,quote,Transactional,tile-removal,Tile Removal,Tile,no,,,,,,service page,/services/tile-removal/,,,,no
2,35,head,tile removal services,hiring,Commercial,tile-removal,Tile Removal,Tile,no,,,,,,service page,/services/tile-removal/,,,,no
2,35,head,best tile repair,comparison,Commercial,tile-repair,Tile Repair,Tile,no,,,,,,service page,/services/tile-repair/,,,,no
2,35,head,tile repair companies,hiring,Commercial,tile-repair,Tile Repair,Tile,no,,,,,,service page,/services/tile-repair/,,,,no
2,35,head,tile repair company,hiring,Commercial,tile-repair,Tile Repair,Tile,no,,,,,,service page,/services/tile-repair/,,,,no
2,35,head,tile repair gta,anchor-city,Commercial,tile-repair,Tile Repair,Tile,no,,,,,,service page,/services/tile-repair/,,,,no
2,35,head,tile repair quote,quote,Transactional,tile-repair,Tile Repair,Tile,no,,,,,,service page,/services/tile-repair/,,,,no
2,35,head,tile repair services,hiring,Commercial,tile-repair,Tile Repair,Tile,no,,,,,,service page,/services/tile-repair/,,,,no
2,35,head,best toilet installation,comparison,Commercial,toilet-installation,Toilet Installation,Bathroom,no,,,,,,service page,/services/toilet-installation/,,,,no
2,35,head,toilet installation companies,hiring,Commercial,toilet-installation,Toilet Installation,Bathroom,no,,,,,,service page,/services/toilet-installation/,,,,no
2,35,head,toilet installation company,hiring,Commercial,toilet-installation,Toilet Installation,Bathroom,no,,,,,,service page,/services/toilet-installation/,,,,no
2,35,head,toilet installation gta,anchor-city,Commercial,toilet-installation,Toilet Installation,Bathroom,no,,,,,,service page,/services/toilet-installation/,,,,no
2,35,head,toilet installation quote,quote,Transactional,toilet-installation,Toilet Installation,Bathroom,no,,,,,,service page,/services/toilet-installation/,,,,no
2,35,head,toilet installation services,hiring,Commercial,toilet-installation,Toilet Installation,Bathroom,no,,,,,,service page,/services/toilet-installation/,,,,no
2,35,head,best trim painting,comparison,Commercial,trim-painting,Trim Painting,Painting,no,,,,,,service page,/services/trim-painting/,,,,no
2,35,head,trim painting companies,hiring,Commercial,trim-painting,Trim Painting,Painting,no,,,,,,service page,/services/trim-painting/,,,,no
2,35,head,trim painting company,hiring,Commercial,trim-painting,Trim Painting,Painting,no,,,,,,service page,/services/trim-painting/,,,,no
2,35,head,trim painting gta,anchor-city,Commercial,trim-painting,Trim Painting,Painting,no,,,,,,service page,/services/trim-painting/,,,,no
2,35,head,trim painting quote,quote,Transactional,trim-painting,Trim Painting,Painting,no,,,,,,service page,/services/trim-painting/,,,,no
2,35,head,trim painting services,hiring,Commercial,trim-painting,Trim Painting,Painting,no,,,,,,service page,/services/trim-painting/,,,,no
2,35,head,best under cabinet lighting installation,comparison,Commercial,under-cabinet-lighting-installation,Under Cabinet Lighting,Electrical,no,,,,,,service page,/services/under-cabinet-lighting-installation/,,,,no
2,35,head,under cabinet lighting installation companies,hiring,Commercial,under-cabinet-lighting-installation,Under Cabinet Lighting,Electrical,no,,,,,,service page,/services/under-cabinet-lighting-installation/,,,,no
2,35,head,under cabinet lighting installation company,hiring,Commercial,under-cabinet-lighting-installation,Under Cabinet Lighting,Electrical,no,,,,,,service page,/services/under-cabinet-lighting-installation/,,,,no
2,35,head,under cabinet lighting installation gta,anchor-city,Commercial,under-cabinet-lighting-installation,Under Cabinet Lighting,Electrical,no,,,,,,service page,/services/under-cabinet-lighting-installation/,,,,no
2,35,head,under cabinet lighting installation quote,quote,Transactional,under-cabinet-lighting-installation,Under Cabinet Lighting,Electrical,no,,,,,,service page,/services/under-cabinet-lighting-installation/,,,,no
2,35,head,under cabinet lighting installation services,hiring,Commercial,under-cabinet-lighting-installation,Under Cabinet Lighting,Electrical,no,,,,,,service page,/services/under-cabinet-lighting-installation/,,,,no
2,35,head,best vapour barrier installation,comparison,Commercial,vapour-barrier-installation,Vapour Barrier Installation,Insulation & Energy,no,,,,,,service page,/services/vapour-barrier-installation/,,,,no
2,35,head,vapour barrier installation companies,hiring,Commercial,vapour-barrier-installation,Vapour Barrier Installation,Insulation & Energy,no,,,,,,service page,/services/vapour-barrier-installation/,,,,no
2,35,head,vapour barrier installation company,hiring,Commercial,vapour-barrier-installation,Vapour Barrier Installation,Insulation & Energy,no,,,,,,service page,/services/vapour-barrier-installation/,,,,no
2,35,head,vapour barrier installation gta,anchor-city,Commercial,vapour-barrier-installation,Vapour Barrier Installation,Insulation & Energy,no,,,,,,service page,/services/vapour-barrier-installation/,,,,no
2,35,head,vapour barrier installation quote,quote,Transactional,vapour-barrier-installation,Vapour Barrier Installation,Insulation & Energy,no,,,,,,service page,/services/vapour-barrier-installation/,,,,no
2,35,head,vapour barrier installation services,hiring,Commercial,vapour-barrier-installation,Vapour Barrier Installation,Insulation & Energy,no,,,,,,service page,/services/vapour-barrier-installation/,,,,no
2,35,head,best vinyl fence installation,comparison,Commercial,vinyl-fence-installation,Vinyl Fence Installation,Fences,no,,,,,,service page,/services/vinyl-fence-installation/,,,,no
2,35,head,vinyl fence installation companies,hiring,Commercial,vinyl-fence-installation,Vinyl Fence Installation,Fences,no,,,,,,service page,/services/vinyl-fence-installation/,,,,no
2,35,head,vinyl fence installation company,hiring,Commercial,vinyl-fence-installation,Vinyl Fence Installation,Fences,no,,,,,,service page,/services/vinyl-fence-installation/,,,,no
2,35,head,vinyl fence installation gta,anchor-city,Commercial,vinyl-fence-installation,Vinyl Fence Installation,Fences,no,,,,,,service page,/services/vinyl-fence-installation/,,,,no
2,35,head,vinyl fence installation quote,quote,Transactional,vinyl-fence-installation,Vinyl Fence Installation,Fences,no,,,,,,service page,/services/vinyl-fence-installation/,,,,no
2,35,head,vinyl fence installation services,hiring,Commercial,vinyl-fence-installation,Vinyl Fence Installation,Fences,no,,,,,,service page,/services/vinyl-fence-installation/,,,,no
2,35,head,best vinyl siding installation,comparison,Commercial,vinyl-siding-installation,Vinyl Siding Installation,Exterior & Siding,no,,,,,,service page,/services/vinyl-siding-installation/,,,,no
2,35,head,vinyl siding installation companies,hiring,Commercial,vinyl-siding-installation,Vinyl Siding Installation,Exterior & Siding,no,,,,,,service page,/services/vinyl-siding-installation/,,,,no
2,35,head,vinyl siding installation company,hiring,Commercial,vinyl-siding-installation,Vinyl Siding Installation,Exterior & Siding,no,,,,,,service page,/services/vinyl-siding-installation/,,,,no
2,35,head,vinyl siding installation gta,anchor-city,Commercial,vinyl-siding-installation,Vinyl Siding Installation,Exterior & Siding,no,,,,,,service page,/services/vinyl-siding-installation/,,,,no
2,35,head,vinyl siding installation quote,quote,Transactional,vinyl-siding-installation,Vinyl Siding Installation,Exterior & Siding,no,,,,,,service page,/services/vinyl-siding-installation/,,,,no
2,35,head,vinyl siding installation services,hiring,Commercial,vinyl-siding-installation,Vinyl Siding Installation,Exterior & Siding,no,,,,,,service page,/services/vinyl-siding-installation/,,,,no
2,35,head,best vinyl window installation,comparison,Commercial,vinyl-window-installation,Vinyl Window Installation,Windows,no,,,,,,service page,/services/vinyl-window-installation/,,,,no
2,35,head,vinyl window installation companies,hiring,Commercial,vinyl-window-installation,Vinyl Window Installation,Windows,no,,,,,,service page,/services/vinyl-window-installation/,,,,no
2,35,head,vinyl window installation company,hiring,Commercial,vinyl-window-installation,Vinyl Window Installation,Windows,no,,,,,,service page,/services/vinyl-window-installation/,,,,no
2,35,head,vinyl window installation gta,anchor-city,Commercial,vinyl-window-installation,Vinyl Window Installation,Windows,no,,,,,,service page,/services/vinyl-window-installation/,,,,no
2,35,head,vinyl window installation quote,quote,Transactional,vinyl-window-installation,Vinyl Window Installation,Windows,no,,,,,,service page,/services/vinyl-window-installation/,,,,no
2,35,head,vinyl window installation services,hiring,Commercial,vinyl-window-installation,Vinyl Window Installation,Windows,no,,,,,,service page,/services/vinyl-window-installation/,,,,no
2,35,head,best wainscoting installation,comparison,Commercial,wainscoting-installation,Wainscoting Installation,Trim & Millwork,no,,,,,,service page,/services/wainscoting-installation/,,,,no
2,35,head,wainscoting installation companies,hiring,Commercial,wainscoting-installation,Wainscoting Installation,Trim & Millwork,no,,,,,,service page,/services/wainscoting-installation/,,,,no
2,35,head,wainscoting installation company,hiring,Commercial,wainscoting-installation,Wainscoting Installation,Trim & Millwork,no,,,,,,service page,/services/wainscoting-installation/,,,,no
2,35,head,wainscoting installation gta,anchor-city,Commercial,wainscoting-installation,Wainscoting Installation,Trim & Millwork,no,,,,,,service page,/services/wainscoting-installation/,,,,no
2,35,head,wainscoting installation quote,quote,Transactional,wainscoting-installation,Wainscoting Installation,Trim & Millwork,no,,,,,,service page,/services/wainscoting-installation/,,,,no
2,35,head,wainscoting installation services,hiring,Commercial,wainscoting-installation,Wainscoting Installation,Trim & Millwork,no,,,,,,service page,/services/wainscoting-installation/,,,,no
2,35,head,best walk in closet installation,comparison,Commercial,walk-in-closet-installation,Walk-In Closet Installation,Cabinetry & Storage,no,,,,,,service page,/services/walk-in-closet-installation/,,,,no
2,35,head,walk in closet installation companies,hiring,Commercial,walk-in-closet-installation,Walk-In Closet Installation,Cabinetry & Storage,no,,,,,,service page,/services/walk-in-closet-installation/,,,,no
2,35,head,walk in closet installation company,hiring,Commercial,walk-in-closet-installation,Walk-In Closet Installation,Cabinetry & Storage,no,,,,,,service page,/services/walk-in-closet-installation/,,,,no
2,35,head,walk in closet installation gta,anchor-city,Commercial,walk-in-closet-installation,Walk-In Closet Installation,Cabinetry & Storage,no,,,,,,service page,/services/walk-in-closet-installation/,,,,no
2,35,head,walk in closet installation quote,quote,Transactional,walk-in-closet-installation,Walk-In Closet Installation,Cabinetry & Storage,no,,,,,,service page,/services/walk-in-closet-installation/,,,,no
2,35,head,walk in closet installation services,hiring,Commercial,walk-in-closet-installation,Walk-In Closet Installation,Cabinetry & Storage,no,,,,,,service page,/services/walk-in-closet-installation/,,,,no
2,35,head,best walk in shower installation,comparison,Commercial,walk-in-shower-installation,Walk-In Shower Installation,Bathroom,no,,,,,,service page,/services/walk-in-shower-installation/,,,,no
2,35,head,walk in shower installation companies,hiring,Commercial,walk-in-shower-installation,Walk-In Shower Installation,Bathroom,no,,,,,,service page,/services/walk-in-shower-installation/,,,,no
2,35,head,walk in shower installation company,hiring,Commercial,walk-in-shower-installation,Walk-In Shower Installation,Bathroom,no,,,,,,service page,/services/walk-in-shower-installation/,,,,no
2,35,head,walk in shower installation gta,anchor-city,Commercial,walk-in-shower-installation,Walk-In Shower Installation,Bathroom,no,,,,,,service page,/services/walk-in-shower-installation/,,,,no
2,35,head,walk in shower installation quote,quote,Transactional,walk-in-shower-installation,Walk-In Shower Installation,Bathroom,no,,,,,,service page,/services/walk-in-shower-installation/,,,,no
2,35,head,walk in shower installation services,hiring,Commercial,walk-in-shower-installation,Walk-In Shower Installation,Bathroom,no,,,,,,service page,/services/walk-in-shower-installation/,,,,no
2,35,head,best walkout basement construction,comparison,Commercial,walkout-basement-construction,Walkout Basement Construction,Basement,no,,,,,,service page,/services/walkout-basement-construction/,,,,no
2,35,head,walkout basement construction companies,hiring,Commercial,walkout-basement-construction,Walkout Basement Construction,Basement,no,,,,,,service page,/services/walkout-basement-construction/,,,,no
2,35,head,walkout basement construction company,hiring,Commercial,walkout-basement-construction,Walkout Basement Construction,Basement,no,,,,,,service page,/services/walkout-basement-construction/,,,,no
2,35,head,walkout basement construction gta,anchor-city,Commercial,walkout-basement-construction,Walkout Basement Construction,Basement,no,,,,,,service page,/services/walkout-basement-construction/,,,,no
2,35,head,walkout basement construction quote,quote,Transactional,walkout-basement-construction,Walkout Basement Construction,Basement,no,,,,,,service page,/services/walkout-basement-construction/,,,,no
2,35,head,walkout basement construction services,hiring,Commercial,walkout-basement-construction,Walkout Basement Construction,Basement,no,,,,,,service page,/services/walkout-basement-construction/,,,,no
2,35,head,best wall insulation,comparison,Commercial,wall-insulation,Wall Insulation,Insulation & Energy,no,,,,,,service page,/services/wall-insulation/,,,,no
2,35,head,wall insulation companies,hiring,Commercial,wall-insulation,Wall Insulation,Insulation & Energy,no,,,,,,service page,/services/wall-insulation/,,,,no
2,35,head,wall insulation company,hiring,Commercial,wall-insulation,Wall Insulation,Insulation & Energy,no,,,,,,service page,/services/wall-insulation/,,,,no
2,35,head,wall insulation gta,anchor-city,Commercial,wall-insulation,Wall Insulation,Insulation & Energy,no,,,,,,service page,/services/wall-insulation/,,,,no
2,35,head,wall insulation quote,quote,Transactional,wall-insulation,Wall Insulation,Insulation & Energy,no,,,,,,service page,/services/wall-insulation/,,,,no
2,35,head,wall insulation services,hiring,Commercial,wall-insulation,Wall Insulation,Insulation & Energy,no,,,,,,service page,/services/wall-insulation/,,,,no
2,35,head,best wallpaper installation,comparison,Commercial,wallpaper-installation,Wallpaper Installation,Painting,no,,,,,,service page,/services/wallpaper-installation/,,,,no
2,35,head,wallpaper installation companies,hiring,Commercial,wallpaper-installation,Wallpaper Installation,Painting,no,,,,,,service page,/services/wallpaper-installation/,,,,no
2,36,head,wallpaper installation company,hiring,Commercial,wallpaper-installation,Wallpaper Installation,Painting,no,,,,,,service page,/services/wallpaper-installation/,,,,no
2,36,head,wallpaper installation gta,anchor-city,Commercial,wallpaper-installation,Wallpaper Installation,Painting,no,,,,,,service page,/services/wallpaper-installation/,,,,no
2,36,head,wallpaper installation quote,quote,Transactional,wallpaper-installation,Wallpaper Installation,Painting,no,,,,,,service page,/services/wallpaper-installation/,,,,no
2,36,head,wallpaper installation services,hiring,Commercial,wallpaper-installation,Wallpaper Installation,Painting,no,,,,,,service page,/services/wallpaper-installation/,,,,no
2,36,head,best wallpaper removal,comparison,Commercial,wallpaper-removal,Wallpaper Removal,Painting,no,,,,,,service page,/services/wallpaper-removal/,,,,no
2,36,head,wallpaper removal companies,hiring,Commercial,wallpaper-removal,Wallpaper Removal,Painting,no,,,,,,service page,/services/wallpaper-removal/,,,,no
2,36,head,wallpaper removal company,hiring,Commercial,wallpaper-removal,Wallpaper Removal,Painting,no,,,,,,service page,/services/wallpaper-removal/,,,,no
2,36,head,wallpaper removal gta,anchor-city,Commercial,wallpaper-removal,Wallpaper Removal,Painting,no,,,,,,service page,/services/wallpaper-removal/,,,,no
2,36,head,wallpaper removal quote,quote,Transactional,wallpaper-removal,Wallpaper Removal,Painting,no,,,,,,service page,/services/wallpaper-removal/,,,,no
2,36,head,wallpaper removal services,hiring,Commercial,wallpaper-removal,Wallpaper Removal,Painting,no,,,,,,service page,/services/wallpaper-removal/,,,,no
2,36,head,best water damage drywall repair,comparison,Commercial,water-damage-drywall-repair,Water Damage Drywall Repair,Drywall & Ceilings,no,,,,,,service page,/services/water-damage-drywall-repair/,,,,no
2,36,head,water damage drywall repair companies,hiring,Commercial,water-damage-drywall-repair,Water Damage Drywall Repair,Drywall & Ceilings,no,,,,,,service page,/services/water-damage-drywall-repair/,,,,no
2,36,head,water damage drywall repair company,hiring,Commercial,water-damage-drywall-repair,Water Damage Drywall Repair,Drywall & Ceilings,no,,,,,,service page,/services/water-damage-drywall-repair/,,,,no
2,36,head,water damage drywall repair gta,anchor-city,Commercial,water-damage-drywall-repair,Water Damage Drywall Repair,Drywall & Ceilings,no,,,,,,service page,/services/water-damage-drywall-repair/,,,,no
2,36,head,water damage drywall repair quote,quote,Transactional,water-damage-drywall-repair,Water Damage Drywall Repair,Drywall & Ceilings,no,,,,,,service page,/services/water-damage-drywall-repair/,,,,no
2,36,head,water damage drywall repair services,hiring,Commercial,water-damage-drywall-repair,Water Damage Drywall Repair,Drywall & Ceilings,no,,,,,,service page,/services/water-damage-drywall-repair/,,,,no
2,36,head,best water heater installation,comparison,Commercial,water-heater-installation,Water Heater Installation,Plumbing,no,,,,,,service page,/services/water-heater-installation/,,,,no
2,36,head,water heater installation companies,hiring,Commercial,water-heater-installation,Water Heater Installation,Plumbing,no,,,,,,service page,/services/water-heater-installation/,,,,no
2,36,head,water heater installation company,hiring,Commercial,water-heater-installation,Water Heater Installation,Plumbing,no,,,,,,service page,/services/water-heater-installation/,,,,no
2,36,head,water heater installation gta,anchor-city,Commercial,water-heater-installation,Water Heater Installation,Plumbing,no,,,,,,service page,/services/water-heater-installation/,,,,no
2,36,head,water heater installation quote,quote,Transactional,water-heater-installation,Water Heater Installation,Plumbing,no,,,,,,service page,/services/water-heater-installation/,,,,no
2,36,head,water heater installation services,hiring,Commercial,water-heater-installation,Water Heater Installation,Plumbing,no,,,,,,service page,/services/water-heater-installation/,,,,no
2,36,head,best water line replacement,comparison,Commercial,water-line-replacement,Water Line Replacement,Plumbing,no,,,,,,service page,/services/water-line-replacement/,,,,no
2,36,head,water line replacement companies,hiring,Commercial,water-line-replacement,Water Line Replacement,Plumbing,no,,,,,,service page,/services/water-line-replacement/,,,,no
2,36,head,water line replacement company,hiring,Commercial,water-line-replacement,Water Line Replacement,Plumbing,no,,,,,,service page,/services/water-line-replacement/,,,,no
2,36,head,water line replacement gta,anchor-city,Commercial,water-line-replacement,Water Line Replacement,Plumbing,no,,,,,,service page,/services/water-line-replacement/,,,,no
2,36,head,water line replacement quote,quote,Transactional,water-line-replacement,Water Line Replacement,Plumbing,no,,,,,,service page,/services/water-line-replacement/,,,,no
2,36,head,water line replacement services,hiring,Commercial,water-line-replacement,Water Line Replacement,Plumbing,no,,,,,,service page,/services/water-line-replacement/,,,,no
2,36,head,best weeping tile installation,comparison,Commercial,weeping-tile-installation,Weeping Tile Installation,Waterproofing,no,,,,,,service page,/services/weeping-tile-installation/,,,,no
2,36,head,weeping tile installation companies,hiring,Commercial,weeping-tile-installation,Weeping Tile Installation,Waterproofing,no,,,,,,service page,/services/weeping-tile-installation/,,,,no
2,36,head,weeping tile installation company,hiring,Commercial,weeping-tile-installation,Weeping Tile Installation,Waterproofing,no,,,,,,service page,/services/weeping-tile-installation/,,,,no
2,36,head,weeping tile installation gta,anchor-city,Commercial,weeping-tile-installation,Weeping Tile Installation,Waterproofing,no,,,,,,service page,/services/weeping-tile-installation/,,,,no
2,36,head,weeping tile installation quote,quote,Transactional,weeping-tile-installation,Weeping Tile Installation,Waterproofing,no,,,,,,service page,/services/weeping-tile-installation/,,,,no
2,36,head,weeping tile installation services,hiring,Commercial,weeping-tile-installation,Weeping Tile Installation,Waterproofing,no,,,,,,service page,/services/weeping-tile-installation/,,,,no
2,36,head,best wet basement repair,comparison,Commercial,wet-basement-repair,Wet Basement Repair,Waterproofing,no,,,,,,service page,/services/wet-basement-repair/,,,,no
2,36,head,wet basement repair companies,hiring,Commercial,wet-basement-repair,Wet Basement Repair,Waterproofing,no,,,,,,service page,/services/wet-basement-repair/,,,,no
2,36,head,wet basement repair company,hiring,Commercial,wet-basement-repair,Wet Basement Repair,Waterproofing,no,,,,,,service page,/services/wet-basement-repair/,,,,no
2,36,head,wet basement repair gta,anchor-city,Commercial,wet-basement-repair,Wet Basement Repair,Waterproofing,no,,,,,,service page,/services/wet-basement-repair/,,,,no
2,36,head,wet basement repair quote,quote,Transactional,wet-basement-repair,Wet Basement Repair,Waterproofing,no,,,,,,service page,/services/wet-basement-repair/,,,,no
2,36,head,wet basement repair services,hiring,Commercial,wet-basement-repair,Wet Basement Repair,Waterproofing,no,,,,,,service page,/services/wet-basement-repair/,,,,no
2,36,head,best wheelchair ramp installation,comparison,Commercial,wheelchair-ramp-installation,Wheelchair Ramp Installation,Accessibility,no,,,,,,service page,/services/wheelchair-ramp-installation/,,,,no
2,36,head,wheelchair ramp installation companies,hiring,Commercial,wheelchair-ramp-installation,Wheelchair Ramp Installation,Accessibility,no,,,,,,service page,/services/wheelchair-ramp-installation/,,,,no
2,36,head,wheelchair ramp installation company,hiring,Commercial,wheelchair-ramp-installation,Wheelchair Ramp Installation,Accessibility,no,,,,,,service page,/services/wheelchair-ramp-installation/,,,,no
2,36,head,wheelchair ramp installation gta,anchor-city,Commercial,wheelchair-ramp-installation,Wheelchair Ramp Installation,Accessibility,no,,,,,,service page,/services/wheelchair-ramp-installation/,,,,no
2,36,head,wheelchair ramp installation quote,quote,Transactional,wheelchair-ramp-installation,Wheelchair Ramp Installation,Accessibility,no,,,,,,service page,/services/wheelchair-ramp-installation/,,,,no
2,36,head,wheelchair ramp installation services,hiring,Commercial,wheelchair-ramp-installation,Wheelchair Ramp Installation,Accessibility,no,,,,,,service page,/services/wheelchair-ramp-installation/,,,,no
2,36,head,best window casing installation,comparison,Commercial,window-casing-installation,Window Casing Installation,Trim & Millwork,no,,,,,,service page,/services/window-casing-installation/,,,,no
2,36,head,window casing installation companies,hiring,Commercial,window-casing-installation,Window Casing Installation,Trim & Millwork,no,,,,,,service page,/services/window-casing-installation/,,,,no
2,36,head,window casing installation company,hiring,Commercial,window-casing-installation,Window Casing Installation,Trim & Millwork,no,,,,,,service page,/services/window-casing-installation/,,,,no
2,36,head,window casing installation gta,anchor-city,Commercial,window-casing-installation,Window Casing Installation,Trim & Millwork,no,,,,,,service page,/services/window-casing-installation/,,,,no
2,36,head,window casing installation quote,quote,Transactional,window-casing-installation,Window Casing Installation,Trim & Millwork,no,,,,,,service page,/services/window-casing-installation/,,,,no
2,36,head,window casing installation services,hiring,Commercial,window-casing-installation,Window Casing Installation,Trim & Millwork,no,,,,,,service page,/services/window-casing-installation/,,,,no
2,36,head,best window glass replacement,comparison,Commercial,window-glass-replacement,Window Glass Replacement,Windows,no,,,,,,service page,/services/window-glass-replacement/,,,,no
2,36,head,window glass replacement companies,hiring,Commercial,window-glass-replacement,Window Glass Replacement,Windows,no,,,,,,service page,/services/window-glass-replacement/,,,,no
2,36,head,window glass replacement company,hiring,Commercial,window-glass-replacement,Window Glass Replacement,Windows,no,,,,,,service page,/services/window-glass-replacement/,,,,no
2,36,head,window glass replacement gta,anchor-city,Commercial,window-glass-replacement,Window Glass Replacement,Windows,no,,,,,,service page,/services/window-glass-replacement/,,,,no
2,36,head,window glass replacement quote,quote,Transactional,window-glass-replacement,Window Glass Replacement,Windows,no,,,,,,service page,/services/window-glass-replacement/,,,,no
2,36,head,window glass replacement services,hiring,Commercial,window-glass-replacement,Window Glass Replacement,Windows,no,,,,,,service page,/services/window-glass-replacement/,,,,no
2,36,head,best window repair,comparison,Commercial,window-repair,Window Repair,Windows,no,,,,,,service page,/services/window-repair/,,,,no
2,36,head,window repair companies,hiring,Commercial,window-repair,Window Repair,Windows,no,,,,,,service page,/services/window-repair/,,,,no
2,36,head,window repair company,hiring,Commercial,window-repair,Window Repair,Windows,no,,,,,,service page,/services/window-repair/,,,,no
2,36,head,window repair gta,anchor-city,Commercial,window-repair,Window Repair,Windows,no,,,,,,service page,/services/window-repair/,,,,no
2,36,head,window repair quote,quote,Transactional,window-repair,Window Repair,Windows,no,,,,,,service page,/services/window-repair/,,,,no
2,36,head,window repair services,hiring,Commercial,window-repair,Window Repair,Windows,no,,,,,,service page,/services/window-repair/,,,,no
2,36,head,best window sill replacement,comparison,Commercial,window-sill-replacement,Window Sill Replacement,Windows,no,,,,,,service page,/services/window-sill-replacement/,,,,no
2,36,head,window sill replacement companies,hiring,Commercial,window-sill-replacement,Window Sill Replacement,Windows,no,,,,,,service page,/services/window-sill-replacement/,,,,no
2,36,head,window sill replacement company,hiring,Commercial,window-sill-replacement,Window Sill Replacement,Windows,no,,,,,,service page,/services/window-sill-replacement/,,,,no
2,36,head,window sill replacement gta,anchor-city,Commercial,window-sill-replacement,Window Sill Replacement,Windows,no,,,,,,service page,/services/window-sill-replacement/,,,,no
2,36,head,window sill replacement quote,quote,Transactional,window-sill-replacement,Window Sill Replacement,Windows,no,,,,,,service page,/services/window-sill-replacement/,,,,no
2,36,head,window sill replacement services,hiring,Commercial,window-sill-replacement,Window Sill Replacement,Windows,no,,,,,,service page,/services/window-sill-replacement/,,,,no
2,36,head,best window trim installation,comparison,Commercial,window-trim-installation,Window Trim Installation,Windows,no,,,,,,service page,/services/window-trim-installation/,,,,no
2,36,head,window trim installation companies,hiring,Commercial,window-trim-installation,Window Trim Installation,Windows,no,,,,,,service page,/services/window-trim-installation/,,,,no
2,36,head,window trim installation company,hiring,Commercial,window-trim-installation,Window Trim Installation,Windows,no,,,,,,service page,/services/window-trim-installation/,,,,no
2,36,head,window trim installation gta,anchor-city,Commercial,window-trim-installation,Window Trim Installation,Windows,no,,,,,,service page,/services/window-trim-installation/,,,,no
2,36,head,window trim installation quote,quote,Transactional,window-trim-installation,Window Trim Installation,Windows,no,,,,,,service page,/services/window-trim-installation/,,,,no
2,36,head,window trim installation services,hiring,Commercial,window-trim-installation,Window Trim Installation,Windows,no,,,,,,service page,/services/window-trim-installation/,,,,no
2,36,head,best window well installation,comparison,Commercial,window-well-installation,Window Well Installation,Waterproofing,no,,,,,,service page,/services/window-well-installation/,,,,no
2,36,head,window well installation companies,hiring,Commercial,window-well-installation,Window Well Installation,Waterproofing,no,,,,,,service page,/services/window-well-installation/,,,,no
2,36,head,window well installation company,hiring,Commercial,window-well-installation,Window Well Installation,Waterproofing,no,,,,,,service page,/services/window-well-installation/,,,,no
2,36,head,window well installation gta,anchor-city,Commercial,window-well-installation,Window Well Installation,Waterproofing,no,,,,,,service page,/services/window-well-installation/,,,,no
2,36,head,window well installation quote,quote,Transactional,window-well-installation,Window Well Installation,Waterproofing,no,,,,,,service page,/services/window-well-installation/,,,,no
2,36,head,window well installation services,hiring,Commercial,window-well-installation,Window Well Installation,Waterproofing,no,,,,,,service page,/services/window-well-installation/,,,,no
2,36,head,best wine cellar construction,comparison,Commercial,wine-cellar-construction,Wine Cellar Construction,Specialty Rooms,no,,,,,,service page,/services/wine-cellar-construction/,,,,no
2,36,head,wine cellar construction companies,hiring,Commercial,wine-cellar-construction,Wine Cellar Construction,Specialty Rooms,no,,,,,,service page,/services/wine-cellar-construction/,,,,no
2,36,head,wine cellar construction company,hiring,Commercial,wine-cellar-construction,Wine Cellar Construction,Specialty Rooms,no,,,,,,service page,/services/wine-cellar-construction/,,,,no
2,36,head,wine cellar construction gta,anchor-city,Commercial,wine-cellar-construction,Wine Cellar Construction,Specialty Rooms,no,,,,,,service page,/services/wine-cellar-construction/,,,,no
2,36,head,wine cellar construction quote,quote,Transactional,wine-cellar-construction,Wine Cellar Construction,Specialty Rooms,no,,,,,,service page,/services/wine-cellar-construction/,,,,no
2,36,head,wine cellar construction services,hiring,Commercial,wine-cellar-construction,Wine Cellar Construction,Specialty Rooms,no,,,,,,service page,/services/wine-cellar-construction/,,,,no
2,36,head,best wood deck building,comparison,Commercial,wood-deck-building,Wood Deck Building,Decks,no,,,,,,service page,/services/wood-deck-building/,,,,no
2,36,head,wood deck building companies,hiring,Commercial,wood-deck-building,Wood Deck Building,Decks,no,,,,,,service page,/services/wood-deck-building/,,,,no
2,36,head,wood deck building company,hiring,Commercial,wood-deck-building,Wood Deck Building,Decks,no,,,,,,service page,/services/wood-deck-building/,,,,no
2,36,head,wood deck building gta,anchor-city,Commercial,wood-deck-building,Wood Deck Building,Decks,no,,,,,,service page,/services/wood-deck-building/,,,,no
2,36,head,wood deck building quote,quote,Transactional,wood-deck-building,Wood Deck Building,Decks,no,,,,,,service page,/services/wood-deck-building/,,,,no
2,36,head,wood deck building services,hiring,Commercial,wood-deck-building,Wood Deck Building,Decks,no,,,,,,service page,/services/wood-deck-building/,,,,no
2,36,head,best wood fence installation,comparison,Commercial,wood-fence-installation,Wood Fence Installation,Fences,no,,,,,,service page,/services/wood-fence-installation/,,,,no
2,36,head,wood fence installation companies,hiring,Commercial,wood-fence-installation,Wood Fence Installation,Fences,no,,,,,,service page,/services/wood-fence-installation/,,,,no
2,36,head,wood fence installation company,hiring,Commercial,wood-fence-installation,Wood Fence Installation,Fences,no,,,,,,service page,/services/wood-fence-installation/,,,,no
2,36,head,wood fence installation gta,anchor-city,Commercial,wood-fence-installation,Wood Fence Installation,Fences,no,,,,,,service page,/services/wood-fence-installation/,,,,no
2,36,head,wood fence installation quote,quote,Transactional,wood-fence-installation,Wood Fence Installation,Fences,no,,,,,,service page,/services/wood-fence-installation/,,,,no
2,36,head,wood fence installation services,hiring,Commercial,wood-fence-installation,Wood Fence Installation,Fences,no,,,,,,service page,/services/wood-fence-installation/,,,,no
3,37,head,attic insulation ontario,anchor-city,Commercial,attic-insulation,Attic Insulation,Insulation & Energy,yes,,,,,,service page,/services/attic-insulation/,,,,no
3,37,head,hire attic insulation contractor,hiring,Transactional,attic-insulation,Attic Insulation,Insulation & Energy,yes,,,,,,service page,/services/attic-insulation/,,,,no
3,37,head,baseboard installation ontario,anchor-city,Commercial,baseboard-installation,Baseboard Installation,Trim & Millwork,yes,,,,,,service page,/services/baseboard-installation/,,,,no
3,37,head,hire baseboard installation contractor,hiring,Transactional,baseboard-installation,Baseboard Installation,Trim & Millwork,yes,,,,,,service page,/services/baseboard-installation/,,,,no
3,37,head,basement finishing ontario,anchor-city,Commercial,basement-finishing,Basement Finishing,Basement,yes,,,,,,service page,/services/basement-finishing/,,,,no
3,37,head,hire basement finishing contractor,hiring,Transactional,basement-finishing,Basement Finishing,Basement,yes,,,,,,service page,/services/basement-finishing/,,,,no
3,37,head,basement renovation ontario,anchor-city,Commercial,basement-renovation,Basement Renovation,Basement,yes,,,,,,service page,/services/basement-renovation/,,,,no
3,37,head,hire basement renovation contractor,hiring,Transactional,basement-renovation,Basement Renovation,Basement,yes,,,,,,service page,/services/basement-renovation/,,,,no
3,37,head,basement waterproofing ontario,anchor-city,Commercial,basement-waterproofing,Basement Waterproofing,Waterproofing,yes,,,,,,service page,/services/basement-waterproofing/,,,,no
3,37,head,hire basement waterproofing contractor,hiring,Transactional,basement-waterproofing,Basement Waterproofing,Waterproofing,yes,,,,,,service page,/services/basement-waterproofing/,,,,no
3,37,head,bathroom remodeling ontario,anchor-city,Commercial,bathroom-remodeling,Bathroom Remodeling,Bathroom,yes,,,,,,service page,/services/bathroom-remodeling/,,,,no
3,37,head,hire bathroom remodeling contractor,hiring,Transactional,bathroom-remodeling,Bathroom Remodeling,Bathroom,yes,,,,,,service page,/services/bathroom-remodeling/,,,,no
3,37,head,bathroom renovation ontario,anchor-city,Commercial,bathroom-renovation,Bathroom Renovation,Bathroom,yes,,,,,,service page,/services/bathroom-renovation/,,,,no
3,37,head,hire bathroom renovation contractor,hiring,Transactional,bathroom-renovation,Bathroom Renovation,Bathroom,yes,,,,,,service page,/services/bathroom-renovation/,,,,no
3,37,head,concrete contractor ontario,anchor-city,Commercial,concrete-contractor,Concrete Contractor,Concrete & Masonry,yes,,,,,,service page,/services/concrete-contractor/,,,,no
3,37,head,condo renovation ontario,anchor-city,Commercial,condo-renovation,Condo Renovation,Whole Home,yes,,,,,,service page,/services/condo-renovation/,,,,no
3,37,head,hire condo renovation contractor,hiring,Transactional,condo-renovation,Condo Renovation,Whole Home,yes,,,,,,service page,/services/condo-renovation/,,,,no
3,37,head,countertop installation ontario,anchor-city,Commercial,countertop-installation,Countertop Installation,Kitchen,yes,,,,,,service page,/services/countertop-installation/,,,,no
3,37,head,hire countertop installation contractor,hiring,Transactional,countertop-installation,Countertop Installation,Kitchen,yes,,,,,,service page,/services/countertop-installation/,,,,no
3,37,head,crown moulding installation ontario,anchor-city,Commercial,crown-moulding-installation,Crown Moulding Installation,Trim & Millwork,yes,,,,,,service page,/services/crown-moulding-installation/,,,,no
3,37,head,hire crown moulding installation contractor,hiring,Transactional,crown-moulding-installation,Crown Moulding Installation,Trim & Millwork,yes,,,,,,service page,/services/crown-moulding-installation/,,,,no
3,37,head,custom cabinetry ontario,anchor-city,Commercial,custom-cabinetry,Custom Cabinetry,Cabinetry & Storage,yes,,,,,,service page,/services/custom-cabinetry/,,,,no
3,37,head,hire custom cabinetry contractor,hiring,Transactional,custom-cabinetry,Custom Cabinetry,Cabinetry & Storage,yes,,,,,,service page,/services/custom-cabinetry/,,,,no
3,37,head,custom closet installation ontario,anchor-city,Commercial,custom-closet-installation,Custom Closet Installation,Cabinetry & Storage,yes,,,,,,service page,/services/custom-closet-installation/,,,,no
3,37,head,hire custom closet installation contractor,hiring,Transactional,custom-closet-installation,Custom Closet Installation,Cabinetry & Storage,yes,,,,,,service page,/services/custom-closet-installation/,,,,no
3,37,head,custom doors ontario,anchor-city,Commercial,custom-doors,Custom Doors,Doors,yes,,,,,,service page,/services/custom-doors/,,,,no
3,37,head,hire custom doors contractor,hiring,Transactional,custom-doors,Custom Doors,Doors,yes,,,,,,service page,/services/custom-doors/,,,,no
3,37,head,custom kitchen cabinets ontario,anchor-city,Commercial,custom-kitchen-cabinets,Custom Kitchen Cabinets,Kitchen,yes,,,,,,service page,/services/custom-kitchen-cabinets/,,,,no
3,37,head,hire custom kitchen cabinets contractor,hiring,Transactional,custom-kitchen-cabinets,Custom Kitchen Cabinets,Kitchen,yes,,,,,,service page,/services/custom-kitchen-cabinets/,,,,no
3,37,head,deck builder ontario,anchor-city,Commercial,deck-builder,Deck Builder,Decks,yes,,,,,,service page,/services/deck-builder/,,,,no
3,37,head,hire deck builder contractor,hiring,Transactional,deck-builder,Deck Builder,Decks,yes,,,,,,service page,/services/deck-builder/,,,,no
3,37,head,deck building ontario,anchor-city,Commercial,deck-building,Deck Building,Decks,yes,,,,,,service page,/services/deck-building/,,,,no
3,37,head,hire deck building contractor,hiring,Transactional,deck-building,Deck Building,Decks,yes,,,,,,service page,/services/deck-building/,,,,no
3,37,head,deck repair ontario,anchor-city,Commercial,deck-repair,Deck Repair,Decks,yes,,,,,,service page,/services/deck-repair/,,,,no
3,37,head,hire deck repair contractor,hiring,Transactional,deck-repair,Deck Repair,Decks,yes,,,,,,service page,/services/deck-repair/,,,,no
3,37,head,door installation ontario,anchor-city,Commercial,door-installation,Door Installation,Doors,yes,,,,,,service page,/services/door-installation/,,,,no
3,37,head,hire door installation contractor,hiring,Transactional,door-installation,Door Installation,Doors,yes,,,,,,service page,/services/door-installation/,,,,no
3,37,head,door replacement ontario,anchor-city,Commercial,door-replacement,Door Replacement,Doors,yes,,,,,,service page,/services/door-replacement/,,,,no
3,37,head,hire door replacement contractor,hiring,Transactional,door-replacement,Door Replacement,Doors,yes,,,,,,service page,/services/door-replacement/,,,,no
3,37,head,drywall contractor ontario,anchor-city,Commercial,drywall-contractor,Drywall Contractor,Drywall & Ceilings,yes,,,,,,service page,/services/drywall-contractor/,,,,no
3,37,head,drywall installation ontario,anchor-city,Commercial,drywall-installation,Drywall Installation,Drywall & Ceilings,yes,,,,,,service page,/services/drywall-installation/,,,,no
3,37,head,hire drywall installation contractor,hiring,Transactional,drywall-installation,Drywall Installation,Drywall & Ceilings,yes,,,,,,service page,/services/drywall-installation/,,,,no
3,37,head,drywall repair ontario,anchor-city,Commercial,drywall-repair,Drywall Repair,Drywall & Ceilings,yes,,,,,,service page,/services/drywall-repair/,,,,no
3,37,head,hire drywall repair contractor,hiring,Transactional,drywall-repair,Drywall Repair,Drywall & Ceilings,yes,,,,,,service page,/services/drywall-repair/,,,,no
3,37,head,electrical contractor ontario,anchor-city,Commercial,electrical-contractor,Electrical Contractor,Electrical,yes,,,,,,service page,/services/electrical-contractor/,,,,no
3,37,head,electrical panel upgrade ontario,anchor-city,Commercial,electrical-panel-upgrade,Electrical Panel Upgrade,Electrical,yes,,,,,,service page,/services/electrical-panel-upgrade/,,,,no
3,37,head,hire electrical panel upgrade contractor,hiring,Transactional,electrical-panel-upgrade,Electrical Panel Upgrade,Electrical,yes,,,,,,service page,/services/electrical-panel-upgrade/,,,,no
3,37,head,exterior door installation ontario,anchor-city,Commercial,exterior-door-installation,Exterior Door Installation,Doors,yes,,,,,,service page,/services/exterior-door-installation/,,,,no
3,37,head,hire exterior door installation contractor,hiring,Transactional,exterior-door-installation,Exterior Door Installation,Doors,yes,,,,,,service page,/services/exterior-door-installation/,,,,no
3,37,head,exterior painting ontario,anchor-city,Commercial,exterior-painting,Exterior Painting,Painting,yes,,,,,,service page,/services/exterior-painting/,,,,no
3,37,head,hire exterior painting contractor,hiring,Transactional,exterior-painting,Exterior Painting,Painting,yes,,,,,,service page,/services/exterior-painting/,,,,no
3,37,head,exterior renovation ontario,anchor-city,Commercial,exterior-renovation,Exterior Renovation,Whole Home,yes,,,,,,service page,/services/exterior-renovation/,,,,no
3,37,head,hire exterior renovation contractor,hiring,Transactional,exterior-renovation,Exterior Renovation,Whole Home,yes,,,,,,service page,/services/exterior-renovation/,,,,no
3,37,head,fence contractor ontario,anchor-city,Commercial,fence-contractor,Fence Contractor,Fences,yes,,,,,,service page,/services/fence-contractor/,,,,no
3,37,head,fence installation ontario,anchor-city,Commercial,fence-installation,Fence Installation,Fences,yes,,,,,,service page,/services/fence-installation/,,,,no
3,37,head,hire fence installation contractor,hiring,Transactional,fence-installation,Fence Installation,Fences,yes,,,,,,service page,/services/fence-installation/,,,,no
3,37,head,fence repair ontario,anchor-city,Commercial,fence-repair,Fence Repair,Fences,yes,,,,,,service page,/services/fence-repair/,,,,no
3,37,head,hire fence repair contractor,hiring,Transactional,fence-repair,Fence Repair,Fences,yes,,,,,,service page,/services/fence-repair/,,,,no
3,37,head,flooring contractor ontario,anchor-city,Commercial,flooring-contractor,Flooring Contractor,Flooring,yes,,,,,,service page,/services/flooring-contractor/,,,,no
3,37,head,flooring installation ontario,anchor-city,Commercial,flooring-installation,Flooring Installation,Flooring,yes,,,,,,service page,/services/flooring-installation/,,,,no
3,37,head,hire flooring installation contractor,hiring,Transactional,flooring-installation,Flooring Installation,Flooring,yes,,,,,,service page,/services/flooring-installation/,,,,no
3,37,head,flooring replacement ontario,anchor-city,Commercial,flooring-replacement,Flooring Replacement,Flooring,yes,,,,,,service page,/services/flooring-replacement/,,,,no
3,37,head,hire flooring replacement contractor,hiring,Transactional,flooring-replacement,Flooring Replacement,Flooring,yes,,,,,,service page,/services/flooring-replacement/,,,,no
3,37,head,foundation repair ontario,anchor-city,Commercial,foundation-repair,Foundation Repair,Concrete & Masonry,yes,,,,,,service page,/services/foundation-repair/,,,,no
3,37,head,hire foundation repair contractor,hiring,Transactional,foundation-repair,Foundation Repair,Concrete & Masonry,yes,,,,,,service page,/services/foundation-repair/,,,,no
3,37,head,general contractor ontario,anchor-city,Commercial,general-contractor,General Contractor,Whole Home,yes,,,,,,service page,/services/general-contractor/,,,,no
3,37,head,hardwood floor installation ontario,anchor-city,Commercial,hardwood-floor-installation,Hardwood Floor Installation,Flooring,yes,,,,,,service page,/services/hardwood-floor-installation/,,,,no
3,37,head,hire hardwood floor installation contractor,hiring,Transactional,hardwood-floor-installation,Hardwood Floor Installation,Flooring,yes,,,,,,service page,/services/hardwood-floor-installation/,,,,no
3,37,head,hire home addition contractor,hiring,Transactional,home-addition,Home Addition,Whole Home,yes,,,,,,service page,/services/home-addition/,,,,no
3,37,head,home addition ontario,anchor-city,Commercial,home-addition,Home Addition,Whole Home,yes,,,,,,service page,/services/home-addition/,,,,no
3,37,head,hire home renovation contractor,hiring,Transactional,home-renovation,Home Renovation,Whole Home,yes,,,,,,service page,/services/home-renovation/,,,,no
3,37,head,home renovation ontario,anchor-city,Commercial,home-renovation,Home Renovation,Whole Home,yes,,,,,,service page,/services/home-renovation/,,,,no
3,37,head,hire house extension contractor,hiring,Transactional,house-extension,House Extension,Whole Home,yes,,,,,,service page,/services/house-extension/,,,,no
3,37,head,house extension ontario,anchor-city,Commercial,house-extension,House Extension,Whole Home,yes,,,,,,service page,/services/house-extension/,,,,no
3,37,head,hire house painting contractor,hiring,Transactional,house-painting,House Painting,Painting,yes,,,,,,service page,/services/house-painting/,,,,no
3,37,head,house painting ontario,anchor-city,Commercial,house-painting,House Painting,Painting,yes,,,,,,service page,/services/house-painting/,,,,no
3,37,head,insulation contractor ontario,anchor-city,Commercial,insulation-contractor,Insulation Contractor,Insulation & Energy,yes,,,,,,service page,/services/insulation-contractor/,,,,no
3,37,head,hire interior door installation contractor,hiring,Transactional,interior-door-installation,Interior Door Installation,Doors,yes,,,,,,service page,/services/interior-door-installation/,,,,no
3,37,head,interior door installation ontario,anchor-city,Commercial,interior-door-installation,Interior Door Installation,Doors,yes,,,,,,service page,/services/interior-door-installation/,,,,no
3,37,head,hire interior painting contractor,hiring,Transactional,interior-painting,Interior Painting,Painting,yes,,,,,,service page,/services/interior-painting/,,,,no
3,37,head,interior painting ontario,anchor-city,Commercial,interior-painting,Interior Painting,Painting,yes,,,,,,service page,/services/interior-painting/,,,,no
3,37,head,hire interior renovation contractor,hiring,Transactional,interior-renovation,Interior Renovation,Whole Home,yes,,,,,,service page,/services/interior-renovation/,,,,no
3,37,head,interior renovation ontario,anchor-city,Commercial,interior-renovation,Interior Renovation,Whole Home,yes,,,,,,service page,/services/interior-renovation/,,,,no
3,37,head,hire interlocking installation contractor,hiring,Transactional,interlocking-installation,Interlocking Installation,Concrete & Masonry,yes,,,,,,service page,/services/interlocking-installation/,,,,no
3,37,head,interlocking installation ontario,anchor-city,Commercial,interlocking-installation,Interlocking Installation,Concrete & Masonry,yes,,,,,,service page,/services/interlocking-installation/,,,,no
3,37,head,hire kitchen remodeling contractor,hiring,Transactional,kitchen-remodeling,Kitchen Remodeling,Kitchen,yes,,,,,,service page,/services/kitchen-remodeling/,,,,no
3,37,head,kitchen remodeling ontario,anchor-city,Commercial,kitchen-remodeling,Kitchen Remodeling,Kitchen,yes,,,,,,service page,/services/kitchen-remodeling/,,,,no
3,37,head,hire kitchen renovation contractor,hiring,Transactional,kitchen-renovation,Kitchen Renovation,Kitchen,yes,,,,,,service page,/services/kitchen-renovation/,,,,no
3,37,head,kitchen renovation ontario,anchor-city,Commercial,kitchen-renovation,Kitchen Renovation,Kitchen,yes,,,,,,service page,/services/kitchen-renovation/,,,,no
3,37,head,hire laminate floor installation contractor,hiring,Transactional,laminate-floor-installation,Laminate Floor Installation,Flooring,yes,,,,,,service page,/services/laminate-floor-installation/,,,,no
3,37,head,laminate floor installation ontario,anchor-city,Commercial,laminate-floor-installation,Laminate Floor Installation,Flooring,yes,,,,,,service page,/services/laminate-floor-installation/,,,,no
3,37,head,hire legal basement apartment contractor,hiring,Transactional,legal-basement-apartment,Legal Basement Apartment,Basement,yes,,,,,,service page,/services/legal-basement-apartment/,,,,no
3,37,head,legal basement apartment ontario,anchor-city,Commercial,legal-basement-apartment,Legal Basement Apartment,Basement,yes,,,,,,service page,/services/legal-basement-apartment/,,,,no
3,37,head,painting contractor ontario,anchor-city,Commercial,painting-contractor,Painting Contractor,Painting,yes,,,,,,service page,/services/painting-contractor/,,,,no
3,37,head,plumbing contractor ontario,anchor-city,Commercial,plumbing-contractor,Plumbing Contractor,Plumbing,yes,,,,,,service page,/services/plumbing-contractor/,,,,no
3,37,head,hire pot light installation contractor,hiring,Transactional,pot-light-installation,Pot Light Installation,Electrical,yes,,,,,,service page,/services/pot-light-installation/,,,,no
3,37,head,pot light installation ontario,anchor-city,Commercial,pot-light-installation,Pot Light Installation,Electrical,yes,,,,,,service page,/services/pot-light-installation/,,,,no
3,37,head,renovation contractor ontario,anchor-city,Commercial,renovation-contractor,Renovation Contractor,Whole Home,yes,,,,,,service page,/services/renovation-contractor/,,,,no
3,37,head,hire roof replacement contractor,hiring,Transactional,roof-replacement,Roof Replacement,Roofing,yes,,,,,,service page,/services/roof-replacement/,,,,no
3,37,head,roof replacement ontario,anchor-city,Commercial,roof-replacement,Roof Replacement,Roofing,yes,,,,,,service page,/services/roof-replacement/,,,,no
3,38,head,roofing contractor ontario,anchor-city,Commercial,roofing-contractor,Roofing Contractor,Roofing,yes,,,,,,service page,/services/roofing-contractor/,,,,no
3,38,head,hire second storey addition contractor,hiring,Transactional,second-storey-addition,Second Storey Addition,Whole Home,yes,,,,,,service page,/services/second-storey-addition/,,,,no
3,38,head,second storey addition ontario,anchor-city,Commercial,second-storey-addition,Second Storey Addition,Whole Home,yes,,,,,,service page,/services/second-storey-addition/,,,,no
3,38,head,hire shower installation contractor,hiring,Transactional,shower-installation,Shower Installation,Bathroom,yes,,,,,,service page,/services/shower-installation/,,,,no
3,38,head,shower installation ontario,anchor-city,Commercial,shower-installation,Shower Installation,Bathroom,yes,,,,,,service page,/services/shower-installation/,,,,no
3,38,head,hire siding installation contractor,hiring,Transactional,siding-installation,Siding Installation,Exterior & Siding,yes,,,,,,service page,/services/siding-installation/,,,,no
3,38,head,siding installation ontario,anchor-city,Commercial,siding-installation,Siding Installation,Exterior & Siding,yes,,,,,,service page,/services/siding-installation/,,,,no
3,38,head,hire staircase renovation contractor,hiring,Transactional,staircase-renovation,Staircase Renovation,Stairs & Railings,yes,,,,,,service page,/services/staircase-renovation/,,,,no
3,38,head,staircase renovation ontario,anchor-city,Commercial,staircase-renovation,Staircase Renovation,Stairs & Railings,yes,,,,,,service page,/services/staircase-renovation/,,,,no
3,38,head,tile contractor ontario,anchor-city,Commercial,tile-contractor,Tile Contractor,Tile,yes,,,,,,service page,/services/tile-contractor/,,,,no
3,38,head,hire tile floor installation contractor,hiring,Transactional,tile-floor-installation,Tile Floor Installation,Flooring,yes,,,,,,service page,/services/tile-floor-installation/,,,,no
3,38,head,tile floor installation ontario,anchor-city,Commercial,tile-floor-installation,Tile Floor Installation,Flooring,yes,,,,,,service page,/services/tile-floor-installation/,,,,no
3,38,head,hire tile installation contractor,hiring,Transactional,tile-installation,Tile Installation,Tile,yes,,,,,,service page,/services/tile-installation/,,,,no
3,38,head,tile installation ontario,anchor-city,Commercial,tile-installation,Tile Installation,Tile,yes,,,,,,service page,/services/tile-installation/,,,,no
3,38,head,hire trim carpentry contractor,hiring,Transactional,trim-carpentry,Trim Carpentry,Trim & Millwork,yes,,,,,,service page,/services/trim-carpentry/,,,,no
3,38,head,trim carpentry ontario,anchor-city,Commercial,trim-carpentry,Trim Carpentry,Trim & Millwork,yes,,,,,,service page,/services/trim-carpentry/,,,,no
3,38,head,hire vinyl plank installation contractor,hiring,Transactional,vinyl-plank-installation,Vinyl Plank Installation,Flooring,yes,,,,,,service page,/services/vinyl-plank-installation/,,,,no
3,38,head,vinyl plank installation ontario,anchor-city,Commercial,vinyl-plank-installation,Vinyl Plank Installation,Flooring,yes,,,,,,service page,/services/vinyl-plank-installation/,,,,no
3,38,head,waterproofing contractor ontario,anchor-city,Commercial,waterproofing-contractor,Waterproofing Contractor,Waterproofing,yes,,,,,,service page,/services/waterproofing-contractor/,,,,no
3,38,head,hire whole home renovation contractor,hiring,Transactional,whole-home-renovation,Whole Home Renovation,Whole Home,yes,,,,,,service page,/services/whole-home-renovation/,,,,no
3,38,head,whole home renovation ontario,anchor-city,Commercial,whole-home-renovation,Whole Home Renovation,Whole Home,yes,,,,,,service page,/services/whole-home-renovation/,,,,no
3,38,head,hire window installation contractor,hiring,Transactional,window-installation,Window Installation,Windows,yes,,,,,,service page,/services/window-installation/,,,,no
3,38,head,window installation ontario,anchor-city,Commercial,window-installation,Window Installation,Windows,yes,,,,,,service page,/services/window-installation/,,,,no
3,38,head,hire window replacement contractor,hiring,Transactional,window-replacement,Window Replacement,Windows,yes,,,,,,service page,/services/window-replacement/,,,,no
3,38,head,window replacement ontario,anchor-city,Commercial,window-replacement,Window Replacement,Windows,yes,,,,,,service page,/services/window-replacement/,,,,no
3,38,head,accessibility renovation ontario,anchor-city,Commercial,accessibility-renovation,Accessibility Renovation,Accessibility,no,,,,,,service page,/services/accessibility-renovation/,,,,no
3,38,head,hire accessibility renovation contractor,hiring,Transactional,accessibility-renovation,Accessibility Renovation,Accessibility,no,,,,,,service page,/services/accessibility-renovation/,,,,no
3,38,head,accessible bathroom renovation ontario,anchor-city,Commercial,accessible-bathroom-renovation,Accessible Bathroom Renovation,Bathroom,no,,,,,,service page,/services/accessible-bathroom-renovation/,,,,no
3,38,head,hire accessible bathroom renovation contractor,hiring,Transactional,accessible-bathroom-renovation,Accessible Bathroom Renovation,Bathroom,no,,,,,,service page,/services/accessible-bathroom-renovation/,,,,no
3,38,head,aging in place renovation ontario,anchor-city,Commercial,aging-in-place-renovation,Aging in Place Renovation,Accessibility,no,,,,,,service page,/services/aging-in-place-renovation/,,,,no
3,38,head,hire aging in place renovation contractor,hiring,Transactional,aging-in-place-renovation,Aging in Place Renovation,Accessibility,no,,,,,,service page,/services/aging-in-place-renovation/,,,,no
3,38,head,air sealing home ontario,anchor-city,Commercial,air-sealing,Air Sealing,Insulation & Energy,no,,,,,,service page,/services/air-sealing/,,,,no
3,38,head,hire air sealing home contractor,hiring,Transactional,air-sealing,Air Sealing,Insulation & Energy,no,,,,,,service page,/services/air-sealing/,,,,no
3,38,head,aluminum fence installation ontario,anchor-city,Commercial,aluminum-fence-installation,Aluminum Fence Installation,Fences,no,,,,,,service page,/services/aluminum-fence-installation/,,,,no
3,38,head,hire aluminum fence installation contractor,hiring,Transactional,aluminum-fence-installation,Aluminum Fence Installation,Fences,no,,,,,,service page,/services/aluminum-fence-installation/,,,,no
3,38,head,aluminum wiring replacement ontario,anchor-city,Commercial,aluminum-wiring-replacement,Aluminum Wiring Replacement,Electrical,no,,,,,,service page,/services/aluminum-wiring-replacement/,,,,no
3,38,head,hire aluminum wiring replacement contractor,hiring,Transactional,aluminum-wiring-replacement,Aluminum Wiring Replacement,Electrical,no,,,,,,service page,/services/aluminum-wiring-replacement/,,,,no
3,38,head,asbestos removal ontario,anchor-city,Commercial,asbestos-removal,Asbestos Removal,Demolition & Prep,no,,,,,,service page,/services/asbestos-removal/,,,,no
3,38,head,hire asbestos removal contractor,hiring,Transactional,asbestos-removal,Asbestos Removal,Demolition & Prep,no,,,,,,service page,/services/asbestos-removal/,,,,no
3,38,head,attic renovation ontario,anchor-city,Commercial,attic-renovation,Attic Renovation,Specialty Rooms,no,,,,,,service page,/services/attic-renovation/,,,,no
3,38,head,hire attic renovation contractor,hiring,Transactional,attic-renovation,Attic Renovation,Specialty Rooms,no,,,,,,service page,/services/attic-renovation/,,,,no
3,38,head,backsplash installation ontario,anchor-city,Commercial,backsplash-installation,Backsplash Installation,Kitchen,no,,,,,,service page,/services/backsplash-installation/,,,,no
3,38,head,hire backsplash installation contractor,hiring,Transactional,backsplash-installation,Backsplash Installation,Kitchen,no,,,,,,service page,/services/backsplash-installation/,,,,no
3,38,head,backwater valve installation ontario,anchor-city,Commercial,backwater-valve-installation,Backwater Valve Installation,Waterproofing,no,,,,,,service page,/services/backwater-valve-installation/,,,,no
3,38,head,hire backwater valve installation contractor,hiring,Transactional,backwater-valve-installation,Backwater Valve Installation,Waterproofing,no,,,,,,service page,/services/backwater-valve-installation/,,,,no
3,38,head,hire wet bar installation contractor,hiring,Transactional,bar-cabinetry-installation,Bar Cabinetry Installation,Cabinetry & Storage,no,,,,,,service page,/services/bar-cabinetry-installation/,,,,no
3,38,head,wet bar installation ontario,anchor-city,Commercial,bar-cabinetry-installation,Bar Cabinetry Installation,Cabinetry & Storage,no,,,,,,service page,/services/bar-cabinetry-installation/,,,,no
3,38,head,barn door installation ontario,anchor-city,Commercial,barn-door-installation,Barn Door Installation,Doors,no,,,,,,service page,/services/barn-door-installation/,,,,no
3,38,head,hire barn door installation contractor,hiring,Transactional,barn-door-installation,Barn Door Installation,Doors,no,,,,,,service page,/services/barn-door-installation/,,,,no
3,38,head,barrier free shower installation ontario,anchor-city,Commercial,barrier-free-shower-installation,Barrier-Free Shower Installation,Accessibility,no,,,,,,service page,/services/barrier-free-shower-installation/,,,,no
3,38,head,hire barrier free shower installation contractor,hiring,Transactional,barrier-free-shower-installation,Barrier-Free Shower Installation,Accessibility,no,,,,,,service page,/services/barrier-free-shower-installation/,,,,no
3,38,head,basement apartment construction ontario,anchor-city,Commercial,basement-apartment-construction,Basement Apartment Construction,Basement,no,,,,,,service page,/services/basement-apartment-construction/,,,,no
3,38,head,hire basement apartment construction contractor,hiring,Transactional,basement-apartment-construction,Basement Apartment Construction,Basement,no,,,,,,service page,/services/basement-apartment-construction/,,,,no
3,38,head,basement bathroom installation ontario,anchor-city,Commercial,basement-bathroom-installation,Basement Bathroom Installation,Bathroom,no,,,,,,service page,/services/basement-bathroom-installation/,,,,no
3,38,head,hire basement bathroom installation contractor,hiring,Transactional,basement-bathroom-installation,Basement Bathroom Installation,Bathroom,no,,,,,,service page,/services/basement-bathroom-installation/,,,,no
3,38,head,basement ceiling installation ontario,anchor-city,Commercial,basement-ceiling-installation,Basement Ceiling Installation,Basement,no,,,,,,service page,/services/basement-ceiling-installation/,,,,no
3,38,head,hire basement ceiling installation contractor,hiring,Transactional,basement-ceiling-installation,Basement Ceiling Installation,Basement,no,,,,,,service page,/services/basement-ceiling-installation/,,,,no
3,38,head,basement demolition ontario,anchor-city,Commercial,basement-demolition,Basement Demolition,Demolition & Prep,no,,,,,,service page,/services/basement-demolition/,,,,no
3,38,head,hire basement demolition contractor,hiring,Transactional,basement-demolition,Basement Demolition,Demolition & Prep,no,,,,,,service page,/services/basement-demolition/,,,,no
3,38,head,basement electrical rough in ontario,anchor-city,Commercial,basement-electrical-rough-in,Basement Electrical Rough-In,Electrical,no,,,,,,service page,/services/basement-electrical-rough-in/,,,,no
3,38,head,hire basement electrical rough in contractor,hiring,Transactional,basement-electrical-rough-in,Basement Electrical Rough-In,Electrical,no,,,,,,service page,/services/basement-electrical-rough-in/,,,,no
3,38,head,basement framing ontario,anchor-city,Commercial,basement-framing,Basement Framing,Basement,no,,,,,,service page,/services/basement-framing/,,,,no
3,38,head,hire basement framing contractor,hiring,Transactional,basement-framing,Basement Framing,Basement,no,,,,,,service page,/services/basement-framing/,,,,no
3,38,head,basement insulation ontario,anchor-city,Commercial,basement-insulation,Basement Insulation,Insulation & Energy,no,,,,,,service page,/services/basement-insulation/,,,,no
3,38,head,hire basement insulation contractor,hiring,Transactional,basement-insulation,Basement Insulation,Insulation & Energy,no,,,,,,service page,/services/basement-insulation/,,,,no
3,38,head,basement kitchen installation ontario,anchor-city,Commercial,basement-kitchen-installation,Basement Kitchen Installation,Basement,no,,,,,,service page,/services/basement-kitchen-installation/,,,,no
3,38,head,hire basement kitchen installation contractor,hiring,Transactional,basement-kitchen-installation,Basement Kitchen Installation,Basement,no,,,,,,service page,/services/basement-kitchen-installation/,,,,no
3,38,head,basement lowering ontario,anchor-city,Commercial,basement-lowering,Basement Lowering,Basement,no,,,,,,service page,/services/basement-lowering/,,,,no
3,38,head,hire basement lowering contractor,hiring,Transactional,basement-lowering,Basement Lowering,Basement,no,,,,,,service page,/services/basement-lowering/,,,,no
3,38,head,basement soundproofing ontario,anchor-city,Commercial,basement-soundproofing,Basement Soundproofing,Basement,no,,,,,,service page,/services/basement-soundproofing/,,,,no
3,38,head,hire basement soundproofing contractor,hiring,Transactional,basement-soundproofing,Basement Soundproofing,Basement,no,,,,,,service page,/services/basement-soundproofing/,,,,no
3,38,head,basement stair replacement ontario,anchor-city,Commercial,basement-stair-replacement,Basement Stair Replacement,Stairs & Railings,no,,,,,,service page,/services/basement-stair-replacement/,,,,no
3,38,head,hire basement stair replacement contractor,hiring,Transactional,basement-stair-replacement,Basement Stair Replacement,Stairs & Railings,no,,,,,,service page,/services/basement-stair-replacement/,,,,no
3,38,head,basement underpinning ontario,anchor-city,Commercial,basement-underpinning,Basement Underpinning,Basement,no,,,,,,service page,/services/basement-underpinning/,,,,no
3,38,head,hire basement underpinning contractor,hiring,Transactional,basement-underpinning,Basement Underpinning,Basement,no,,,,,,service page,/services/basement-underpinning/,,,,no
3,38,head,basement window replacement ontario,anchor-city,Commercial,basement-window-replacement,Basement Window Replacement,Windows,no,,,,,,service page,/services/basement-window-replacement/,,,,no
3,38,head,hire basement window replacement contractor,hiring,Transactional,basement-window-replacement,Basement Window Replacement,Windows,no,,,,,,service page,/services/basement-window-replacement/,,,,no
3,38,head,bathroom demolition ontario,anchor-city,Commercial,bathroom-demolition,Bathroom Demolition,Demolition & Prep,no,,,,,,service page,/services/bathroom-demolition/,,,,no
3,38,head,hire bathroom demolition contractor,hiring,Transactional,bathroom-demolition,Bathroom Demolition,Demolition & Prep,no,,,,,,service page,/services/bathroom-demolition/,,,,no
3,38,head,bathroom exhaust fan installation ontario,anchor-city,Commercial,bathroom-exhaust-fan-installation,Bathroom Exhaust Fan Installation,Bathroom,no,,,,,,service page,/services/bathroom-exhaust-fan-installation/,,,,no
3,38,head,hire bathroom exhaust fan installation contractor,hiring,Transactional,bathroom-exhaust-fan-installation,Bathroom Exhaust Fan Installation,Bathroom,no,,,,,,service page,/services/bathroom-exhaust-fan-installation/,,,,no
3,38,head,bathroom plumbing installation ontario,anchor-city,Commercial,bathroom-plumbing-installation,Bathroom Plumbing Installation,Plumbing,no,,,,,,service page,/services/bathroom-plumbing-installation/,,,,no
3,38,head,hire bathroom plumbing installation contractor,hiring,Transactional,bathroom-plumbing-installation,Bathroom Plumbing Installation,Plumbing,no,,,,,,service page,/services/bathroom-plumbing-installation/,,,,no
3,38,head,bathroom tile installation ontario,anchor-city,Commercial,bathroom-tile-installation,Bathroom Tile Installation,Bathroom,no,,,,,,service page,/services/bathroom-tile-installation/,,,,no
3,38,head,hire bathroom tile installation contractor,hiring,Transactional,bathroom-tile-installation,Bathroom Tile Installation,Bathroom,no,,,,,,service page,/services/bathroom-tile-installation/,,,,no
3,38,head,bathroom vanity installation ontario,anchor-city,Commercial,bathroom-vanity-installation,Bathroom Vanity Installation,Bathroom,no,,,,,,service page,/services/bathroom-vanity-installation/,,,,no
3,38,head,hire bathroom vanity installation contractor,hiring,Transactional,bathroom-vanity-installation,Bathroom Vanity Installation,Bathroom,no,,,,,,service page,/services/bathroom-vanity-installation/,,,,no
3,38,head,bathroom waterproofing ontario,anchor-city,Commercial,bathroom-waterproofing,Bathroom Waterproofing,Bathroom,no,,,,,,service page,/services/bathroom-waterproofing/,,,,no
3,38,head,hire bathroom waterproofing contractor,hiring,Transactional,bathroom-waterproofing,Bathroom Waterproofing,Bathroom,no,,,,,,service page,/services/bathroom-waterproofing/,,,,no
3,38,head,bathtub installation ontario,anchor-city,Commercial,bathtub-installation,Bathtub Installation,Bathroom,no,,,,,,service page,/services/bathtub-installation/,,,,no
3,38,head,hire bathtub installation contractor,hiring,Transactional,bathtub-installation,Bathtub Installation,Bathroom,no,,,,,,service page,/services/bathtub-installation/,,,,no
3,38,head,bathtub to shower conversion ontario,anchor-city,Commercial,bathtub-to-shower-conversion,Bathtub to Shower Conversion,Bathroom,no,,,,,,service page,/services/bathtub-to-shower-conversion/,,,,no
3,38,head,hire bathtub to shower conversion contractor,hiring,Transactional,bathtub-to-shower-conversion,Bathtub to Shower Conversion,Bathroom,no,,,,,,service page,/services/bathtub-to-shower-conversion/,,,,no
3,38,head,bay window installation ontario,anchor-city,Commercial,bay-window-installation,Bay Window Installation,Windows,no,,,,,,service page,/services/bay-window-installation/,,,,no
3,38,head,hire bay window installation contractor,hiring,Transactional,bay-window-installation,Bay Window Installation,Windows,no,,,,,,service page,/services/bay-window-installation/,,,,no
3,38,head,bench footing basement ontario,anchor-city,Commercial,bench-footing,Bench Footing,Basement,no,,,,,,service page,/services/bench-footing/,,,,no
3,38,head,hire bench footing basement contractor,hiring,Transactional,bench-footing,Bench Footing,Basement,no,,,,,,service page,/services/bench-footing/,,,,no
3,38,head,bifold door installation ontario,anchor-city,Commercial,bifold-door-installation,Bifold Door Installation,Doors,no,,,,,,service page,/services/bifold-door-installation/,,,,no
3,38,head,hire bifold door installation contractor,hiring,Transactional,bifold-door-installation,Bifold Door Installation,Doors,no,,,,,,service page,/services/bifold-door-installation/,,,,no
3,38,head,blown in insulation ontario,anchor-city,Commercial,blown-in-insulation,Blown-In Insulation,Insulation & Energy,no,,,,,,service page,/services/blown-in-insulation/,,,,no
3,39,head,hire blown in insulation contractor,hiring,Transactional,blown-in-insulation,Blown-In Insulation,Insulation & Energy,no,,,,,,service page,/services/blown-in-insulation/,,,,no
3,39,head,built in bookshelf installation ontario,anchor-city,Commercial,bookshelf-installation,Bookshelf Installation,Cabinetry & Storage,no,,,,,,service page,/services/bookshelf-installation/,,,,no
3,39,head,hire built in bookshelf installation contractor,hiring,Transactional,bookshelf-installation,Bookshelf Installation,Cabinetry & Storage,no,,,,,,service page,/services/bookshelf-installation/,,,,no
3,39,head,bow window installation ontario,anchor-city,Commercial,bow-window-installation,Bow Window Installation,Windows,no,,,,,,service page,/services/bow-window-installation/,,,,no
3,39,head,hire bow window installation contractor,hiring,Transactional,bow-window-installation,Bow Window Installation,Windows,no,,,,,,service page,/services/bow-window-installation/,,,,no
3,39,head,brick painting ontario,anchor-city,Commercial,brick-painting,Brick Painting,Painting,no,,,,,,service page,/services/brick-painting/,,,,no
3,39,head,hire brick painting contractor,hiring,Transactional,brick-painting,Brick Painting,Painting,no,,,,,,service page,/services/brick-painting/,,,,no
3,39,head,brick repair ontario,anchor-city,Commercial,brick-repair,Brick Repair,Concrete & Masonry,no,,,,,,service page,/services/brick-repair/,,,,no
3,39,head,hire brick repair contractor,hiring,Transactional,brick-repair,Brick Repair,Concrete & Masonry,no,,,,,,service page,/services/brick-repair/,,,,no
3,39,head,brick repointing ontario,anchor-city,Commercial,brick-repointing,Brick Repointing,Concrete & Masonry,no,,,,,,service page,/services/brick-repointing/,,,,no
3,39,head,hire brick repointing contractor,hiring,Transactional,brick-repointing,Brick Repointing,Concrete & Masonry,no,,,,,,service page,/services/brick-repointing/,,,,no
3,39,head,built in shelving ontario,anchor-city,Commercial,built-in-shelving,Built-In Shelving,Cabinetry & Storage,no,,,,,,service page,/services/built-in-shelving/,,,,no
3,39,head,hire built in shelving contractor,hiring,Transactional,built-in-shelving,Built-In Shelving,Cabinetry & Storage,no,,,,,,service page,/services/built-in-shelving/,,,,no
3,39,head,butcher block countertop installation ontario,anchor-city,Commercial,butcher-block-countertop,Butcher Block Countertop,Kitchen,no,,,,,,service page,/services/butcher-block-countertop/,,,,no
3,39,head,hire butcher block countertop installation contractor,hiring,Transactional,butcher-block-countertop,Butcher Block Countertop,Kitchen,no,,,,,,service page,/services/butcher-block-countertop/,,,,no
3,39,head,cabinet painting ontario,anchor-city,Commercial,cabinet-painting,Cabinet Painting,Painting,no,,,,,,service page,/services/cabinet-painting/,,,,no
3,39,head,hire cabinet painting contractor,hiring,Transactional,cabinet-painting,Cabinet Painting,Painting,no,,,,,,service page,/services/cabinet-painting/,,,,no
3,39,head,carpet installation ontario,anchor-city,Commercial,carpet-installation,Carpet Installation,Flooring,no,,,,,,service page,/services/carpet-installation/,,,,no
3,39,head,hire carpet installation contractor,hiring,Transactional,carpet-installation,Carpet Installation,Flooring,no,,,,,,service page,/services/carpet-installation/,,,,no
3,39,head,carpet to hardwood stairs ontario,anchor-city,Commercial,carpet-to-hardwood-stairs,Carpet to Hardwood Stairs,Stairs & Railings,no,,,,,,service page,/services/carpet-to-hardwood-stairs/,,,,no
3,39,head,hire carpet to hardwood stairs contractor,hiring,Transactional,carpet-to-hardwood-stairs,Carpet to Hardwood Stairs,Stairs & Railings,no,,,,,,service page,/services/carpet-to-hardwood-stairs/,,,,no
3,39,head,casement window installation ontario,anchor-city,Commercial,casement-window-installation,Casement Window Installation,Windows,no,,,,,,service page,/services/casement-window-installation/,,,,no
3,39,head,hire casement window installation contractor,hiring,Transactional,casement-window-installation,Casement Window Installation,Windows,no,,,,,,service page,/services/casement-window-installation/,,,,no
3,39,head,door casing installation ontario,anchor-city,Commercial,casing-installation,Casing Installation,Trim & Millwork,no,,,,,,service page,/services/casing-installation/,,,,no
3,39,head,hire door casing installation contractor,hiring,Transactional,casing-installation,Casing Installation,Trim & Millwork,no,,,,,,service page,/services/casing-installation/,,,,no
3,39,head,cedar deck building ontario,anchor-city,Commercial,cedar-deck-building,Cedar Deck Building,Decks,no,,,,,,service page,/services/cedar-deck-building/,,,,no
3,39,head,hire cedar deck building contractor,hiring,Transactional,cedar-deck-building,Cedar Deck Building,Decks,no,,,,,,service page,/services/cedar-deck-building/,,,,no
3,39,head,cedar fence installation ontario,anchor-city,Commercial,cedar-fence-installation,Cedar Fence Installation,Fences,no,,,,,,service page,/services/cedar-fence-installation/,,,,no
3,39,head,hire cedar fence installation contractor,hiring,Transactional,cedar-fence-installation,Cedar Fence Installation,Fences,no,,,,,,service page,/services/cedar-fence-installation/,,,,no
3,39,head,ceiling fan installation ontario,anchor-city,Commercial,ceiling-fan-installation,Ceiling Fan Installation,Electrical,no,,,,,,service page,/services/ceiling-fan-installation/,,,,no
3,39,head,hire ceiling fan installation contractor,hiring,Transactional,ceiling-fan-installation,Ceiling Fan Installation,Electrical,no,,,,,,service page,/services/ceiling-fan-installation/,,,,no
3,39,head,ceiling installation ontario,anchor-city,Commercial,ceiling-installation,Ceiling Installation,Drywall & Ceilings,no,,,,,,service page,/services/ceiling-installation/,,,,no
3,39,head,hire ceiling installation contractor,hiring,Transactional,ceiling-installation,Ceiling Installation,Drywall & Ceilings,no,,,,,,service page,/services/ceiling-installation/,,,,no
3,39,head,ceiling painting ontario,anchor-city,Commercial,ceiling-painting,Ceiling Painting,Painting,no,,,,,,service page,/services/ceiling-painting/,,,,no
3,39,head,hire ceiling painting contractor,hiring,Transactional,ceiling-painting,Ceiling Painting,Painting,no,,,,,,service page,/services/ceiling-painting/,,,,no
3,39,head,ceiling repair ontario,anchor-city,Commercial,ceiling-repair,Ceiling Repair,Drywall & Ceilings,no,,,,,,service page,/services/ceiling-repair/,,,,no
3,39,head,hire ceiling repair contractor,hiring,Transactional,ceiling-repair,Ceiling Repair,Drywall & Ceilings,no,,,,,,service page,/services/ceiling-repair/,,,,no
3,39,head,chain link fence installation ontario,anchor-city,Commercial,chain-link-fence-installation,Chain Link Fence Installation,Fences,no,,,,,,service page,/services/chain-link-fence-installation/,,,,no
3,39,head,hire chain link fence installation contractor,hiring,Transactional,chain-link-fence-installation,Chain Link Fence Installation,Fences,no,,,,,,service page,/services/chain-link-fence-installation/,,,,no
3,39,head,chair rail installation ontario,anchor-city,Commercial,chair-rail-installation,Chair Rail Installation,Trim & Millwork,no,,,,,,service page,/services/chair-rail-installation/,,,,no
3,39,head,hire chair rail installation contractor,hiring,Transactional,chair-rail-installation,Chair Rail Installation,Trim & Millwork,no,,,,,,service page,/services/chair-rail-installation/,,,,no
3,39,head,chimney repair ontario,anchor-city,Commercial,chimney-repair,Chimney Repair,Concrete & Masonry,no,,,,,,service page,/services/chimney-repair/,,,,no
3,39,head,hire chimney repair contractor,hiring,Transactional,chimney-repair,Chimney Repair,Concrete & Masonry,no,,,,,,service page,/services/chimney-repair/,,,,no
3,39,head,closet door installation ontario,anchor-city,Commercial,closet-door-installation,Closet Door Installation,Doors,no,,,,,,service page,/services/closet-door-installation/,,,,no
3,39,head,hire closet door installation contractor,hiring,Transactional,closet-door-installation,Closet Door Installation,Doors,no,,,,,,service page,/services/closet-door-installation/,,,,no
3,39,head,closet organizer installation ontario,anchor-city,Commercial,closet-organizer-installation,Closet Organizer Installation,Cabinetry & Storage,no,,,,,,service page,/services/closet-organizer-installation/,,,,no
3,39,head,hire closet organizer installation contractor,hiring,Transactional,closet-organizer-installation,Closet Organizer Installation,Cabinetry & Storage,no,,,,,,service page,/services/closet-organizer-installation/,,,,no
3,39,head,closet renovation ontario,anchor-city,Commercial,closet-renovation,Closet Renovation,Specialty Rooms,no,,,,,,service page,/services/closet-renovation/,,,,no
3,39,head,hire closet renovation contractor,hiring,Transactional,closet-renovation,Closet Renovation,Specialty Rooms,no,,,,,,service page,/services/closet-renovation/,,,,no
3,39,head,coffered ceiling installation ontario,anchor-city,Commercial,coffered-ceiling-installation,Coffered Ceiling Installation,Drywall & Ceilings,no,,,,,,service page,/services/coffered-ceiling-installation/,,,,no
3,39,head,hire coffered ceiling installation contractor,hiring,Transactional,coffered-ceiling-installation,Coffered Ceiling Installation,Drywall & Ceilings,no,,,,,,service page,/services/coffered-ceiling-installation/,,,,no
3,39,head,composite deck installation ontario,anchor-city,Commercial,composite-deck-installation,Composite Deck Installation,Decks,no,,,,,,service page,/services/composite-deck-installation/,,,,no
3,39,head,hire composite deck installation contractor,hiring,Transactional,composite-deck-installation,Composite Deck Installation,Decks,no,,,,,,service page,/services/composite-deck-installation/,,,,no
3,39,head,composite fence installation ontario,anchor-city,Commercial,composite-fence-installation,Composite Fence Installation,Fences,no,,,,,,service page,/services/composite-fence-installation/,,,,no
3,39,head,hire composite fence installation contractor,hiring,Transactional,composite-fence-installation,Composite Fence Installation,Fences,no,,,,,,service page,/services/composite-fence-installation/,,,,no
3,39,head,concrete driveway installation ontario,anchor-city,Commercial,concrete-driveway-installation,Concrete Driveway Installation,Concrete & Masonry,no,,,,,,service page,/services/concrete-driveway-installation/,,,,no
3,39,head,hire concrete driveway installation contractor,hiring,Transactional,concrete-driveway-installation,Concrete Driveway Installation,Concrete & Masonry,no,,,,,,service page,/services/concrete-driveway-installation/,,,,no
3,39,head,concrete patio installation ontario,anchor-city,Commercial,concrete-patio-installation,Concrete Patio Installation,Concrete & Masonry,no,,,,,,service page,/services/concrete-patio-installation/,,,,no
3,39,head,hire concrete patio installation contractor,hiring,Transactional,concrete-patio-installation,Concrete Patio Installation,Concrete & Masonry,no,,,,,,service page,/services/concrete-patio-installation/,,,,no
3,39,head,concrete repair ontario,anchor-city,Commercial,concrete-repair,Concrete Repair,Concrete & Masonry,no,,,,,,service page,/services/concrete-repair/,,,,no
3,39,head,hire concrete repair contractor,hiring,Transactional,concrete-repair,Concrete Repair,Concrete & Masonry,no,,,,,,service page,/services/concrete-repair/,,,,no
3,39,head,concrete steps replacement ontario,anchor-city,Commercial,concrete-steps-replacement,Concrete Steps Replacement,Concrete & Masonry,no,,,,,,service page,/services/concrete-steps-replacement/,,,,no
3,39,head,hire concrete steps replacement contractor,hiring,Transactional,concrete-steps-replacement,Concrete Steps Replacement,Concrete & Masonry,no,,,,,,service page,/services/concrete-steps-replacement/,,,,no
3,39,head,concrete walkway installation ontario,anchor-city,Commercial,concrete-walkway-installation,Concrete Walkway Installation,Concrete & Masonry,no,,,,,,service page,/services/concrete-walkway-installation/,,,,no
3,39,head,hire concrete walkway installation contractor,hiring,Transactional,concrete-walkway-installation,Concrete Walkway Installation,Concrete & Masonry,no,,,,,,service page,/services/concrete-walkway-installation/,,,,no
3,39,head,condo kitchen renovation ontario,anchor-city,Commercial,condo-kitchen-renovation,Condo Kitchen Renovation,Kitchen,no,,,,,,service page,/services/condo-kitchen-renovation/,,,,no
3,39,head,hire condo kitchen renovation contractor,hiring,Transactional,condo-kitchen-renovation,Condo Kitchen Renovation,Kitchen,no,,,,,,service page,/services/condo-kitchen-renovation/,,,,no
3,39,head,condo painting ontario,anchor-city,Commercial,condo-painting,Condo Painting,Painting,no,,,,,,service page,/services/condo-painting/,,,,no
3,39,head,hire condo painting contractor,hiring,Transactional,condo-painting,Condo Painting,Painting,no,,,,,,service page,/services/condo-painting/,,,,no
3,39,head,crawl space conversion ontario,anchor-city,Commercial,crawl-space-conversion,Crawl Space Conversion,Basement,no,,,,,,service page,/services/crawl-space-conversion/,,,,no
3,39,head,hire crawl space conversion contractor,hiring,Transactional,crawl-space-conversion,Crawl Space Conversion,Basement,no,,,,,,service page,/services/crawl-space-conversion/,,,,no
3,39,head,crawl space waterproofing ontario,anchor-city,Commercial,crawl-space-waterproofing,Crawl Space Waterproofing,Waterproofing,no,,,,,,service page,/services/crawl-space-waterproofing/,,,,no
3,39,head,hire crawl space waterproofing contractor,hiring,Transactional,crawl-space-waterproofing,Crawl Space Waterproofing,Waterproofing,no,,,,,,service page,/services/crawl-space-waterproofing/,,,,no
3,39,head,curb appeal renovation ontario,anchor-city,Commercial,curb-appeal-renovation,Curb Appeal Renovation,Exterior & Siding,no,,,,,,service page,/services/curb-appeal-renovation/,,,,no
3,39,head,hire curb appeal renovation contractor,hiring,Transactional,curb-appeal-renovation,Curb Appeal Renovation,Exterior & Siding,no,,,,,,service page,/services/curb-appeal-renovation/,,,,no
3,39,head,curbless shower installation ontario,anchor-city,Commercial,curbless-shower-installation,Curbless Shower Installation,Bathroom,no,,,,,,service page,/services/curbless-shower-installation/,,,,no
3,39,head,hire curbless shower installation contractor,hiring,Transactional,curbless-shower-installation,Curbless Shower Installation,Bathroom,no,,,,,,service page,/services/curbless-shower-installation/,,,,no
3,39,head,custom home builder ontario,anchor-city,Commercial,custom-home-building,Custom Home Building,Whole Home,no,,,,,,service page,/services/custom-home-building/,,,,no
3,39,head,hire custom home builder contractor,hiring,Transactional,custom-home-building,Custom Home Building,Whole Home,no,,,,,,service page,/services/custom-home-building/,,,,no
3,39,head,custom millwork ontario,anchor-city,Commercial,custom-millwork,Custom Millwork,Trim & Millwork,no,,,,,,service page,/services/custom-millwork/,,,,no
3,39,head,hire custom millwork contractor,hiring,Transactional,custom-millwork,Custom Millwork,Trim & Millwork,no,,,,,,service page,/services/custom-millwork/,,,,no
3,39,head,deck railing installation ontario,anchor-city,Commercial,deck-railing-installation,Deck Railing Installation,Decks,no,,,,,,service page,/services/deck-railing-installation/,,,,no
3,39,head,hire deck railing installation contractor,hiring,Transactional,deck-railing-installation,Deck Railing Installation,Decks,no,,,,,,service page,/services/deck-railing-installation/,,,,no
3,39,head,deck replacement ontario,anchor-city,Commercial,deck-replacement,Deck Replacement,Decks,no,,,,,,service page,/services/deck-replacement/,,,,no
3,39,head,hire deck replacement contractor,hiring,Transactional,deck-replacement,Deck Replacement,Decks,no,,,,,,service page,/services/deck-replacement/,,,,no
3,39,head,deck staining ontario,anchor-city,Commercial,deck-staining,Deck Staining,Decks,no,,,,,,service page,/services/deck-staining/,,,,no
3,39,head,hire deck staining contractor,hiring,Transactional,deck-staining,Deck Staining,Decks,no,,,,,,service page,/services/deck-staining/,,,,no
3,39,head,deck stairs construction ontario,anchor-city,Commercial,deck-stairs-construction,Deck Stairs Construction,Decks,no,,,,,,service page,/services/deck-stairs-construction/,,,,no
3,39,head,hire deck stairs construction contractor,hiring,Transactional,deck-stairs-construction,Deck Stairs Construction,Decks,no,,,,,,service page,/services/deck-stairs-construction/,,,,no
3,39,head,demolition contractor ontario,anchor-city,Commercial,demolition-contractor,Demolition Contractor,Demolition & Prep,no,,,,,,service page,/services/demolition-contractor/,,,,no
3,39,head,door frame repair ontario,anchor-city,Commercial,door-frame-repair,Door Frame Repair,Doors,no,,,,,,service page,/services/door-frame-repair/,,,,no
3,39,head,hire door frame repair contractor,hiring,Transactional,door-frame-repair,Door Frame Repair,Doors,no,,,,,,service page,/services/door-frame-repair/,,,,no
3,39,head,door hardware installation ontario,anchor-city,Commercial,door-hardware-installation,Door Hardware Installation,Doors,no,,,,,,service page,/services/door-hardware-installation/,,,,no
3,39,head,hire door hardware installation contractor,hiring,Transactional,door-hardware-installation,Door Hardware Installation,Doors,no,,,,,,service page,/services/door-hardware-installation/,,,,no
3,39,head,door painting ontario,anchor-city,Commercial,door-painting,Door Painting,Painting,no,,,,,,service page,/services/door-painting/,,,,no
3,39,head,hire door painting contractor,hiring,Transactional,door-painting,Door Painting,Painting,no,,,,,,service page,/services/door-painting/,,,,no
3,39,head,doorway widening ontario,anchor-city,Commercial,doorway-widening,Doorway Widening,Accessibility,no,,,,,,service page,/services/doorway-widening/,,,,no
3,39,head,hire doorway widening contractor,hiring,Transactional,doorway-widening,Doorway Widening,Accessibility,no,,,,,,service page,/services/doorway-widening/,,,,no
3,39,head,dormer construction ontario,anchor-city,Commercial,dormer-construction,Dormer Construction,Roofing,no,,,,,,service page,/services/dormer-construction/,,,,no
3,39,head,hire dormer construction contractor,hiring,Transactional,dormer-construction,Dormer Construction,Roofing,no,,,,,,service page,/services/dormer-construction/,,,,no
3,40,head,drain relocation ontario,anchor-city,Commercial,drain-relocation,Drain Relocation,Plumbing,no,,,,,,service page,/services/drain-relocation/,,,,no
3,40,head,hire drain relocation contractor,hiring,Transactional,drain-relocation,Drain Relocation,Plumbing,no,,,,,,service page,/services/drain-relocation/,,,,no
3,40,head,drop ceiling installation ontario,anchor-city,Commercial,drop-ceiling-installation,Drop Ceiling Installation,Drywall & Ceilings,no,,,,,,service page,/services/drop-ceiling-installation/,,,,no
3,40,head,hire drop ceiling installation contractor,hiring,Transactional,drop-ceiling-installation,Drop Ceiling Installation,Drywall & Ceilings,no,,,,,,service page,/services/drop-ceiling-installation/,,,,no
3,40,head,drywall mudding ontario,anchor-city,Commercial,drywall-mudding,Drywall Mudding,Drywall & Ceilings,no,,,,,,service page,/services/drywall-mudding/,,,,no
3,40,head,hire drywall mudding contractor,hiring,Transactional,drywall-mudding,Drywall Mudding,Drywall & Ceilings,no,,,,,,service page,/services/drywall-mudding/,,,,no
3,40,head,drywall taping ontario,anchor-city,Commercial,drywall-taping,Drywall Taping,Drywall & Ceilings,no,,,,,,service page,/services/drywall-taping/,,,,no
3,40,head,hire drywall taping contractor,hiring,Transactional,drywall-taping,Drywall Taping,Drywall & Ceilings,no,,,,,,service page,/services/drywall-taping/,,,,no
3,40,head,eavestrough installation ontario,anchor-city,Commercial,eavestrough-installation,Eavestrough Installation,Exterior & Siding,no,,,,,,service page,/services/eavestrough-installation/,,,,no
3,40,head,hire eavestrough installation contractor,hiring,Transactional,eavestrough-installation,Eavestrough Installation,Exterior & Siding,no,,,,,,service page,/services/eavestrough-installation/,,,,no
3,40,head,egress window installation ontario,anchor-city,Commercial,egress-window-installation,Egress Window Installation,Basement,no,,,,,,service page,/services/egress-window-installation/,,,,no
3,40,head,hire egress window installation contractor,hiring,Transactional,egress-window-installation,Egress Window Installation,Basement,no,,,,,,service page,/services/egress-window-installation/,,,,no
3,40,head,engineered hardwood installation ontario,anchor-city,Commercial,engineered-hardwood-installation,Engineered Hardwood Installation,Flooring,no,,,,,,service page,/services/engineered-hardwood-installation/,,,,no
3,40,head,hire engineered hardwood installation contractor,hiring,Transactional,engineered-hardwood-installation,Engineered Hardwood Installation,Flooring,no,,,,,,service page,/services/engineered-hardwood-installation/,,,,no
3,40,head,ensuite renovation ontario,anchor-city,Commercial,ensuite-renovation,Ensuite Renovation,Bathroom,no,,,,,,service page,/services/ensuite-renovation/,,,,no
3,40,head,hire ensuite renovation contractor,hiring,Transactional,ensuite-renovation,Ensuite Renovation,Bathroom,no,,,,,,service page,/services/ensuite-renovation/,,,,no
3,40,head,built in entertainment unit ontario,anchor-city,Commercial,entertainment-unit-installation,Entertainment Unit Installation,Cabinetry & Storage,no,,,,,,service page,/services/entertainment-unit-installation/,,,,no
3,40,head,hire built in entertainment unit contractor,hiring,Transactional,entertainment-unit-installation,Entertainment Unit Installation,Cabinetry & Storage,no,,,,,,service page,/services/entertainment-unit-installation/,,,,no
3,40,head,ev charger installation ontario,anchor-city,Commercial,ev-charger-installation,EV Charger Installation,Electrical,no,,,,,,service page,/services/ev-charger-installation/,,,,no
3,40,head,hire ev charger installation contractor,hiring,Transactional,ev-charger-installation,EV Charger Installation,Electrical,no,,,,,,service page,/services/ev-charger-installation/,,,,no
3,40,head,exterior trim replacement ontario,anchor-city,Commercial,exterior-trim-replacement,Exterior Trim Replacement,Exterior & Siding,no,,,,,,service page,/services/exterior-trim-replacement/,,,,no
3,40,head,hire exterior trim replacement contractor,hiring,Transactional,exterior-trim-replacement,Exterior Trim Replacement,Exterior & Siding,no,,,,,,service page,/services/exterior-trim-replacement/,,,,no
3,40,head,exterior basement waterproofing ontario,anchor-city,Commercial,exterior-waterproofing,Exterior Waterproofing,Waterproofing,no,,,,,,service page,/services/exterior-waterproofing/,,,,no
3,40,head,hire exterior basement waterproofing contractor,hiring,Transactional,exterior-waterproofing,Exterior Waterproofing,Waterproofing,no,,,,,,service page,/services/exterior-waterproofing/,,,,no
3,40,head,feature wall installation ontario,anchor-city,Commercial,feature-wall-installation,Feature Wall Installation,Cabinetry & Storage,no,,,,,,service page,/services/feature-wall-installation/,,,,no
3,40,head,hire feature wall installation contractor,hiring,Transactional,feature-wall-installation,Feature Wall Installation,Cabinetry & Storage,no,,,,,,service page,/services/feature-wall-installation/,,,,no
3,40,head,fence post replacement ontario,anchor-city,Commercial,fence-post-replacement,Fence Post Replacement,Fences,no,,,,,,service page,/services/fence-post-replacement/,,,,no
3,40,head,hire fence post replacement contractor,hiring,Transactional,fence-post-replacement,Fence Post Replacement,Fences,no,,,,,,service page,/services/fence-post-replacement/,,,,no
3,40,head,fence replacement ontario,anchor-city,Commercial,fence-replacement,Fence Replacement,Fences,no,,,,,,service page,/services/fence-replacement/,,,,no
3,40,head,hire fence replacement contractor,hiring,Transactional,fence-replacement,Fence Replacement,Fences,no,,,,,,service page,/services/fence-replacement/,,,,no
3,40,head,fence staining ontario,anchor-city,Commercial,fence-staining,Fence Staining,Fences,no,,,,,,service page,/services/fence-staining/,,,,no
3,40,head,hire fence staining contractor,hiring,Transactional,fence-staining,Fence Staining,Fences,no,,,,,,service page,/services/fence-staining/,,,,no
3,40,head,fibre cement siding installation ontario,anchor-city,Commercial,fibre-cement-siding-installation,Fibre Cement Siding Installation,Exterior & Siding,no,,,,,,service page,/services/fibre-cement-siding-installation/,,,,no
3,40,head,hire fibre cement siding installation contractor,hiring,Transactional,fibre-cement-siding-installation,Fibre Cement Siding Installation,Exterior & Siding,no,,,,,,service page,/services/fibre-cement-siding-installation/,,,,no
3,40,head,fireplace surround installation ontario,anchor-city,Commercial,fireplace-surround-installation,Fireplace Surround Installation,Cabinetry & Storage,no,,,,,,service page,/services/fireplace-surround-installation/,,,,no
3,40,head,hire fireplace surround installation contractor,hiring,Transactional,fireplace-surround-installation,Fireplace Surround Installation,Cabinetry & Storage,no,,,,,,service page,/services/fireplace-surround-installation/,,,,no
3,40,head,flat roof installation ontario,anchor-city,Commercial,flat-roof-installation,Flat Roof Installation,Roofing,no,,,,,,service page,/services/flat-roof-installation/,,,,no
3,40,head,hire flat roof installation contractor,hiring,Transactional,flat-roof-installation,Flat Roof Installation,Roofing,no,,,,,,service page,/services/flat-roof-installation/,,,,no
3,40,head,floating staircase installation ontario,anchor-city,Commercial,floating-staircase-installation,Floating Staircase Installation,Stairs & Railings,no,,,,,,service page,/services/floating-staircase-installation/,,,,no
3,40,head,hire floating staircase installation contractor,hiring,Transactional,floating-staircase-installation,Floating Staircase Installation,Stairs & Railings,no,,,,,,service page,/services/floating-staircase-installation/,,,,no
3,40,head,floor leveling ontario,anchor-city,Commercial,floor-leveling,Floor Leveling,Flooring,no,,,,,,service page,/services/floor-leveling/,,,,no
3,40,head,hire floor leveling contractor,hiring,Transactional,floor-leveling,Floor Leveling,Flooring,no,,,,,,service page,/services/floor-leveling/,,,,no
3,40,head,floor repair ontario,anchor-city,Commercial,floor-repair,Floor Repair,Flooring,no,,,,,,service page,/services/floor-repair/,,,,no
3,40,head,hire floor repair contractor,hiring,Transactional,floor-repair,Floor Repair,Flooring,no,,,,,,service page,/services/floor-repair/,,,,no
3,40,head,floor transition installation ontario,anchor-city,Commercial,floor-transition-installation,Floor Transition Installation,Flooring,no,,,,,,service page,/services/floor-transition-installation/,,,,no
3,40,head,hire floor transition installation contractor,hiring,Transactional,floor-transition-installation,Floor Transition Installation,Flooring,no,,,,,,service page,/services/floor-transition-installation/,,,,no
3,40,head,foundation crack repair ontario,anchor-city,Commercial,foundation-crack-repair,Foundation Crack Repair,Concrete & Masonry,no,,,,,,service page,/services/foundation-crack-repair/,,,,no
3,40,head,hire foundation crack repair contractor,hiring,Transactional,foundation-crack-repair,Foundation Crack Repair,Concrete & Masonry,no,,,,,,service page,/services/foundation-crack-repair/,,,,no
3,40,head,french door installation ontario,anchor-city,Commercial,french-door-installation,French Door Installation,Doors,no,,,,,,service page,/services/french-door-installation/,,,,no
3,40,head,hire french door installation contractor,hiring,Transactional,french-door-installation,French Door Installation,Doors,no,,,,,,service page,/services/french-door-installation/,,,,no
3,40,head,french drain installation ontario,anchor-city,Commercial,french-drain-installation,French Drain Installation,Waterproofing,no,,,,,,service page,/services/french-drain-installation/,,,,no
3,40,head,hire french drain installation contractor,hiring,Transactional,french-drain-installation,French Drain Installation,Waterproofing,no,,,,,,service page,/services/french-drain-installation/,,,,no
3,40,head,front door installation ontario,anchor-city,Commercial,front-door-installation,Front Door Installation,Doors,no,,,,,,service page,/services/front-door-installation/,,,,no
3,40,head,hire front door installation contractor,hiring,Transactional,front-door-installation,Front Door Installation,Doors,no,,,,,,service page,/services/front-door-installation/,,,,no
3,40,head,front steps replacement ontario,anchor-city,Commercial,front-steps-replacement,Front Steps Replacement,Exterior & Siding,no,,,,,,service page,/services/front-steps-replacement/,,,,no
3,40,head,hire front steps replacement contractor,hiring,Transactional,front-steps-replacement,Front Steps Replacement,Exterior & Siding,no,,,,,,service page,/services/front-steps-replacement/,,,,no
3,40,head,galley kitchen renovation ontario,anchor-city,Commercial,galley-kitchen-renovation,Galley Kitchen Renovation,Kitchen,no,,,,,,service page,/services/galley-kitchen-renovation/,,,,no
3,40,head,hire galley kitchen renovation contractor,hiring,Transactional,galley-kitchen-renovation,Galley Kitchen Renovation,Kitchen,no,,,,,,service page,/services/galley-kitchen-renovation/,,,,no
3,40,head,galvanized pipe replacement ontario,anchor-city,Commercial,galvanised-pipe-replacement,Galvanised Pipe Replacement,Plumbing,no,,,,,,service page,/services/galvanised-pipe-replacement/,,,,no
3,40,head,hire galvanized pipe replacement contractor,hiring,Transactional,galvanised-pipe-replacement,Galvanised Pipe Replacement,Plumbing,no,,,,,,service page,/services/galvanised-pipe-replacement/,,,,no
3,40,head,garage conversion ontario,anchor-city,Commercial,garage-conversion,Garage Conversion,Whole Home,no,,,,,,service page,/services/garage-conversion/,,,,no
3,40,head,hire garage conversion contractor,hiring,Transactional,garage-conversion,Garage Conversion,Whole Home,no,,,,,,service page,/services/garage-conversion/,,,,no
3,40,head,garage door installation ontario,anchor-city,Commercial,garage-door-installation,Garage Door Installation,Doors,no,,,,,,service page,/services/garage-door-installation/,,,,no
3,40,head,hire garage door installation contractor,hiring,Transactional,garage-door-installation,Garage Door Installation,Doors,no,,,,,,service page,/services/garage-door-installation/,,,,no
3,40,head,garage painting ontario,anchor-city,Commercial,garage-painting,Garage Painting,Painting,no,,,,,,service page,/services/garage-painting/,,,,no
3,40,head,hire garage painting contractor,hiring,Transactional,garage-painting,Garage Painting,Painting,no,,,,,,service page,/services/garage-painting/,,,,no
3,40,head,garage renovation ontario,anchor-city,Commercial,garage-renovation,Garage Renovation,Specialty Rooms,no,,,,,,service page,/services/garage-renovation/,,,,no
3,40,head,hire garage renovation contractor,hiring,Transactional,garage-renovation,Garage Renovation,Specialty Rooms,no,,,,,,service page,/services/garage-renovation/,,,,no
3,40,head,garage storage installation ontario,anchor-city,Commercial,garage-storage-installation,Garage Storage Installation,Cabinetry & Storage,no,,,,,,service page,/services/garage-storage-installation/,,,,no
3,40,head,hire garage storage installation contractor,hiring,Transactional,garage-storage-installation,Garage Storage Installation,Cabinetry & Storage,no,,,,,,service page,/services/garage-storage-installation/,,,,no
3,40,head,garden suite construction ontario,anchor-city,Commercial,garden-suite-construction,Garden Suite Construction,Whole Home,no,,,,,,service page,/services/garden-suite-construction/,,,,no
3,40,head,hire garden suite construction contractor,hiring,Transactional,garden-suite-construction,Garden Suite Construction,Whole Home,no,,,,,,service page,/services/garden-suite-construction/,,,,no
3,40,head,gate installation ontario,anchor-city,Commercial,gate-installation,Gate Installation,Fences,no,,,,,,service page,/services/gate-installation/,,,,no
3,40,head,hire gate installation contractor,hiring,Transactional,gate-installation,Gate Installation,Fences,no,,,,,,service page,/services/gate-installation/,,,,no
3,40,head,gazebo building ontario,anchor-city,Commercial,gazebo-building,Gazebo Building,Decks,no,,,,,,service page,/services/gazebo-building/,,,,no
3,40,head,hire gazebo building contractor,hiring,Transactional,gazebo-building,Gazebo Building,Decks,no,,,,,,service page,/services/gazebo-building/,,,,no
3,40,head,glass railing installation ontario,anchor-city,Commercial,glass-railing-installation,Glass Railing Installation,Stairs & Railings,no,,,,,,service page,/services/glass-railing-installation/,,,,no
3,40,head,hire glass railing installation contractor,hiring,Transactional,glass-railing-installation,Glass Railing Installation,Stairs & Railings,no,,,,,,service page,/services/glass-railing-installation/,,,,no
3,40,head,grab bar installation ontario,anchor-city,Commercial,grab-bar-installation,Grab Bar Installation,Accessibility,no,,,,,,service page,/services/grab-bar-installation/,,,,no
3,40,head,hire grab bar installation contractor,hiring,Transactional,grab-bar-installation,Grab Bar Installation,Accessibility,no,,,,,,service page,/services/grab-bar-installation/,,,,no
3,40,head,granite countertop installation ontario,anchor-city,Commercial,granite-countertop-installation,Granite Countertop Installation,Kitchen,no,,,,,,service page,/services/granite-countertop-installation/,,,,no
3,40,head,hire granite countertop installation contractor,hiring,Transactional,granite-countertop-installation,Granite Countertop Installation,Kitchen,no,,,,,,service page,/services/granite-countertop-installation/,,,,no
3,40,head,grout repair ontario,anchor-city,Commercial,grout-repair,Grout Repair,Tile,no,,,,,,service page,/services/grout-repair/,,,,no
3,40,head,hire grout repair contractor,hiring,Transactional,grout-repair,Grout Repair,Tile,no,,,,,,service page,/services/grout-repair/,,,,no
3,40,head,hardwood floor refinishing ontario,anchor-city,Commercial,hardwood-floor-refinishing,Hardwood Floor Refinishing,Flooring,no,,,,,,service page,/services/hardwood-floor-refinishing/,,,,no
3,40,head,hire hardwood floor refinishing contractor,hiring,Transactional,hardwood-floor-refinishing,Hardwood Floor Refinishing,Flooring,no,,,,,,service page,/services/hardwood-floor-refinishing/,,,,no
3,40,head,hardwood floor sanding ontario,anchor-city,Commercial,hardwood-floor-sanding,Hardwood Floor Sanding,Flooring,no,,,,,,service page,/services/hardwood-floor-sanding/,,,,no
3,40,head,hire hardwood floor sanding contractor,hiring,Transactional,hardwood-floor-sanding,Hardwood Floor Sanding,Flooring,no,,,,,,service page,/services/hardwood-floor-sanding/,,,,no
3,40,head,heated floor installation ontario,anchor-city,Commercial,heated-floor-installation,Heated Floor Installation,Flooring,no,,,,,,service page,/services/heated-floor-installation/,,,,no
3,40,head,hire heated floor installation contractor,hiring,Transactional,heated-floor-installation,Heated Floor Installation,Flooring,no,,,,,,service page,/services/heated-floor-installation/,,,,no
3,40,head,heated tile installation ontario,anchor-city,Commercial,heated-tile-installation,Heated Tile Installation,Tile,no,,,,,,service page,/services/heated-tile-installation/,,,,no
3,40,head,hire heated tile installation contractor,hiring,Transactional,heated-tile-installation,Heated Tile Installation,Tile,no,,,,,,service page,/services/heated-tile-installation/,,,,no
3,40,head,heritage home renovation ontario,anchor-city,Commercial,heritage-home-renovation,Heritage Home Renovation,Whole Home,no,,,,,,service page,/services/heritage-home-renovation/,,,,no
3,40,head,hire heritage home renovation contractor,hiring,Transactional,heritage-home-renovation,Heritage Home Renovation,Whole Home,no,,,,,,service page,/services/heritage-home-renovation/,,,,no
3,40,head,hire home gym construction contractor,hiring,Transactional,home-gym-construction,Home Gym Construction,Specialty Rooms,no,,,,,,service page,/services/home-gym-construction/,,,,no
3,40,head,home gym construction ontario,anchor-city,Commercial,home-gym-construction,Home Gym Construction,Specialty Rooms,no,,,,,,service page,/services/home-gym-construction/,,,,no
3,40,head,hire home office renovation contractor,hiring,Transactional,home-office-renovation,Home Office Renovation,Specialty Rooms,no,,,,,,service page,/services/home-office-renovation/,,,,no
3,40,head,home office renovation ontario,anchor-city,Commercial,home-office-renovation,Home Office Renovation,Specialty Rooms,no,,,,,,service page,/services/home-office-renovation/,,,,no
3,40,head,hire home remodeling contractor,hiring,Transactional,home-remodeling,Home Remodeling,Whole Home,no,,,,,,service page,/services/home-remodeling/,,,,no
3,40,head,home remodeling ontario,anchor-city,Commercial,home-remodeling,Home Remodeling,Whole Home,no,,,,,,service page,/services/home-remodeling/,,,,no
3,41,head,hire home theatre construction contractor,hiring,Transactional,home-theatre-construction,Home Theatre Construction,Specialty Rooms,no,,,,,,service page,/services/home-theatre-construction/,,,,no
3,41,head,home theatre construction ontario,anchor-city,Commercial,home-theatre-construction,Home Theatre Construction,Specialty Rooms,no,,,,,,service page,/services/home-theatre-construction/,,,,no
3,41,head,hire house rewiring contractor,hiring,Transactional,house-rewiring,House Rewiring,Electrical,no,,,,,,service page,/services/house-rewiring/,,,,no
3,41,head,house rewiring ontario,anchor-city,Commercial,house-rewiring,House Rewiring,Electrical,no,,,,,,service page,/services/house-rewiring/,,,,no
3,41,head,hire in law suite construction contractor,hiring,Transactional,in-law-suite-construction,In-Law Suite Construction,Basement,no,,,,,,service page,/services/in-law-suite-construction/,,,,no
3,41,head,in law suite construction ontario,anchor-city,Commercial,in-law-suite-construction,In-Law Suite Construction,Basement,no,,,,,,service page,/services/in-law-suite-construction/,,,,no
3,41,head,hire interior demolition contractor,hiring,Transactional,interior-demolition,Interior Demolition,Demolition & Prep,no,,,,,,service page,/services/interior-demolition/,,,,no
3,41,head,interior demolition ontario,anchor-city,Commercial,interior-demolition,Interior Demolition,Demolition & Prep,no,,,,,,service page,/services/interior-demolition/,,,,no
3,41,head,hire interior trim replacement contractor,hiring,Transactional,interior-trim-replacement,Interior Trim Replacement,Trim & Millwork,no,,,,,,service page,/services/interior-trim-replacement/,,,,no
3,41,head,interior trim replacement ontario,anchor-city,Commercial,interior-trim-replacement,Interior Trim Replacement,Trim & Millwork,no,,,,,,service page,/services/interior-trim-replacement/,,,,no
3,41,head,hire interior basement waterproofing contractor,hiring,Transactional,interior-waterproofing,Interior Waterproofing,Waterproofing,no,,,,,,service page,/services/interior-waterproofing/,,,,no
3,41,head,interior basement waterproofing ontario,anchor-city,Commercial,interior-waterproofing,Interior Waterproofing,Waterproofing,no,,,,,,service page,/services/interior-waterproofing/,,,,no
3,41,head,hire iron railing installation contractor,hiring,Transactional,iron-railing-installation,Iron Railing Installation,Stairs & Railings,no,,,,,,service page,/services/iron-railing-installation/,,,,no
3,41,head,iron railing installation ontario,anchor-city,Commercial,iron-railing-installation,Iron Railing Installation,Stairs & Railings,no,,,,,,service page,/services/iron-railing-installation/,,,,no
3,41,head,hire kitchen cabinet installation contractor,hiring,Transactional,kitchen-cabinet-installation,Kitchen Cabinet Installation,Kitchen,no,,,,,,service page,/services/kitchen-cabinet-installation/,,,,no
3,41,head,kitchen cabinet installation ontario,anchor-city,Commercial,kitchen-cabinet-installation,Kitchen Cabinet Installation,Kitchen,no,,,,,,service page,/services/kitchen-cabinet-installation/,,,,no
3,41,head,hire kitchen cabinet painting contractor,hiring,Transactional,kitchen-cabinet-painting,Kitchen Cabinet Painting,Kitchen,no,,,,,,service page,/services/kitchen-cabinet-painting/,,,,no
3,41,head,kitchen cabinet painting ontario,anchor-city,Commercial,kitchen-cabinet-painting,Kitchen Cabinet Painting,Kitchen,no,,,,,,service page,/services/kitchen-cabinet-painting/,,,,no
3,41,head,hire kitchen cabinet refacing contractor,hiring,Transactional,kitchen-cabinet-refacing,Kitchen Cabinet Refacing,Kitchen,no,,,,,,service page,/services/kitchen-cabinet-refacing/,,,,no
3,41,head,kitchen cabinet refacing ontario,anchor-city,Commercial,kitchen-cabinet-refacing,Kitchen Cabinet Refacing,Kitchen,no,,,,,,service page,/services/kitchen-cabinet-refacing/,,,,no
3,41,head,hire kitchen demolition contractor,hiring,Transactional,kitchen-demolition,Kitchen Demolition,Demolition & Prep,no,,,,,,service page,/services/kitchen-demolition/,,,,no
3,41,head,kitchen demolition ontario,anchor-city,Commercial,kitchen-demolition,Kitchen Demolition,Demolition & Prep,no,,,,,,service page,/services/kitchen-demolition/,,,,no
3,41,head,hire kitchen island installation contractor,hiring,Transactional,kitchen-island-installation,Kitchen Island Installation,Kitchen,no,,,,,,service page,/services/kitchen-island-installation/,,,,no
3,41,head,kitchen island installation ontario,anchor-city,Commercial,kitchen-island-installation,Kitchen Island Installation,Kitchen,no,,,,,,service page,/services/kitchen-island-installation/,,,,no
3,41,head,hire kitchen plumbing installation contractor,hiring,Transactional,kitchen-plumbing-installation,Kitchen Plumbing Installation,Plumbing,no,,,,,,service page,/services/kitchen-plumbing-installation/,,,,no
3,41,head,kitchen plumbing installation ontario,anchor-city,Commercial,kitchen-plumbing-installation,Kitchen Plumbing Installation,Plumbing,no,,,,,,service page,/services/kitchen-plumbing-installation/,,,,no
3,41,head,hire kitchen sink installation contractor,hiring,Transactional,kitchen-sink-installation,Kitchen Sink Installation,Kitchen,no,,,,,,service page,/services/kitchen-sink-installation/,,,,no
3,41,head,kitchen sink installation ontario,anchor-city,Commercial,kitchen-sink-installation,Kitchen Sink Installation,Kitchen,no,,,,,,service page,/services/kitchen-sink-installation/,,,,no
3,41,head,hire kitchen tile installation contractor,hiring,Transactional,kitchen-tile-installation,Kitchen Tile Installation,Tile,no,,,,,,service page,/services/kitchen-tile-installation/,,,,no
3,41,head,kitchen tile installation ontario,anchor-city,Commercial,kitchen-tile-installation,Kitchen Tile Installation,Tile,no,,,,,,service page,/services/kitchen-tile-installation/,,,,no
3,41,head,hire knob and tube removal contractor,hiring,Transactional,knob-and-tube-removal,Knob and Tube Removal,Electrical,no,,,,,,service page,/services/knob-and-tube-removal/,,,,no
3,41,head,knob and tube removal ontario,anchor-city,Commercial,knob-and-tube-removal,Knob and Tube Removal,Electrical,no,,,,,,service page,/services/knob-and-tube-removal/,,,,no
3,41,head,hire laneway house construction contractor,hiring,Transactional,laneway-house-construction,Laneway House Construction,Whole Home,no,,,,,,service page,/services/laneway-house-construction/,,,,no
3,41,head,laneway house construction ontario,anchor-city,Commercial,laneway-house-construction,Laneway House Construction,Whole Home,no,,,,,,service page,/services/laneway-house-construction/,,,,no
3,41,head,hire large format tile installation contractor,hiring,Transactional,large-format-tile-installation,Large Format Tile Installation,Tile,no,,,,,,service page,/services/large-format-tile-installation/,,,,no
3,41,head,large format tile installation ontario,anchor-city,Commercial,large-format-tile-installation,Large Format Tile Installation,Tile,no,,,,,,service page,/services/large-format-tile-installation/,,,,no
3,41,head,hire laundry hookup installation contractor,hiring,Transactional,laundry-hookup-installation,Laundry Hookup Installation,Plumbing,no,,,,,,service page,/services/laundry-hookup-installation/,,,,no
3,41,head,laundry hookup installation ontario,anchor-city,Commercial,laundry-hookup-installation,Laundry Hookup Installation,Plumbing,no,,,,,,service page,/services/laundry-hookup-installation/,,,,no
3,41,head,hire laundry room renovation contractor,hiring,Transactional,laundry-room-renovation,Laundry Room Renovation,Specialty Rooms,no,,,,,,service page,/services/laundry-room-renovation/,,,,no
3,41,head,laundry room renovation ontario,anchor-city,Commercial,laundry-room-renovation,Laundry Room Renovation,Specialty Rooms,no,,,,,,service page,/services/laundry-room-renovation/,,,,no
3,41,head,hire light fixture installation contractor,hiring,Transactional,light-fixture-installation,Light Fixture Installation,Electrical,no,,,,,,service page,/services/light-fixture-installation/,,,,no
3,41,head,light fixture installation ontario,anchor-city,Commercial,light-fixture-installation,Light Fixture Installation,Electrical,no,,,,,,service page,/services/light-fixture-installation/,,,,no
3,41,head,hire load bearing wall removal contractor,hiring,Transactional,load-bearing-wall-removal,Load Bearing Wall Removal,Whole Home,no,,,,,,service page,/services/load-bearing-wall-removal/,,,,no
3,41,head,load bearing wall removal ontario,anchor-city,Commercial,load-bearing-wall-removal,Load Bearing Wall Removal,Whole Home,no,,,,,,service page,/services/load-bearing-wall-removal/,,,,no
3,41,head,hire marble tile installation contractor,hiring,Transactional,marble-tile-installation,Marble Tile Installation,Tile,no,,,,,,service page,/services/marble-tile-installation/,,,,no
3,41,head,marble tile installation ontario,anchor-city,Commercial,marble-tile-installation,Marble Tile Installation,Tile,no,,,,,,service page,/services/marble-tile-installation/,,,,no
3,41,head,masonry contractor ontario,anchor-city,Commercial,masonry-contractor,Masonry Contractor,Concrete & Masonry,no,,,,,,service page,/services/masonry-contractor/,,,,no
3,41,head,hire metal roof installation contractor,hiring,Transactional,metal-roof-installation,Metal Roof Installation,Roofing,no,,,,,,service page,/services/metal-roof-installation/,,,,no
3,41,head,metal roof installation ontario,anchor-city,Commercial,metal-roof-installation,Metal Roof Installation,Roofing,no,,,,,,service page,/services/metal-roof-installation/,,,,no
3,41,head,hire mosaic tile installation contractor,hiring,Transactional,mosaic-tile-installation,Mosaic Tile Installation,Tile,no,,,,,,service page,/services/mosaic-tile-installation/,,,,no
3,41,head,mosaic tile installation ontario,anchor-city,Commercial,mosaic-tile-installation,Mosaic Tile Installation,Tile,no,,,,,,service page,/services/mosaic-tile-installation/,,,,no
3,41,head,hire mould remediation contractor,hiring,Transactional,mould-remediation,Mould Remediation,Waterproofing,no,,,,,,service page,/services/mould-remediation/,,,,no
3,41,head,mould remediation ontario,anchor-city,Commercial,mould-remediation,Mould Remediation,Waterproofing,no,,,,,,service page,/services/mould-remediation/,,,,no
3,41,head,hire mudroom built in cabinets contractor,hiring,Transactional,mudroom-built-ins,Mudroom Built-Ins,Cabinetry & Storage,no,,,,,,service page,/services/mudroom-built-ins/,,,,no
3,41,head,mudroom built in cabinets ontario,anchor-city,Commercial,mudroom-built-ins,Mudroom Built-Ins,Cabinetry & Storage,no,,,,,,service page,/services/mudroom-built-ins/,,,,no
3,41,head,hire mudroom renovation contractor,hiring,Transactional,mudroom-renovation,Mudroom Renovation,Specialty Rooms,no,,,,,,service page,/services/mudroom-renovation/,,,,no
3,41,head,mudroom renovation ontario,anchor-city,Commercial,mudroom-renovation,Mudroom Renovation,Specialty Rooms,no,,,,,,service page,/services/mudroom-renovation/,,,,no
3,41,head,hire multi level deck building contractor,hiring,Transactional,multi-level-deck-building,Multi-Level Deck Building,Decks,no,,,,,,service page,/services/multi-level-deck-building/,,,,no
3,41,head,multi level deck building ontario,anchor-city,Commercial,multi-level-deck-building,Multi-Level Deck Building,Decks,no,,,,,,service page,/services/multi-level-deck-building/,,,,no
3,41,head,hire nursery renovation contractor,hiring,Transactional,nursery-renovation,Nursery Renovation,Specialty Rooms,no,,,,,,service page,/services/nursery-renovation/,,,,no
3,41,head,nursery renovation ontario,anchor-city,Commercial,nursery-renovation,Nursery Renovation,Specialty Rooms,no,,,,,,service page,/services/nursery-renovation/,,,,no
3,41,head,hire open concept renovation contractor,hiring,Transactional,open-concept-renovation,Open Concept Renovation,Whole Home,no,,,,,,service page,/services/open-concept-renovation/,,,,no
3,41,head,open concept renovation ontario,anchor-city,Commercial,open-concept-renovation,Open Concept Renovation,Whole Home,no,,,,,,service page,/services/open-concept-renovation/,,,,no
3,41,head,hire outlet installation contractor,hiring,Transactional,outlet-installation,Outlet Installation,Electrical,no,,,,,,service page,/services/outlet-installation/,,,,no
3,41,head,outlet installation ontario,anchor-city,Commercial,outlet-installation,Outlet Installation,Electrical,no,,,,,,service page,/services/outlet-installation/,,,,no
3,41,head,hire panel moulding installation contractor,hiring,Transactional,panel-moulding-installation,Panel Moulding Installation,Trim & Millwork,no,,,,,,service page,/services/panel-moulding-installation/,,,,no
3,41,head,panel moulding installation ontario,anchor-city,Commercial,panel-moulding-installation,Panel Moulding Installation,Trim & Millwork,no,,,,,,service page,/services/panel-moulding-installation/,,,,no
3,41,head,hire pantry installation contractor,hiring,Transactional,pantry-installation,Pantry Installation,Kitchen,no,,,,,,service page,/services/pantry-installation/,,,,no
3,41,head,pantry installation ontario,anchor-city,Commercial,pantry-installation,Pantry Installation,Kitchen,no,,,,,,service page,/services/pantry-installation/,,,,no
3,41,head,hire pantry renovation contractor,hiring,Transactional,pantry-renovation,Pantry Renovation,Specialty Rooms,no,,,,,,service page,/services/pantry-renovation/,,,,no
3,41,head,pantry renovation ontario,anchor-city,Commercial,pantry-renovation,Pantry Renovation,Specialty Rooms,no,,,,,,service page,/services/pantry-renovation/,,,,no
3,41,head,hire parging contractor,hiring,Transactional,parging,Parging,Concrete & Masonry,no,,,,,,service page,/services/parging/,,,,no
3,41,head,parging ontario,anchor-city,Commercial,parging,Parging,Concrete & Masonry,no,,,,,,service page,/services/parging/,,,,no
3,41,head,hire patio door installation contractor,hiring,Transactional,patio-door-installation,Patio Door Installation,Doors,no,,,,,,service page,/services/patio-door-installation/,,,,no
3,41,head,patio door installation ontario,anchor-city,Commercial,patio-door-installation,Patio Door Installation,Doors,no,,,,,,service page,/services/patio-door-installation/,,,,no
3,41,head,hire pergola building contractor,hiring,Transactional,pergola-building,Pergola Building,Decks,no,,,,,,service page,/services/pergola-building/,,,,no
3,41,head,pergola building ontario,anchor-city,Commercial,pergola-building,Pergola Building,Decks,no,,,,,,service page,/services/pergola-building/,,,,no
3,41,head,hire plaster repair contractor,hiring,Transactional,plaster-repair,Plaster Repair,Drywall & Ceilings,no,,,,,,service page,/services/plaster-repair/,,,,no
3,41,head,plaster repair ontario,anchor-city,Commercial,plaster-repair,Plaster Repair,Drywall & Ceilings,no,,,,,,service page,/services/plaster-repair/,,,,no
3,41,head,hire plumbing rough in contractor,hiring,Transactional,plumbing-rough-in,Plumbing Rough-In,Plumbing,no,,,,,,service page,/services/plumbing-rough-in/,,,,no
3,41,head,plumbing rough in ontario,anchor-city,Commercial,plumbing-rough-in,Plumbing Rough-In,Plumbing,no,,,,,,service page,/services/plumbing-rough-in/,,,,no
3,41,head,hire pocket door installation contractor,hiring,Transactional,pocket-door-installation,Pocket Door Installation,Doors,no,,,,,,service page,/services/pocket-door-installation/,,,,no
3,41,head,pocket door installation ontario,anchor-city,Commercial,pocket-door-installation,Pocket Door Installation,Doors,no,,,,,,service page,/services/pocket-door-installation/,,,,no
3,41,head,hire popcorn ceiling removal contractor,hiring,Transactional,popcorn-ceiling-removal,Popcorn Ceiling Removal,Drywall & Ceilings,no,,,,,,service page,/services/popcorn-ceiling-removal/,,,,no
3,41,head,popcorn ceiling removal ontario,anchor-city,Commercial,popcorn-ceiling-removal,Popcorn Ceiling Removal,Drywall & Ceilings,no,,,,,,service page,/services/popcorn-ceiling-removal/,,,,no
3,41,head,hire porcelain tile installation contractor,hiring,Transactional,porcelain-tile-installation,Porcelain Tile Installation,Tile,no,,,,,,service page,/services/porcelain-tile-installation/,,,,no
3,41,head,porcelain tile installation ontario,anchor-city,Commercial,porcelain-tile-installation,Porcelain Tile Installation,Tile,no,,,,,,service page,/services/porcelain-tile-installation/,,,,no
3,41,head,hire porch building contractor,hiring,Transactional,porch-building,Porch Building,Decks,no,,,,,,service page,/services/porch-building/,,,,no
3,41,head,porch building ontario,anchor-city,Commercial,porch-building,Porch Building,Decks,no,,,,,,service page,/services/porch-building/,,,,no
3,41,head,hire porch renovation contractor,hiring,Transactional,porch-renovation,Porch Renovation,Exterior & Siding,no,,,,,,service page,/services/porch-renovation/,,,,no
3,41,head,porch renovation ontario,anchor-city,Commercial,porch-renovation,Porch Renovation,Exterior & Siding,no,,,,,,service page,/services/porch-renovation/,,,,no
3,41,head,hire powder room renovation contractor,hiring,Transactional,powder-room-renovation,Powder Room Renovation,Bathroom,no,,,,,,service page,/services/powder-room-renovation/,,,,no
3,41,head,powder room renovation ontario,anchor-city,Commercial,powder-room-renovation,Powder Room Renovation,Bathroom,no,,,,,,service page,/services/powder-room-renovation/,,,,no
3,41,head,hire privacy fence installation contractor,hiring,Transactional,privacy-fence-installation,Privacy Fence Installation,Fences,no,,,,,,service page,/services/privacy-fence-installation/,,,,no
3,41,head,privacy fence installation ontario,anchor-city,Commercial,privacy-fence-installation,Privacy Fence Installation,Fences,no,,,,,,service page,/services/privacy-fence-installation/,,,,no
3,41,head,hire quartz countertop installation contractor,hiring,Transactional,quartz-countertop-installation,Quartz Countertop Installation,Kitchen,no,,,,,,service page,/services/quartz-countertop-installation/,,,,no
3,41,head,quartz countertop installation ontario,anchor-city,Commercial,quartz-countertop-installation,Quartz Countertop Installation,Kitchen,no,,,,,,service page,/services/quartz-countertop-installation/,,,,no
3,41,head,hire range hood installation contractor,hiring,Transactional,range-hood-installation,Range Hood Installation,Kitchen,no,,,,,,service page,/services/range-hood-installation/,,,,no
3,41,head,range hood installation ontario,anchor-city,Commercial,range-hood-installation,Range Hood Installation,Kitchen,no,,,,,,service page,/services/range-hood-installation/,,,,no
3,41,head,hire rear addition contractor,hiring,Transactional,rear-addition,Rear Addition,Whole Home,no,,,,,,service page,/services/rear-addition/,,,,no
3,42,head,rear addition ontario,anchor-city,Commercial,rear-addition,Rear Addition,Whole Home,no,,,,,,service page,/services/rear-addition/,,,,no
3,42,head,hire regrouting contractor,hiring,Transactional,regrouting,Regrouting,Tile,no,,,,,,service page,/services/regrouting/,,,,no
3,42,head,regrouting ontario,anchor-city,Commercial,regrouting,Regrouting,Tile,no,,,,,,service page,/services/regrouting/,,,,no
3,42,head,hire renovation junk removal contractor,hiring,Transactional,renovation-junk-removal,Renovation Junk Removal,Demolition & Prep,no,,,,,,service page,/services/renovation-junk-removal/,,,,no
3,42,head,renovation junk removal ontario,anchor-city,Commercial,renovation-junk-removal,Renovation Junk Removal,Demolition & Prep,no,,,,,,service page,/services/renovation-junk-removal/,,,,no
3,42,head,hire house repiping contractor,hiring,Transactional,repiping,Repiping,Plumbing,no,,,,,,service page,/services/repiping/,,,,no
3,42,head,house repiping ontario,anchor-city,Commercial,repiping,Repiping,Plumbing,no,,,,,,service page,/services/repiping/,,,,no
3,42,head,hire retaining wall construction contractor,hiring,Transactional,retaining-wall-construction,Retaining Wall Construction,Concrete & Masonry,no,,,,,,service page,/services/retaining-wall-construction/,,,,no
3,42,head,retaining wall construction ontario,anchor-city,Commercial,retaining-wall-construction,Retaining Wall Construction,Concrete & Masonry,no,,,,,,service page,/services/retaining-wall-construction/,,,,no
3,42,head,hire roof leak repair contractor,hiring,Transactional,roof-leak-repair,Roof Leak Repair,Roofing,no,,,,,,service page,/services/roof-leak-repair/,,,,no
3,42,head,roof leak repair ontario,anchor-city,Commercial,roof-leak-repair,Roof Leak Repair,Roofing,no,,,,,,service page,/services/roof-leak-repair/,,,,no
3,42,head,hire roof repair contractor,hiring,Transactional,roof-repair,Roof Repair,Roofing,no,,,,,,service page,/services/roof-repair/,,,,no
3,42,head,roof repair ontario,anchor-city,Commercial,roof-repair,Roof Repair,Roofing,no,,,,,,service page,/services/roof-repair/,,,,no
3,42,head,hire roof ventilation installation contractor,hiring,Transactional,roof-ventilation-installation,Roof Ventilation Installation,Roofing,no,,,,,,service page,/services/roof-ventilation-installation/,,,,no
3,42,head,roof ventilation installation ontario,anchor-city,Commercial,roof-ventilation-installation,Roof Ventilation Installation,Roofing,no,,,,,,service page,/services/roof-ventilation-installation/,,,,no
3,42,head,hire secondary suite construction contractor,hiring,Transactional,secondary-suite-construction,Secondary Suite Construction,Basement,no,,,,,,service page,/services/secondary-suite-construction/,,,,no
3,42,head,secondary suite construction ontario,anchor-city,Commercial,secondary-suite-construction,Secondary Suite Construction,Basement,no,,,,,,service page,/services/secondary-suite-construction/,,,,no
3,42,head,hire shingle replacement contractor,hiring,Transactional,shingle-replacement,Shingle Replacement,Roofing,no,,,,,,service page,/services/shingle-replacement/,,,,no
3,42,head,shingle replacement ontario,anchor-city,Commercial,shingle-replacement,Shingle Replacement,Roofing,no,,,,,,service page,/services/shingle-replacement/,,,,no
3,42,head,hire shiplap installation contractor,hiring,Transactional,shiplap-installation,Shiplap Installation,Trim & Millwork,no,,,,,,service page,/services/shiplap-installation/,,,,no
3,42,head,shiplap installation ontario,anchor-city,Commercial,shiplap-installation,Shiplap Installation,Trim & Millwork,no,,,,,,service page,/services/shiplap-installation/,,,,no
3,42,head,hire shower glass installation contractor,hiring,Transactional,shower-glass-installation,Shower Glass Installation,Bathroom,no,,,,,,service page,/services/shower-glass-installation/,,,,no
3,42,head,shower glass installation ontario,anchor-city,Commercial,shower-glass-installation,Shower Glass Installation,Bathroom,no,,,,,,service page,/services/shower-glass-installation/,,,,no
3,42,head,hire shower tile installation contractor,hiring,Transactional,shower-tile-installation,Shower Tile Installation,Tile,no,,,,,,service page,/services/shower-tile-installation/,,,,no
3,42,head,shower tile installation ontario,anchor-city,Commercial,shower-tile-installation,Shower Tile Installation,Tile,no,,,,,,service page,/services/shower-tile-installation/,,,,no
3,42,head,hire siding repair contractor,hiring,Transactional,siding-repair,Siding Repair,Exterior & Siding,no,,,,,,service page,/services/siding-repair/,,,,no
3,42,head,siding repair ontario,anchor-city,Commercial,siding-repair,Siding Repair,Exterior & Siding,no,,,,,,service page,/services/siding-repair/,,,,no
3,42,head,hire siding replacement contractor,hiring,Transactional,siding-replacement,Siding Replacement,Exterior & Siding,no,,,,,,service page,/services/siding-replacement/,,,,no
3,42,head,siding replacement ontario,anchor-city,Commercial,siding-replacement,Siding Replacement,Exterior & Siding,no,,,,,,service page,/services/siding-replacement/,,,,no
3,42,head,construction site cleanup ontario,anchor-city,Commercial,site-cleanup,Site Cleanup,Demolition & Prep,no,,,,,,service page,/services/site-cleanup/,,,,no
3,42,head,hire construction site cleanup contractor,hiring,Transactional,site-cleanup,Site Cleanup,Demolition & Prep,no,,,,,,service page,/services/site-cleanup/,,,,no
3,42,head,hire skylight installation contractor,hiring,Transactional,skylight-installation,Skylight Installation,Windows,no,,,,,,service page,/services/skylight-installation/,,,,no
3,42,head,skylight installation ontario,anchor-city,Commercial,skylight-installation,Skylight Installation,Windows,no,,,,,,service page,/services/skylight-installation/,,,,no
3,42,head,hire sliding door installation contractor,hiring,Transactional,sliding-door-installation,Sliding Door Installation,Doors,no,,,,,,service page,/services/sliding-door-installation/,,,,no
3,42,head,sliding door installation ontario,anchor-city,Commercial,sliding-door-installation,Sliding Door Installation,Doors,no,,,,,,service page,/services/sliding-door-installation/,,,,no
3,42,head,hire small bathroom renovation contractor,hiring,Transactional,small-bathroom-renovation,Small Bathroom Renovation,Bathroom,no,,,,,,service page,/services/small-bathroom-renovation/,,,,no
3,42,head,small bathroom renovation ontario,anchor-city,Commercial,small-bathroom-renovation,Small Bathroom Renovation,Bathroom,no,,,,,,service page,/services/small-bathroom-renovation/,,,,no
3,42,head,hire small kitchen renovation contractor,hiring,Transactional,small-kitchen-renovation,Small Kitchen Renovation,Kitchen,no,,,,,,service page,/services/small-kitchen-renovation/,,,,no
3,42,head,small kitchen renovation ontario,anchor-city,Commercial,small-kitchen-renovation,Small Kitchen Renovation,Kitchen,no,,,,,,service page,/services/small-kitchen-renovation/,,,,no
3,42,head,hire smart home wiring contractor,hiring,Transactional,smart-home-wiring,Smart Home Wiring,Electrical,no,,,,,,service page,/services/smart-home-wiring/,,,,no
3,42,head,smart home wiring ontario,anchor-city,Commercial,smart-home-wiring,Smart Home Wiring,Electrical,no,,,,,,service page,/services/smart-home-wiring/,,,,no
3,42,head,hire soffit and fascia installation contractor,hiring,Transactional,soffit-and-fascia-installation,Soffit and Fascia Installation,Exterior & Siding,no,,,,,,service page,/services/soffit-and-fascia-installation/,,,,no
3,42,head,soffit and fascia installation ontario,anchor-city,Commercial,soffit-and-fascia-installation,Soffit and Fascia Installation,Exterior & Siding,no,,,,,,service page,/services/soffit-and-fascia-installation/,,,,no
3,42,head,hire soundproof drywall installation contractor,hiring,Transactional,soundproof-drywall-installation,Soundproof Drywall Installation,Drywall & Ceilings,no,,,,,,service page,/services/soundproof-drywall-installation/,,,,no
3,42,head,soundproof drywall installation ontario,anchor-city,Commercial,soundproof-drywall-installation,Soundproof Drywall Installation,Drywall & Ceilings,no,,,,,,service page,/services/soundproof-drywall-installation/,,,,no
3,42,head,hire soundproofing installation contractor,hiring,Transactional,soundproofing-installation,Soundproofing Installation,Insulation & Energy,no,,,,,,service page,/services/soundproofing-installation/,,,,no
3,42,head,soundproofing installation ontario,anchor-city,Commercial,soundproofing-installation,Soundproofing Installation,Insulation & Energy,no,,,,,,service page,/services/soundproofing-installation/,,,,no
3,42,head,hire spray foam insulation contractor,hiring,Transactional,spray-foam-insulation,Spray Foam Insulation,Insulation & Energy,no,,,,,,service page,/services/spray-foam-insulation/,,,,no
3,42,head,spray foam insulation ontario,anchor-city,Commercial,spray-foam-insulation,Spray Foam Insulation,Insulation & Energy,no,,,,,,service page,/services/spray-foam-insulation/,,,,no
3,42,head,hire squeaky floor repair contractor,hiring,Transactional,squeaky-floor-repair,Squeaky Floor Repair,Flooring,no,,,,,,service page,/services/squeaky-floor-repair/,,,,no
3,42,head,squeaky floor repair ontario,anchor-city,Commercial,squeaky-floor-repair,Squeaky Floor Repair,Flooring,no,,,,,,service page,/services/squeaky-floor-repair/,,,,no
3,42,head,hire stair installation contractor,hiring,Transactional,stair-installation,Stair Installation,Stairs & Railings,no,,,,,,service page,/services/stair-installation/,,,,no
3,42,head,stair installation ontario,anchor-city,Commercial,stair-installation,Stair Installation,Stairs & Railings,no,,,,,,service page,/services/stair-installation/,,,,no
3,42,head,hire stair lift installation contractor,hiring,Transactional,stair-lift-installation,Stair Lift Installation,Accessibility,no,,,,,,service page,/services/stair-lift-installation/,,,,no
3,42,head,stair lift installation ontario,anchor-city,Commercial,stair-lift-installation,Stair Lift Installation,Accessibility,no,,,,,,service page,/services/stair-lift-installation/,,,,no
3,42,head,hire stair railing installation contractor,hiring,Transactional,stair-railing-installation,Stair Railing Installation,Stairs & Railings,no,,,,,,service page,/services/stair-railing-installation/,,,,no
3,42,head,stair railing installation ontario,anchor-city,Commercial,stair-railing-installation,Stair Railing Installation,Stairs & Railings,no,,,,,,service page,/services/stair-railing-installation/,,,,no
3,42,head,hire stair refinishing contractor,hiring,Transactional,stair-refinishing,Stair Refinishing,Stairs & Railings,no,,,,,,service page,/services/stair-refinishing/,,,,no
3,42,head,stair refinishing ontario,anchor-city,Commercial,stair-refinishing,Stair Refinishing,Stairs & Railings,no,,,,,,service page,/services/stair-refinishing/,,,,no
3,42,head,hire stair tread replacement contractor,hiring,Transactional,stair-tread-replacement,Stair Tread Replacement,Stairs & Railings,no,,,,,,service page,/services/stair-tread-replacement/,,,,no
3,42,head,stair tread replacement ontario,anchor-city,Commercial,stair-tread-replacement,Stair Tread Replacement,Stairs & Railings,no,,,,,,service page,/services/stair-tread-replacement/,,,,no
3,42,head,hire staircase painting contractor,hiring,Transactional,staircase-painting,Staircase Painting,Painting,no,,,,,,service page,/services/staircase-painting/,,,,no
3,42,head,staircase painting ontario,anchor-city,Commercial,staircase-painting,Staircase Painting,Painting,no,,,,,,service page,/services/staircase-painting/,,,,no
3,42,head,hire stone veneer installation contractor,hiring,Transactional,stone-veneer-installation,Stone Veneer Installation,Exterior & Siding,no,,,,,,service page,/services/stone-veneer-installation/,,,,no
3,42,head,stone veneer installation ontario,anchor-city,Commercial,stone-veneer-installation,Stone Veneer Installation,Exterior & Siding,no,,,,,,service page,/services/stone-veneer-installation/,,,,no
3,42,head,hire storm door installation contractor,hiring,Transactional,storm-door-installation,Storm Door Installation,Doors,no,,,,,,service page,/services/storm-door-installation/,,,,no
3,42,head,storm door installation ontario,anchor-city,Commercial,storm-door-installation,Storm Door Installation,Doors,no,,,,,,service page,/services/storm-door-installation/,,,,no
3,42,head,hire structural beam installation contractor,hiring,Transactional,structural-beam-installation,Structural Beam Installation,Whole Home,no,,,,,,service page,/services/structural-beam-installation/,,,,no
3,42,head,structural beam installation ontario,anchor-city,Commercial,structural-beam-installation,Structural Beam Installation,Whole Home,no,,,,,,service page,/services/structural-beam-installation/,,,,no
3,42,head,hire stucco installation contractor,hiring,Transactional,stucco-installation,Stucco Installation,Exterior & Siding,no,,,,,,service page,/services/stucco-installation/,,,,no
3,42,head,stucco installation ontario,anchor-city,Commercial,stucco-installation,Stucco Installation,Exterior & Siding,no,,,,,,service page,/services/stucco-installation/,,,,no
3,42,head,hire stucco painting contractor,hiring,Transactional,stucco-painting,Stucco Painting,Painting,no,,,,,,service page,/services/stucco-painting/,,,,no
3,42,head,stucco painting ontario,anchor-city,Commercial,stucco-painting,Stucco Painting,Painting,no,,,,,,service page,/services/stucco-painting/,,,,no
3,42,head,hire stucco repair contractor,hiring,Transactional,stucco-repair,Stucco Repair,Exterior & Siding,no,,,,,,service page,/services/stucco-repair/,,,,no
3,42,head,stucco repair ontario,anchor-city,Commercial,stucco-repair,Stucco Repair,Exterior & Siding,no,,,,,,service page,/services/stucco-repair/,,,,no
3,42,head,hire subfloor installation contractor,hiring,Transactional,subfloor-installation,Subfloor Installation,Flooring,no,,,,,,service page,/services/subfloor-installation/,,,,no
3,42,head,subfloor installation ontario,anchor-city,Commercial,subfloor-installation,Subfloor Installation,Flooring,no,,,,,,service page,/services/subfloor-installation/,,,,no
3,42,head,hire subfloor repair contractor,hiring,Transactional,subfloor-repair,Subfloor Repair,Flooring,no,,,,,,service page,/services/subfloor-repair/,,,,no
3,42,head,subfloor repair ontario,anchor-city,Commercial,subfloor-repair,Subfloor Repair,Flooring,no,,,,,,service page,/services/subfloor-repair/,,,,no
3,42,head,hire sump pump installation contractor,hiring,Transactional,sump-pump-installation,Sump Pump Installation,Waterproofing,no,,,,,,service page,/services/sump-pump-installation/,,,,no
3,42,head,sump pump installation ontario,anchor-city,Commercial,sump-pump-installation,Sump Pump Installation,Waterproofing,no,,,,,,service page,/services/sump-pump-installation/,,,,no
3,42,head,hire sunroom addition contractor,hiring,Transactional,sunroom-addition,Sunroom Addition,Specialty Rooms,no,,,,,,service page,/services/sunroom-addition/,,,,no
3,42,head,sunroom addition ontario,anchor-city,Commercial,sunroom-addition,Sunroom Addition,Specialty Rooms,no,,,,,,service page,/services/sunroom-addition/,,,,no
3,42,head,hire tile removal contractor,hiring,Transactional,tile-removal,Tile Removal,Tile,no,,,,,,service page,/services/tile-removal/,,,,no
3,42,head,tile removal ontario,anchor-city,Commercial,tile-removal,Tile Removal,Tile,no,,,,,,service page,/services/tile-removal/,,,,no
3,42,head,hire tile repair contractor,hiring,Transactional,tile-repair,Tile Repair,Tile,no,,,,,,service page,/services/tile-repair/,,,,no
3,42,head,tile repair ontario,anchor-city,Commercial,tile-repair,Tile Repair,Tile,no,,,,,,service page,/services/tile-repair/,,,,no
3,42,head,hire toilet installation contractor,hiring,Transactional,toilet-installation,Toilet Installation,Bathroom,no,,,,,,service page,/services/toilet-installation/,,,,no
3,42,head,toilet installation ontario,anchor-city,Commercial,toilet-installation,Toilet Installation,Bathroom,no,,,,,,service page,/services/toilet-installation/,,,,no
3,42,head,hire trim painting contractor,hiring,Transactional,trim-painting,Trim Painting,Painting,no,,,,,,service page,/services/trim-painting/,,,,no
3,42,head,trim painting ontario,anchor-city,Commercial,trim-painting,Trim Painting,Painting,no,,,,,,service page,/services/trim-painting/,,,,no
3,42,head,hire under cabinet lighting installation contractor,hiring,Transactional,under-cabinet-lighting-installation,Under Cabinet Lighting,Electrical,no,,,,,,service page,/services/under-cabinet-lighting-installation/,,,,no
3,42,head,under cabinet lighting installation ontario,anchor-city,Commercial,under-cabinet-lighting-installation,Under Cabinet Lighting,Electrical,no,,,,,,service page,/services/under-cabinet-lighting-installation/,,,,no
3,42,head,hire vapour barrier installation contractor,hiring,Transactional,vapour-barrier-installation,Vapour Barrier Installation,Insulation & Energy,no,,,,,,service page,/services/vapour-barrier-installation/,,,,no
3,42,head,vapour barrier installation ontario,anchor-city,Commercial,vapour-barrier-installation,Vapour Barrier Installation,Insulation & Energy,no,,,,,,service page,/services/vapour-barrier-installation/,,,,no
3,42,head,hire vinyl fence installation contractor,hiring,Transactional,vinyl-fence-installation,Vinyl Fence Installation,Fences,no,,,,,,service page,/services/vinyl-fence-installation/,,,,no
3,42,head,vinyl fence installation ontario,anchor-city,Commercial,vinyl-fence-installation,Vinyl Fence Installation,Fences,no,,,,,,service page,/services/vinyl-fence-installation/,,,,no
3,42,head,hire vinyl siding installation contractor,hiring,Transactional,vinyl-siding-installation,Vinyl Siding Installation,Exterior & Siding,no,,,,,,service page,/services/vinyl-siding-installation/,,,,no
3,42,head,vinyl siding installation ontario,anchor-city,Commercial,vinyl-siding-installation,Vinyl Siding Installation,Exterior & Siding,no,,,,,,service page,/services/vinyl-siding-installation/,,,,no
3,42,head,hire vinyl window installation contractor,hiring,Transactional,vinyl-window-installation,Vinyl Window Installation,Windows,no,,,,,,service page,/services/vinyl-window-installation/,,,,no
3,43,head,vinyl window installation ontario,anchor-city,Commercial,vinyl-window-installation,Vinyl Window Installation,Windows,no,,,,,,service page,/services/vinyl-window-installation/,,,,no
3,43,head,hire wainscoting installation contractor,hiring,Transactional,wainscoting-installation,Wainscoting Installation,Trim & Millwork,no,,,,,,service page,/services/wainscoting-installation/,,,,no
3,43,head,wainscoting installation ontario,anchor-city,Commercial,wainscoting-installation,Wainscoting Installation,Trim & Millwork,no,,,,,,service page,/services/wainscoting-installation/,,,,no
3,43,head,hire walk in closet installation contractor,hiring,Transactional,walk-in-closet-installation,Walk-In Closet Installation,Cabinetry & Storage,no,,,,,,service page,/services/walk-in-closet-installation/,,,,no
3,43,head,walk in closet installation ontario,anchor-city,Commercial,walk-in-closet-installation,Walk-In Closet Installation,Cabinetry & Storage,no,,,,,,service page,/services/walk-in-closet-installation/,,,,no
3,43,head,hire walk in shower installation contractor,hiring,Transactional,walk-in-shower-installation,Walk-In Shower Installation,Bathroom,no,,,,,,service page,/services/walk-in-shower-installation/,,,,no
3,43,head,walk in shower installation ontario,anchor-city,Commercial,walk-in-shower-installation,Walk-In Shower Installation,Bathroom,no,,,,,,service page,/services/walk-in-shower-installation/,,,,no
3,43,head,hire walkout basement construction contractor,hiring,Transactional,walkout-basement-construction,Walkout Basement Construction,Basement,no,,,,,,service page,/services/walkout-basement-construction/,,,,no
3,43,head,walkout basement construction ontario,anchor-city,Commercial,walkout-basement-construction,Walkout Basement Construction,Basement,no,,,,,,service page,/services/walkout-basement-construction/,,,,no
3,43,head,hire wall insulation contractor,hiring,Transactional,wall-insulation,Wall Insulation,Insulation & Energy,no,,,,,,service page,/services/wall-insulation/,,,,no
3,43,head,wall insulation ontario,anchor-city,Commercial,wall-insulation,Wall Insulation,Insulation & Energy,no,,,,,,service page,/services/wall-insulation/,,,,no
3,43,head,hire wallpaper installation contractor,hiring,Transactional,wallpaper-installation,Wallpaper Installation,Painting,no,,,,,,service page,/services/wallpaper-installation/,,,,no
3,43,head,wallpaper installation ontario,anchor-city,Commercial,wallpaper-installation,Wallpaper Installation,Painting,no,,,,,,service page,/services/wallpaper-installation/,,,,no
3,43,head,hire wallpaper removal contractor,hiring,Transactional,wallpaper-removal,Wallpaper Removal,Painting,no,,,,,,service page,/services/wallpaper-removal/,,,,no
3,43,head,wallpaper removal ontario,anchor-city,Commercial,wallpaper-removal,Wallpaper Removal,Painting,no,,,,,,service page,/services/wallpaper-removal/,,,,no
3,43,head,hire water damage drywall repair contractor,hiring,Transactional,water-damage-drywall-repair,Water Damage Drywall Repair,Drywall & Ceilings,no,,,,,,service page,/services/water-damage-drywall-repair/,,,,no
3,43,head,water damage drywall repair ontario,anchor-city,Commercial,water-damage-drywall-repair,Water Damage Drywall Repair,Drywall & Ceilings,no,,,,,,service page,/services/water-damage-drywall-repair/,,,,no
3,43,head,hire water heater installation contractor,hiring,Transactional,water-heater-installation,Water Heater Installation,Plumbing,no,,,,,,service page,/services/water-heater-installation/,,,,no
3,43,head,water heater installation ontario,anchor-city,Commercial,water-heater-installation,Water Heater Installation,Plumbing,no,,,,,,service page,/services/water-heater-installation/,,,,no
3,43,head,hire water line replacement contractor,hiring,Transactional,water-line-replacement,Water Line Replacement,Plumbing,no,,,,,,service page,/services/water-line-replacement/,,,,no
3,43,head,water line replacement ontario,anchor-city,Commercial,water-line-replacement,Water Line Replacement,Plumbing,no,,,,,,service page,/services/water-line-replacement/,,,,no
3,43,head,hire weeping tile installation contractor,hiring,Transactional,weeping-tile-installation,Weeping Tile Installation,Waterproofing,no,,,,,,service page,/services/weeping-tile-installation/,,,,no
3,43,head,weeping tile installation ontario,anchor-city,Commercial,weeping-tile-installation,Weeping Tile Installation,Waterproofing,no,,,,,,service page,/services/weeping-tile-installation/,,,,no
3,43,head,hire wet basement repair contractor,hiring,Transactional,wet-basement-repair,Wet Basement Repair,Waterproofing,no,,,,,,service page,/services/wet-basement-repair/,,,,no
3,43,head,wet basement repair ontario,anchor-city,Commercial,wet-basement-repair,Wet Basement Repair,Waterproofing,no,,,,,,service page,/services/wet-basement-repair/,,,,no
3,43,head,hire wheelchair ramp installation contractor,hiring,Transactional,wheelchair-ramp-installation,Wheelchair Ramp Installation,Accessibility,no,,,,,,service page,/services/wheelchair-ramp-installation/,,,,no
3,43,head,wheelchair ramp installation ontario,anchor-city,Commercial,wheelchair-ramp-installation,Wheelchair Ramp Installation,Accessibility,no,,,,,,service page,/services/wheelchair-ramp-installation/,,,,no
3,43,head,hire window casing installation contractor,hiring,Transactional,window-casing-installation,Window Casing Installation,Trim & Millwork,no,,,,,,service page,/services/window-casing-installation/,,,,no
3,43,head,window casing installation ontario,anchor-city,Commercial,window-casing-installation,Window Casing Installation,Trim & Millwork,no,,,,,,service page,/services/window-casing-installation/,,,,no
3,43,head,hire window glass replacement contractor,hiring,Transactional,window-glass-replacement,Window Glass Replacement,Windows,no,,,,,,service page,/services/window-glass-replacement/,,,,no
3,43,head,window glass replacement ontario,anchor-city,Commercial,window-glass-replacement,Window Glass Replacement,Windows,no,,,,,,service page,/services/window-glass-replacement/,,,,no
3,43,head,hire window repair contractor,hiring,Transactional,window-repair,Window Repair,Windows,no,,,,,,service page,/services/window-repair/,,,,no
3,43,head,window repair ontario,anchor-city,Commercial,window-repair,Window Repair,Windows,no,,,,,,service page,/services/window-repair/,,,,no
3,43,head,hire window sill replacement contractor,hiring,Transactional,window-sill-replacement,Window Sill Replacement,Windows,no,,,,,,service page,/services/window-sill-replacement/,,,,no
3,43,head,window sill replacement ontario,anchor-city,Commercial,window-sill-replacement,Window Sill Replacement,Windows,no,,,,,,service page,/services/window-sill-replacement/,,,,no
3,43,head,hire window trim installation contractor,hiring,Transactional,window-trim-installation,Window Trim Installation,Windows,no,,,,,,service page,/services/window-trim-installation/,,,,no
3,43,head,window trim installation ontario,anchor-city,Commercial,window-trim-installation,Window Trim Installation,Windows,no,,,,,,service page,/services/window-trim-installation/,,,,no
3,43,head,hire window well installation contractor,hiring,Transactional,window-well-installation,Window Well Installation,Waterproofing,no,,,,,,service page,/services/window-well-installation/,,,,no
3,43,head,window well installation ontario,anchor-city,Commercial,window-well-installation,Window Well Installation,Waterproofing,no,,,,,,service page,/services/window-well-installation/,,,,no
3,43,head,hire wine cellar construction contractor,hiring,Transactional,wine-cellar-construction,Wine Cellar Construction,Specialty Rooms,no,,,,,,service page,/services/wine-cellar-construction/,,,,no
3,43,head,wine cellar construction ontario,anchor-city,Commercial,wine-cellar-construction,Wine Cellar Construction,Specialty Rooms,no,,,,,,service page,/services/wine-cellar-construction/,,,,no
3,43,head,hire wood deck building contractor,hiring,Transactional,wood-deck-building,Wood Deck Building,Decks,no,,,,,,service page,/services/wood-deck-building/,,,,no
3,43,head,wood deck building ontario,anchor-city,Commercial,wood-deck-building,Wood Deck Building,Decks,no,,,,,,service page,/services/wood-deck-building/,,,,no
3,43,head,hire wood fence installation contractor,hiring,Transactional,wood-fence-installation,Wood Fence Installation,Fences,no,,,,,,service page,/services/wood-fence-installation/,,,,no
3,43,head,wood fence installation ontario,anchor-city,Commercial,wood-fence-installation,Wood Fence Installation,Fences,no,,,,,,service page,/services/wood-fence-installation/,,,,no
