source,research_tier,priority,research_batch,keyword,keyword_type,intent,service_slug,service_name,tier,group,in_new_content_set,location,region,target_page_type,target_url,volume,keyword_difficulty,cpc_usd,in_semrush_export,database,seed_keyword,competitive_density,number_of_results,serp_features,trend,click_potential,page,topic,page_type,tags,content_references,competitors
renovation-keyword-list,A,1,1,basement renovation cost,cost,Informational,basement-renovations,Basement Renovations,tier-1,,yes,,,blog post,/blog/,1300,9,3.3,yes,,,,,,,,,,,,,
renovation-keyword-list,A,1,1,closet renovation cost,cost,Informational,closet-renovation,Closet Renovation,tier-4,,no,,,blog post,/blog/,880,27,2.75,yes,,,,,,,,,,,,,
renovation-keyword-list,A,1,1,exterior renovation,head,Informational,exterior-remodeling,Exterior Remodeling,tier-1,,no,,,service page,/services/exterior-remodeling.html,390,15,2.97,yes,,,,,,,,,,,,,
renovation-keyword-list,A,1,1,home renovation cost,cost,Informational,full-home-renovations,Full Home Renovations,tier-1,,no,,,blog post,/blog/,390,17,1.61,yes,,,,,,,,,,,,,
renovation-keyword-list,A,1,1,garage renovation cost,cost,Informational,garage-renovation,Garage Renovation,tier-4,,no,,,blog post,/blog/,880,24,1.1,yes,,,,,,,,,,,,,
renovation-keyword-list,A,1,1,home addition cost,cost,Informational,home-additions,Home Additions,tier-1,,no,,,blog post,/blog/,210,6,1.98,yes,,,,,,,,,,,,,
renovation-keyword-list,A,1,1,interior renovation,head,Informational,interior-remodeling,Interior Remodeling,tier-1,,no,,,service page,/services/interior-remodeling.html,590,11,3.52,yes,,,,,,,,,,,,,
renovation-keyword-list,A,1,1,kitchen renovation cost,cost,Informational,kitchen-renovations,Kitchen Renovations,tier-1,,yes,,,blog post,/blog/,1300,8,1.65,yes,,,,,,,,,,,,,
renovation-keyword-list,A,1,1,backsplash installation,head,Commercial,backsplash-installation,Backsplash Installation,tier-3,,no,,,service page,/services/backsplash-installation.html,,,,no,,,,,,,,,,,,,
renovation-keyword-list,A,1,1,backsplash installation cost,cost,Informational,backsplash-installation,Backsplash Installation,tier-3,,no,,,blog post,/blog/,,,,no,,,,,,,,,,,,,
renovation-keyword-list,A,1,1,how much does backsplash installation cost,cost,Informational,backsplash-installation,Backsplash Installation,tier-3,,no,,,blog post,/blog/,,,,no,,,,,,,,,,,,,
renovation-keyword-list,A,1,1,basement renovations,head,Commercial,basement-renovations,Basement Renovations,tier-1,,yes,,,service page,/services/basement-renovations.html,,,,no,,,,,,,,,,,,,
renovation-keyword-list,A,1,1,how much does basement renovations cost,cost,Informational,basement-renovations,Basement Renovations,tier-1,,yes,,,blog post,/blog/,,,,no,,,,,,,,,,,,,
renovation-keyword-list,A,1,1,bathroom renovation cost,cost,Informational,bathroom-renovations,Bathroom Renovations,tier-1,,yes,,,blog post,/blog/,,,,no,,,,,,,,,,,,,
renovation-keyword-list,A,1,1,bathroom renovations,head,Commercial,bathroom-renovations,Bathroom Renovations,tier-1,,yes,,,service page,/services/bathroom-renovations.html,,,,no,,,,,,,,,,,,,
renovation-keyword-list,A,1,1,how much does bathroom renovations cost,cost,Informational,bathroom-renovations,Bathroom Renovations,tier-1,,yes,,,blog post,/blog/,,,,no,,,,,,,,,,,,,
renovation-keyword-list,A,1,1,closet renovation,head,Commercial,closet-renovation,Closet Renovation,tier-4,,no,,,service page,/services/closet-renovation.html,,,,no,,,,,,,,,,,,,
renovation-keyword-list,A,1,1,how much does closet renovation cost,cost,Informational,closet-renovation,Closet Renovation,tier-4,,no,,,blog post,/blog/,,,,no,,,,,,,,,,,,,
renovation-keyword-list,A,1,1,composite deck,head,Commercial,composite-decks,Composite Decks,tier-2,Decks,no,,,service page,/services/composite-decks.html,,,,no,,,,,,,,,,,,,
renovation-keyword-list,A,1,1,composite deck cost,cost,Informational,composite-decks,Composite Decks,tier-2,Decks,no,,,blog post,/blog/,,,,no,,,,,,,,,,,,,
renovation-keyword-list,A,1,1,how much does composite deck cost,cost,Informational,composite-decks,Composite Decks,tier-2,Decks,no,,,blog post,/blog/,,,,no,,,,,,,,,,,,,
renovation-keyword-list,A,1,1,condo renovation cost,cost,Informational,condo-renovations,Condo Renovations,tier-1,,no,,,blog post,/blog/,,,,no,,,,,,,,,,,,,
renovation-keyword-list,A,1,1,condo renovations,head,Commercial,condo-renovations,Condo Renovations,tier-1,,no,,,service page,/services/condo-renovations.html,,,,no,,,,,,,,,,,,,
renovation-keyword-list,A,1,1,how much does condo renovations cost,cost,Informational,condo-renovations,Condo Renovations,tier-1,,no,,,blog post,/blog/,,,,no,,,,,,,,,,,,,
renovation-keyword-list,A,1,1,countertop installation,head,Commercial,countertop-installation,Countertop Installation,tier-4,,no,,,service page,/services/countertop-installation.html,,,,no,,,,,,,,,,,,,
renovation-keyword-list,A,1,1,countertop installation cost,cost,Informational,countertop-installation,Countertop Installation,tier-4,,no,,,blog post,/blog/,,,,no,,,,,,,,,,,,,
renovation-keyword-list,A,1,1,how much does countertop installation cost,cost,Informational,countertop-installation,Countertop Installation,tier-4,,no,,,blog post,/blog/,,,,no,,,,,,,,,,,,,
renovation-keyword-list,A,1,1,crown moulding,head,Commercial,crown-molding,Crown Molding,tier-3,,no,,,service page,/services/crown-molding.html,,,,no,,,,,,,,,,,,,
renovation-keyword-list,A,1,1,crown moulding cost,cost,Informational,crown-molding,Crown Molding,tier-3,,no,,,blog post,/blog/,,,,no,,,,,,,,,,,,,
renovation-keyword-list,A,1,1,how much does crown moulding cost,cost,Informational,crown-molding,Crown Molding,tier-3,,no,,,blog post,/blog/,,,,no,,,,,,,,,,,,,
renovation-keyword-list,A,1,1,custom cabinetry,head,Commercial,custom-cabinetry,Custom Cabinetry,tier-4,,no,,,service page,/services/custom-cabinetry.html,,,,no,,,,,,,,,,,,,
renovation-keyword-list,A,1,1,custom cabinetry cost,cost,Informational,custom-cabinetry,Custom Cabinetry,tier-4,,no,,,blog post,/blog/,,,,no,,,,,,,,,,,,,
renovation-keyword-list,A,1,1,how much does custom cabinetry cost,cost,Informational,custom-cabinetry,Custom Cabinetry,tier-4,,no,,,blog post,/blog/,,,,no,,,,,,,,,,,,,
renovation-keyword-list,A,1,1,custom door cost,cost,Informational,custom-doors,Custom Doors,tier-2,Doors,yes,,,blog post,/blog/,,,,no,,,,,,,,,,,,,
renovation-keyword-list,A,1,1,custom doors,head,Commercial,custom-doors,Custom Doors,tier-2,Doors,yes,,,service page,/services/custom-doors.html,,,,no,,,,,,,,,,,,,
renovation-keyword-list,A,1,1,how much does custom doors cost,cost,Informational,custom-doors,Custom Doors,tier-2,Doors,yes,,,blog post,/blog/,,,,no,,,,,,,,,,,,,
renovation-keyword-list,A,1,1,deck building,head,Commercial,deck-building,Deck Building,tier-2,Decks,yes,,,service page,/services/deck-building.html,,,,no,,,,,,,,,,,,,
renovation-keyword-list,A,1,1,deck building cost,cost,Informational,deck-building,Deck Building,tier-2,Decks,yes,,,blog post,/blog/,,,,no,,,,,,,,,,,,,
renovation-keyword-list,A,1,1,how much does deck building cost,cost,Informational,deck-building,Deck Building,tier-2,Decks,yes,,,blog post,/blog/,,,,no,,,,,,,,,,,,,
renovation-keyword-list,A,1,1,deck repair,head,Commercial,deck-repair,Deck Repair,tier-2,Decks,no,,,service page,/services/deck-repair.html,,,,no,,,,,,,,,,,,,
renovation-keyword-list,A,1,1,deck repair cost,cost,Informational,deck-repair,Deck Repair,tier-2,Decks,no,,,blog post,/blog/,,,,no,,,,,,,,,,,,,
renovation-keyword-list,A,1,1,how much does deck repair cost,cost,Informational,deck-repair,Deck Repair,tier-2,Decks,no,,,blog post,/blog/,,,,no,,,,,,,,,,,,,
renovation-keyword-list,A,1,1,door replacement,head,Commercial,door-replacement,Door Replacement,tier-2,Doors,no,,,service page,/services/door-replacement.html,,,,no,,,,,,,,,,,,,
renovation-keyword-list,A,1,1,door replacement cost,cost,Informational,door-replacement,Door Replacement,tier-2,Doors,no,,,blog post,/blog/,,,,no,,,,,,,,,,,,,
renovation-keyword-list,A,1,1,how much does door replacement cost,cost,Informational,door-replacement,Door Replacement,tier-2,Doors,no,,,blog post,/blog/,,,,no,,,,,,,,,,,,,
renovation-keyword-list,A,1,1,drywall repair,head,Commercial,drywall-installation-repair,Drywall Installation & Repair,tier-3,,no,,,service page,/services/drywall-installation-repair.html,,,,no,,,,,,,,,,,,,
renovation-keyword-list,A,1,1,drywall repair cost,cost,Informational,drywall-installation-repair,Drywall Installation & Repair,tier-3,,no,,,blog post,/blog/,,,,no,,,,,,,,,,,,,
renovation-keyword-list,A,1,1,how much does drywall repair cost,cost,Informational,drywall-installation-repair,Drywall Installation & Repair,tier-3,,no,,,blog post,/blog/,,,,no,,,,,,,,,,,,,
renovation-keyword-list,A,1,1,exterior door installation,head,Commercial,exterior-door-installation,Exterior Door Installation,tier-2,Doors,no,,,service page,/services/exterior-door-installation.html,,,,no,,,,,,,,,,,,,
renovation-keyword-list,A,1,1,exterior door installation cost,cost,Informational,exterior-door-installation,Exterior Door Installation,tier-2,Doors,no,,,blog post,/blog/,,,,no,,,,,,,,,,,,,
renovation-keyword-list,A,1,1,how much does exterior door installation cost,cost,Informational,exterior-door-installation,Exterior Door Installation,tier-2,Doors,no,,,blog post,/blog/,,,,no,,,,,,,,,,,,,
renovation-keyword-list,A,1,1,exterior painting,head,Commercial,exterior-painting,Exterior Painting,tier-3,,no,,,service page,/services/exterior-painting.html,,,,no,,,,,,,,,,,,,
renovation-keyword-list,A,1,1,exterior painting cost,cost,Informational,exterior-painting,Exterior Painting,tier-3,,no,,,blog post,/blog/,,,,no,,,,,,,,,,,,,
renovation-keyword-list,A,1,1,how much does exterior painting cost,cost,Informational,exterior-painting,Exterior Painting,tier-3,,no,,,blog post,/blog/,,,,no,,,,,,,,,,,,,
renovation-keyword-list,A,1,1,exterior renovation cost,cost,Informational,exterior-remodeling,Exterior Remodeling,tier-1,,no,,,blog post,/blog/,,,,no,,,,,,,,,,,,,
renovation-keyword-list,A,1,1,how much does exterior renovation cost,cost,Informational,exterior-remodeling,Exterior Remodeling,tier-1,,no,,,blog post,/blog/,,,,no,,,,,,,,,,,,,
renovation-keyword-list,A,1,1,fence installation,head,Commercial,fence-installation,Fence Installation,tier-2,Fences,yes,,,service page,/services/fence-installation.html,,,,no,,,,,,,,,,,,,
renovation-keyword-list,A,1,1,fence installation cost,cost,Informational,fence-installation,Fence Installation,tier-2,Fences,yes,,,blog post,/blog/,,,,no,,,,,,,,,,,,,
renovation-keyword-list,A,1,1,how much does fence installation cost,cost,Informational,fence-installation,Fence Installation,tier-2,Fences,yes,,,blog post,/blog/,,,,no,,,,,,,,,,,,,
renovation-keyword-list,A,1,1,fence repair,head,Commercial,fence-repair,Fence Repair,tier-2,Fences,no,,,service page,/services/fence-repair.html,,,,no,,,,,,,,,,,,,
renovation-keyword-list,A,1,1,fence repair cost,cost,Informational,fence-repair,Fence Repair,tier-2,Fences,no,,,blog post,/blog/,,,,no,,,,,,,,,,,,,
renovation-keyword-list,A,1,1,how much does fence repair cost,cost,Informational,fence-repair,Fence Repair,tier-2,Fences,no,,,blog post,/blog/,,,,no,,,,,,,,,,,,,
renovation-keyword-list,A,1,1,floor repair,head,Commercial,flooring-repair,Flooring Repair,tier-2,Flooring,no,,,service page,/services/flooring-repair.html,,,,no,,,,,,,,,,,,,
renovation-keyword-list,A,1,1,floor repair cost,cost,Informational,flooring-repair,Flooring Repair,tier-2,Flooring,no,,,blog post,/blog/,,,,no,,,,,,,,,,,,,
renovation-keyword-list,A,1,1,how much does floor repair cost,cost,Informational,flooring-repair,Flooring Repair,tier-2,Flooring,no,,,blog post,/blog/,,,,no,,,,,,,,,,,,,
renovation-keyword-list,A,1,1,home renovation,head,Commercial,full-home-renovations,Full Home Renovations,tier-1,,no,,,service page,/services/full-home-renovations.html,,,,no,,,,,,,,,,,,,
renovation-keyword-list,A,1,1,how much does home renovation cost,cost,Informational,full-home-renovations,Full Home Renovations,tier-1,,no,,,blog post,/blog/,,,,no,,,,,,,,,,,,,
renovation-keyword-list,A,1,1,garage renovation,head,Commercial,garage-renovation,Garage Renovation,tier-4,,no,,,service page,/services/garage-renovation.html,,,,no,,,,,,,,,,,,,
renovation-keyword-list,A,1,1,how much does garage renovation cost,cost,Informational,garage-renovation,Garage Renovation,tier-4,,no,,,blog post,/blog/,,,,no,,,,,,,,,,,,,
renovation-keyword-list,A,1,1,hardwood flooring,head,Commercial,hardwood-flooring,Hardwood Flooring,tier-2,Flooring,no,,,service page,/services/hardwood-flooring.html,,,,no,,,,,,,,,,,,,
renovation-keyword-list,A,1,1,hardwood flooring cost,cost,Informational,hardwood-flooring,Hardwood Flooring,tier-2,Flooring,no,,,blog post,/blog/,,,,no,,,,,,,,,,,,,
renovation-keyword-list,A,1,1,how much does hardwood flooring cost,cost,Informational,hardwood-flooring,Hardwood Flooring,tier-2,Flooring,no,,,blog post,/blog/,,,,no,,,,,,,,,,,,,
renovation-keyword-list,A,1,1,home additions,head,Commercial,home-additions,Home Additions,tier-1,,no,,,service page,/services/home-additions.html,,,,no,,,,,,,,,,,,,
renovation-keyword-list,A,1,1,how much does home additions cost,cost,Informational,home-additions,Home Additions,tier-1,,no,,,blog post,/blog/,,,,no,,,,,,,,,,,,,
renovation-keyword-list,A,1,1,how much does interior door installation cost,cost,Informational,interior-door-installation,Interior Door Installation,tier-2,Doors,no,,,blog post,/blog/,,,,no,,,,,,,,,,,,,
renovation-keyword-list,A,1,1,interior door installation,head,Commercial,interior-door-installation,Interior Door Installation,tier-2,Doors,no,,,service page,/services/interior-door-installation.html,,,,no,,,,,,,,,,,,,
renovation-keyword-list,A,1,1,interior door installation cost,cost,Informational,interior-door-installation,Interior Door Installation,tier-2,Doors,no,,,blog post,/blog/,,,,no,,,,,,,,,,,,,
renovation-keyword-list,A,1,1,how much does interior renovation cost,cost,Informational,interior-remodeling,Interior Remodeling,tier-1,,no,,,blog post,/blog/,,,,no,,,,,,,,,,,,,
renovation-keyword-list,A,1,1,interior renovation cost,cost,Informational,interior-remodeling,Interior Remodeling,tier-1,,no,,,blog post,/blog/,,,,no,,,,,,,,,,,,,
renovation-keyword-list,A,1,1,how much does kitchen renovations cost,cost,Informational,kitchen-renovations,Kitchen Renovations,tier-1,,yes,,,blog post,/blog/,,,,no,,,,,,,,,,,,,
renovation-keyword-list,A,1,1,kitchen renovations,head,Commercial,kitchen-renovations,Kitchen Renovations,tier-1,,yes,,,service page,/services/kitchen-renovations.html,,,,no,,,,,,,,,,,,,
renovation-keyword-list,A,1,1,how much does laminate flooring cost,cost,Informational,laminate-flooring,Laminate Flooring,tier-2,Flooring,no,,,blog post,/blog/,,,,no,,,,,,,,,,,,,
renovation-keyword-list,A,1,1,laminate flooring,head,Commercial,laminate-flooring,Laminate Flooring,tier-2,Flooring,no,,,service page,/services/laminate-flooring.html,,,,no,,,,,,,,,,,,,
renovation-keyword-list,A,1,1,laminate flooring cost,cost,Informational,laminate-flooring,Laminate Flooring,tier-2,Flooring,no,,,blog post,/blog/,,,,no,,,,,,,,,,,,,
renovation-keyword-list,A,1,1,how much does laundry room renovation cost,cost,Informational,laundry-room-renovation,Laundry Room Renovation,tier-4,,no,,,blog post,/blog/,,,,no,,,,,,,,,,,,,
renovation-keyword-list,A,1,1,laundry room renovation,head,Commercial,laundry-room-renovation,Laundry Room Renovation,tier-4,,no,,,service page,/services/laundry-room-renovation.html,,,,no,,,,,,,,,,,,,
renovation-keyword-list,A,1,1,laundry room renovation cost,cost,Informational,laundry-room-renovation,Laundry Room Renovation,tier-4,,no,,,blog post,/blog/,,,,no,,,,,,,,,,,,,
renovation-keyword-list,A,1,1,how much does painting cost,cost,Informational,painting,Painting,tier-3,,no,,,blog post,/blog/,,,,no,,,,,,,,,,,,,
renovation-keyword-list,A,1,1,painting,head,Commercial,painting,Painting,tier-3,,no,,,service page,/services/painting.html,,,,no,,,,,,,,,,,,,
renovation-keyword-list,A,1,1,painting cost,cost,Informational,painting,Painting,tier-3,,no,,,blog post,/blog/,,,,no,,,,,,,,,,,,,
renovation-keyword-list,A,1,1,how much does patio door installation cost,cost,Informational,patio-door-installation,Patio Door Installation,tier-2,Doors,no,,,blog post,/blog/,,,,no,,,,,,,,,,,,,
renovation-keyword-list,A,1,1,patio door installation,head,Commercial,patio-door-installation,Patio Door Installation,tier-2,Doors,no,,,service page,/services/patio-door-installation.html,,,,no,,,,,,,,,,,,,
renovation-keyword-list,A,1,1,patio door installation cost,cost,Informational,patio-door-installation,Patio Door Installation,tier-2,Doors,no,,,blog post,/blog/,,,,no,,,,,,,,,,,,,
renovation-keyword-list,A,1,1,how much does porch renovation cost,cost,Informational,porch-renovation,Porch Renovation,tier-3,,no,,,blog post,/blog/,,,,no,,,,,,,,,,,,,
renovation-keyword-list,A,1,1,porch renovation,head,Commercial,porch-renovation,Porch Renovation,tier-3,,no,,,service page,/services/porch-renovation.html,,,,no,,,,,,,,,,,,,
renovation-keyword-list,A,1,1,porch renovation cost,cost,Informational,porch-renovation,Porch Renovation,tier-3,,no,,,blog post,/blog/,,,,no,,,,,,,,,,,,,
renovation-keyword-list,A,1,1,how much does privacy fence cost,cost,Informational,privacy-fences,Privacy Fences,tier-2,Fences,no,,,blog post,/blog/,,,,no,,,,,,,,,,,,,
renovation-keyword-list,A,1,1,privacy fence,head,Commercial,privacy-fences,Privacy Fences,tier-2,Fences,no,,,service page,/services/privacy-fences.html,,,,no,,,,,,,,,,,,,
renovation-keyword-list,A,1,1,privacy fence cost,cost,Informational,privacy-fences,Privacy Fences,tier-2,Fences,no,,,blog post,/blog/,,,,no,,,,,,,,,,,,,
renovation-keyword-list,A,1,1,how much does siding repair cost,cost,Informational,siding-repair,Siding Repair,tier-3,,no,,,blog post,/blog/,,,,no,,,,,,,,,,,,,
renovation-keyword-list,A,1,2,siding repair,head,Commercial,siding-repair,Siding Repair,tier-3,,no,,,service page,/services/siding-repair.html,,,,no,,,,,,,,,,,,,
renovation-keyword-list,A,1,2,siding repair cost,cost,Informational,siding-repair,Siding Repair,tier-3,,no,,,blog post,/blog/,,,,no,,,,,,,,,,,,,
renovation-keyword-list,A,1,2,how much does sliding door installation cost,cost,Informational,sliding-door-installation,Sliding Door Installation,tier-2,Doors,no,,,blog post,/blog/,,,,no,,,,,,,,,,,,,
renovation-keyword-list,A,1,2,sliding door installation,head,Commercial,sliding-door-installation,Sliding Door Installation,tier-2,Doors,no,,,service page,/services/sliding-door-installation.html,,,,no,,,,,,,,,,,,,
renovation-keyword-list,A,1,2,sliding door installation cost,cost,Informational,sliding-door-installation,Sliding Door Installation,tier-2,Doors,no,,,blog post,/blog/,,,,no,,,,,,,,,,,,,
renovation-keyword-list,A,1,2,how much does stair renovation cost,cost,Informational,staircase-renovation,Staircase Renovation,tier-3,,no,,,blog post,/blog/,,,,no,,,,,,,,,,,,,
renovation-keyword-list,A,1,2,stair renovation,head,Commercial,staircase-renovation,Staircase Renovation,tier-3,,no,,,service page,/services/staircase-renovation.html,,,,no,,,,,,,,,,,,,
renovation-keyword-list,A,1,2,stair renovation cost,cost,Informational,staircase-renovation,Staircase Renovation,tier-3,,no,,,blog post,/blog/,,,,no,,,,,,,,,,,,,
renovation-keyword-list,A,1,2,how much does tile flooring cost,cost,Informational,tile-flooring,Tile Flooring,tier-2,Flooring,no,,,blog post,/blog/,,,,no,,,,,,,,,,,,,
renovation-keyword-list,A,1,2,tile flooring,head,Commercial,tile-flooring,Tile Flooring,tier-2,Flooring,no,,,service page,/services/tile-flooring.html,,,,no,,,,,,,,,,,,,
renovation-keyword-list,A,1,2,tile flooring cost,cost,Informational,tile-flooring,Tile Flooring,tier-2,Flooring,no,,,blog post,/blog/,,,,no,,,,,,,,,,,,,
renovation-keyword-list,A,1,2,how much does tile installation cost,cost,Informational,tile-installation,Tile Installation,tier-3,,yes,,,blog post,/blog/,,,,no,,,,,,,,,,,,,
renovation-keyword-list,A,1,2,tile installation,head,Commercial,tile-installation,Tile Installation,tier-3,,yes,,,service page,/services/tile-installation.html,,,,no,,,,,,,,,,,,,
renovation-keyword-list,A,1,2,tile installation cost,cost,Informational,tile-installation,Tile Installation,tier-3,,yes,,,blog post,/blog/,,,,no,,,,,,,,,,,,,
renovation-keyword-list,A,1,2,baseboard installation,head,Commercial,trim-baseboards,Trim & Baseboards,tier-3,,no,,,service page,/services/trim-baseboards.html,,,,no,,,,,,,,,,,,,
renovation-keyword-list,A,1,2,baseboard installation cost,cost,Informational,trim-baseboards,Trim & Baseboards,tier-3,,no,,,blog post,/blog/,,,,no,,,,,,,,,,,,,
renovation-keyword-list,A,1,2,how much does baseboard installation cost,cost,Informational,trim-baseboards,Trim & Baseboards,tier-3,,no,,,blog post,/blog/,,,,no,,,,,,,,,,,,,
renovation-keyword-list,A,1,2,how much does vinyl fence cost,cost,Informational,vinyl-fences,Vinyl Fences,tier-2,Fences,no,,,blog post,/blog/,,,,no,,,,,,,,,,,,,
renovation-keyword-list,A,1,2,vinyl fence,head,Commercial,vinyl-fences,Vinyl Fences,tier-2,Fences,no,,,service page,/services/vinyl-fences.html,,,,no,,,,,,,,,,,,,
renovation-keyword-list,A,1,2,vinyl fence cost,cost,Informational,vinyl-fences,Vinyl Fences,tier-2,Fences,no,,,blog post,/blog/,,,,no,,,,,,,,,,,,,
renovation-keyword-list,A,1,2,how much does vinyl plank flooring cost,cost,Informational,vinyl-flooring,Vinyl Flooring,tier-2,Flooring,no,,,blog post,/blog/,,,,no,,,,,,,,,,,,,
renovation-keyword-list,A,1,2,vinyl plank flooring,head,Commercial,vinyl-flooring,Vinyl Flooring,tier-2,Flooring,no,,,service page,/services/vinyl-flooring.html,,,,no,,,,,,,,,,,,,
renovation-keyword-list,A,1,2,vinyl plank flooring cost,cost,Informational,vinyl-flooring,Vinyl Flooring,tier-2,Flooring,no,,,blog post,/blog/,,,,no,,,,,,,,,,,,,
renovation-keyword-list,A,1,2,how much does window replacement cost,cost,Informational,window-replacement,Window Replacement,tier-4,,no,,,blog post,/blog/,,,,no,,,,,,,,,,,,,
renovation-keyword-list,A,1,2,window replacement,head,Commercial,window-replacement,Window Replacement,tier-4,,no,,,service page,/services/window-replacement.html,,,,no,,,,,,,,,,,,,
renovation-keyword-list,A,1,2,window replacement cost,cost,Informational,window-replacement,Window Replacement,tier-4,,no,,,blog post,/blog/,,,,no,,,,,,,,,,,,,
renovation-keyword-list,A,1,2,how much does wood deck cost,cost,Informational,wood-decks,Wood Decks,tier-2,Decks,no,,,blog post,/blog/,,,,no,,,,,,,,,,,,,
renovation-keyword-list,A,1,2,wood deck,head,Commercial,wood-decks,Wood Decks,tier-2,Decks,no,,,service page,/services/wood-decks.html,,,,no,,,,,,,,,,,,,
renovation-keyword-list,A,1,2,wood deck cost,cost,Informational,wood-decks,Wood Decks,tier-2,Decks,no,,,blog post,/blog/,,,,no,,,,,,,,,,,,,
renovation-keyword-list,A,1,2,how much does wood fence cost,cost,Informational,wood-fences,Wood Fences,tier-2,Fences,no,,,blog post,/blog/,,,,no,,,,,,,,,,,,,
renovation-keyword-list,A,1,2,wood fence,head,Commercial,wood-fences,Wood Fences,tier-2,Fences,no,,,service page,/services/wood-fences.html,,,,no,,,,,,,,,,,,,
renovation-keyword-list,A,1,2,wood fence cost,cost,Informational,wood-fences,Wood Fences,tier-2,Fences,no,,,blog post,/blog/,,,,no,,,,,,,,,,,,,
renovation-keyword-list,A,3,2,backsplash installation cost calculator,cost,Informational,backsplash-installation,Backsplash Installation,tier-3,,no,,,blog post,/blog/,,,,no,,,,,,,,,,,,,
renovation-keyword-list,A,3,2,basement renovation cost calculator,cost,Informational,basement-renovations,Basement Renovations,tier-1,,yes,,,blog post,/blog/,,,,no,,,,,,,,,,,,,
renovation-keyword-list,A,3,2,bathroom renovation cost calculator,cost,Informational,bathroom-renovations,Bathroom Renovations,tier-1,,yes,,,blog post,/blog/,,,,no,,,,,,,,,,,,,
renovation-keyword-list,A,3,2,closet renovation cost calculator,cost,Informational,closet-renovation,Closet Renovation,tier-4,,no,,,blog post,/blog/,,,,no,,,,,,,,,,,,,
renovation-keyword-list,A,3,2,composite deck cost calculator,cost,Informational,composite-decks,Composite Decks,tier-2,Decks,no,,,blog post,/blog/,,,,no,,,,,,,,,,,,,
renovation-keyword-list,A,3,2,condo renovation cost calculator,cost,Informational,condo-renovations,Condo Renovations,tier-1,,no,,,blog post,/blog/,,,,no,,,,,,,,,,,,,
renovation-keyword-list,A,3,2,countertop installation cost calculator,cost,Informational,countertop-installation,Countertop Installation,tier-4,,no,,,blog post,/blog/,,,,no,,,,,,,,,,,,,
renovation-keyword-list,A,3,2,crown moulding cost calculator,cost,Informational,crown-molding,Crown Molding,tier-3,,no,,,blog post,/blog/,,,,no,,,,,,,,,,,,,
renovation-keyword-list,A,3,2,custom cabinetry cost calculator,cost,Informational,custom-cabinetry,Custom Cabinetry,tier-4,,no,,,blog post,/blog/,,,,no,,,,,,,,,,,,,
renovation-keyword-list,A,3,2,custom door cost calculator,cost,Informational,custom-doors,Custom Doors,tier-2,Doors,yes,,,blog post,/blog/,,,,no,,,,,,,,,,,,,
renovation-keyword-list,A,3,2,deck building cost calculator,cost,Informational,deck-building,Deck Building,tier-2,Decks,yes,,,blog post,/blog/,,,,no,,,,,,,,,,,,,
renovation-keyword-list,A,3,2,deck repair cost calculator,cost,Informational,deck-repair,Deck Repair,tier-2,Decks,no,,,blog post,/blog/,,,,no,,,,,,,,,,,,,
renovation-keyword-list,A,3,2,door replacement cost calculator,cost,Informational,door-replacement,Door Replacement,tier-2,Doors,no,,,blog post,/blog/,,,,no,,,,,,,,,,,,,
renovation-keyword-list,A,3,2,drywall repair cost calculator,cost,Informational,drywall-installation-repair,Drywall Installation & Repair,tier-3,,no,,,blog post,/blog/,,,,no,,,,,,,,,,,,,
renovation-keyword-list,A,3,2,exterior door installation cost calculator,cost,Informational,exterior-door-installation,Exterior Door Installation,tier-2,Doors,no,,,blog post,/blog/,,,,no,,,,,,,,,,,,,
renovation-keyword-list,A,3,2,exterior painting cost calculator,cost,Informational,exterior-painting,Exterior Painting,tier-3,,no,,,blog post,/blog/,,,,no,,,,,,,,,,,,,
renovation-keyword-list,A,3,2,exterior renovation cost calculator,cost,Informational,exterior-remodeling,Exterior Remodeling,tier-1,,no,,,blog post,/blog/,,,,no,,,,,,,,,,,,,
renovation-keyword-list,A,3,2,fence installation cost calculator,cost,Informational,fence-installation,Fence Installation,tier-2,Fences,yes,,,blog post,/blog/,,,,no,,,,,,,,,,,,,
renovation-keyword-list,A,3,2,fence repair cost calculator,cost,Informational,fence-repair,Fence Repair,tier-2,Fences,no,,,blog post,/blog/,,,,no,,,,,,,,,,,,,
renovation-keyword-list,A,3,2,floor repair cost calculator,cost,Informational,flooring-repair,Flooring Repair,tier-2,Flooring,no,,,blog post,/blog/,,,,no,,,,,,,,,,,,,
renovation-keyword-list,A,3,2,home renovation cost calculator,cost,Informational,full-home-renovations,Full Home Renovations,tier-1,,no,,,blog post,/blog/,,,,no,,,,,,,,,,,,,
renovation-keyword-list,A,3,2,garage renovation cost calculator,cost,Informational,garage-renovation,Garage Renovation,tier-4,,no,,,blog post,/blog/,,,,no,,,,,,,,,,,,,
renovation-keyword-list,A,3,2,hardwood flooring cost calculator,cost,Informational,hardwood-flooring,Hardwood Flooring,tier-2,Flooring,no,,,blog post,/blog/,,,,no,,,,,,,,,,,,,
renovation-keyword-list,A,3,2,home addition cost calculator,cost,Informational,home-additions,Home Additions,tier-1,,no,,,blog post,/blog/,,,,no,,,,,,,,,,,,,
renovation-keyword-list,A,3,2,interior door installation cost calculator,cost,Informational,interior-door-installation,Interior Door Installation,tier-2,Doors,no,,,blog post,/blog/,,,,no,,,,,,,,,,,,,
renovation-keyword-list,A,3,2,interior renovation cost calculator,cost,Informational,interior-remodeling,Interior Remodeling,tier-1,,no,,,blog post,/blog/,,,,no,,,,,,,,,,,,,
renovation-keyword-list,A,3,2,kitchen renovation cost calculator,cost,Informational,kitchen-renovations,Kitchen Renovations,tier-1,,yes,,,blog post,/blog/,,,,no,,,,,,,,,,,,,
renovation-keyword-list,A,3,2,laminate flooring cost calculator,cost,Informational,laminate-flooring,Laminate Flooring,tier-2,Flooring,no,,,blog post,/blog/,,,,no,,,,,,,,,,,,,
renovation-keyword-list,A,3,2,laundry room renovation cost calculator,cost,Informational,laundry-room-renovation,Laundry Room Renovation,tier-4,,no,,,blog post,/blog/,,,,no,,,,,,,,,,,,,
renovation-keyword-list,A,3,2,painting cost calculator,cost,Informational,painting,Painting,tier-3,,no,,,blog post,/blog/,,,,no,,,,,,,,,,,,,
renovation-keyword-list,A,3,2,patio door installation cost calculator,cost,Informational,patio-door-installation,Patio Door Installation,tier-2,Doors,no,,,blog post,/blog/,,,,no,,,,,,,,,,,,,
renovation-keyword-list,A,3,2,porch renovation cost calculator,cost,Informational,porch-renovation,Porch Renovation,tier-3,,no,,,blog post,/blog/,,,,no,,,,,,,,,,,,,
renovation-keyword-list,A,3,2,privacy fence cost calculator,cost,Informational,privacy-fences,Privacy Fences,tier-2,Fences,no,,,blog post,/blog/,,,,no,,,,,,,,,,,,,
renovation-keyword-list,A,3,2,siding repair cost calculator,cost,Informational,siding-repair,Siding Repair,tier-3,,no,,,blog post,/blog/,,,,no,,,,,,,,,,,,,
renovation-keyword-list,A,3,2,sliding door installation cost calculator,cost,Informational,sliding-door-installation,Sliding Door Installation,tier-2,Doors,no,,,blog post,/blog/,,,,no,,,,,,,,,,,,,
renovation-keyword-list,A,3,2,stair renovation cost calculator,cost,Informational,staircase-renovation,Staircase Renovation,tier-3,,no,,,blog post,/blog/,,,,no,,,,,,,,,,,,,
renovation-keyword-list,A,3,2,tile flooring cost calculator,cost,Informational,tile-flooring,Tile Flooring,tier-2,Flooring,no,,,blog post,/blog/,,,,no,,,,,,,,,,,,,
renovation-keyword-list,A,3,2,tile installation cost calculator,cost,Informational,tile-installation,Tile Installation,tier-3,,yes,,,blog post,/blog/,,,,no,,,,,,,,,,,,,
renovation-keyword-list,A,3,2,baseboard installation cost calculator,cost,Informational,trim-baseboards,Trim & Baseboards,tier-3,,no,,,blog post,/blog/,,,,no,,,,,,,,,,,,,
renovation-keyword-list,A,3,2,vinyl fence cost calculator,cost,Informational,vinyl-fences,Vinyl Fences,tier-2,Fences,no,,,blog post,/blog/,,,,no,,,,,,,,,,,,,
renovation-keyword-list,A,3,2,vinyl plank flooring cost calculator,cost,Informational,vinyl-flooring,Vinyl Flooring,tier-2,Flooring,no,,,blog post,/blog/,,,,no,,,,,,,,,,,,,
renovation-keyword-list,A,3,2,window replacement cost calculator,cost,Informational,window-replacement,Window Replacement,tier-4,,no,,,blog post,/blog/,,,,no,,,,,,,,,,,,,
renovation-keyword-list,A,3,2,wood deck cost calculator,cost,Informational,wood-decks,Wood Decks,tier-2,Decks,no,,,blog post,/blog/,,,,no,,,,,,,,,,,,,
renovation-keyword-list,A,3,2,wood fence cost calculator,cost,Informational,wood-fences,Wood Fences,tier-2,Fences,no,,,blog post,/blog/,,,,no,,,,,,,,,,,,,
renovation-keyword-list,B,1,2,backsplash installation contractors,hiring,Commercial,backsplash-installation,Backsplash Installation,tier-3,,no,,,service page,/services/backsplash-installation.html,,,,no,,,,,,,,,,,,,
renovation-keyword-list,B,1,2,backsplash installation near me,near-me,Transactional,backsplash-installation,Backsplash Installation,tier-3,,no,,,service page,/services/backsplash-installation.html,,,,no,,,,,,,,,,,,,
renovation-keyword-list,B,1,2,backsplash installation services,hiring,Commercial,backsplash-installation,Backsplash Installation,tier-3,,no,,,service page,/services/backsplash-installation.html,,,,no,,,,,,,,,,,,,
renovation-keyword-list,B,1,2,basement renovations contractors,hiring,Commercial,basement-renovations,Basement Renovations,tier-1,,yes,,,service page,/services/basement-renovations.html,,,,no,,,,,,,,,,,,,
renovation-keyword-list,B,1,2,basement renovations near me,near-me,Transactional,basement-renovations,Basement Renovations,tier-1,,yes,,,service page,/services/basement-renovations.html,,,,no,,,,,,,,,,,,,
renovation-keyword-list,B,1,2,basement renovations services,hiring,Commercial,basement-renovations,Basement Renovations,tier-1,,yes,,,service page,/services/basement-renovations.html,,,,no,,,,,,,,,,,,,
renovation-keyword-list,B,1,2,bathroom renovations contractors,hiring,Commercial,bathroom-renovations,Bathroom Renovations,tier-1,,yes,,,service page,/services/bathroom-renovations.html,,,,no,,,,,,,,,,,,,
renovation-keyword-list,B,1,2,bathroom renovations near me,near-me,Transactional,bathroom-renovations,Bathroom Renovations,tier-1,,yes,,,service page,/services/bathroom-renovations.html,,,,no,,,,,,,,,,,,,
renovation-keyword-list,B,1,2,bathroom renovations services,hiring,Commercial,bathroom-renovations,Bathroom Renovations,tier-1,,yes,,,service page,/services/bathroom-renovations.html,,,,no,,,,,,,,,,,,,
renovation-keyword-list,B,1,2,closet renovation contractors,hiring,Commercial,closet-renovation,Closet Renovation,tier-4,,no,,,service page,/services/closet-renovation.html,,,,no,,,,,,,,,,,,,
renovation-keyword-list,B,1,2,closet renovation near me,near-me,Transactional,closet-renovation,Closet Renovation,tier-4,,no,,,service page,/services/closet-renovation.html,,,,no,,,,,,,,,,,,,
renovation-keyword-list,B,1,2,closet renovation services,hiring,Commercial,closet-renovation,Closet Renovation,tier-4,,no,,,service page,/services/closet-renovation.html,,,,no,,,,,,,,,,,,,
renovation-keyword-list,B,1,2,composite deck contractors,hiring,Commercial,composite-decks,Composite Decks,tier-2,Decks,no,,,service page,/services/composite-decks.html,,,,no,,,,,,,,,,,,,
renovation-keyword-list,B,1,2,composite deck near me,near-me,Transactional,composite-decks,Composite Decks,tier-2,Decks,no,,,service page,/services/composite-decks.html,,,,no,,,,,,,,,,,,,
renovation-keyword-list,B,1,2,composite deck services,hiring,Commercial,composite-decks,Composite Decks,tier-2,Decks,no,,,service page,/services/composite-decks.html,,,,no,,,,,,,,,,,,,
renovation-keyword-list,B,1,2,condo renovations contractors,hiring,Commercial,condo-renovations,Condo Renovations,tier-1,,no,,,service page,/services/condo-renovations.html,,,,no,,,,,,,,,,,,,
renovation-keyword-list,B,1,2,condo renovations near me,near-me,Transactional,condo-renovations,Condo Renovations,tier-1,,no,,,service page,/services/condo-renovations.html,,,,no,,,,,,,,,,,,,
renovation-keyword-list,B,1,2,condo renovations services,hiring,Commercial,condo-renovations,Condo Renovations,tier-1,,no,,,service page,/services/condo-renovations.html,,,,no,,,,,,,,,,,,,
renovation-keyword-list,B,1,2,countertop installation contractors,hiring,Commercial,countertop-installation,Countertop Installation,tier-4,,no,,,service page,/services/countertop-installation.html,,,,no,,,,,,,,,,,,,
renovation-keyword-list,B,1,2,countertop installation near me,near-me,Transactional,countertop-installation,Countertop Installation,tier-4,,no,,,service page,/services/countertop-installation.html,,,,no,,,,,,,,,,,,,
renovation-keyword-list,B,1,2,countertop installation services,hiring,Commercial,countertop-installation,Countertop Installation,tier-4,,no,,,service page,/services/countertop-installation.html,,,,no,,,,,,,,,,,,,
renovation-keyword-list,B,1,2,crown moulding contractors,hiring,Commercial,crown-molding,Crown Molding,tier-3,,no,,,service page,/services/crown-molding.html,,,,no,,,,,,,,,,,,,
renovation-keyword-list,B,1,2,crown moulding near me,near-me,Transactional,crown-molding,Crown Molding,tier-3,,no,,,service page,/services/crown-molding.html,,,,no,,,,,,,,,,,,,
renovation-keyword-list,B,1,2,crown moulding services,hiring,Commercial,crown-molding,Crown Molding,tier-3,,no,,,service page,/services/crown-molding.html,,,,no,,,,,,,,,,,,,
renovation-keyword-list,B,1,3,custom cabinetry contractors,hiring,Commercial,custom-cabinetry,Custom Cabinetry,tier-4,,no,,,service page,/services/custom-cabinetry.html,,,,no,,,,,,,,,,,,,
renovation-keyword-list,B,1,3,custom cabinetry near me,near-me,Transactional,custom-cabinetry,Custom Cabinetry,tier-4,,no,,,service page,/services/custom-cabinetry.html,,,,no,,,,,,,,,,,,,
renovation-keyword-list,B,1,3,custom cabinetry services,hiring,Commercial,custom-cabinetry,Custom Cabinetry,tier-4,,no,,,service page,/services/custom-cabinetry.html,,,,no,,,,,,,,,,,,,
renovation-keyword-list,B,1,3,custom doors contractors,hiring,Commercial,custom-doors,Custom Doors,tier-2,Doors,yes,,,service page,/services/custom-doors.html,,,,no,,,,,,,,,,,,,
renovation-keyword-list,B,1,3,custom doors near me,near-me,Transactional,custom-doors,Custom Doors,tier-2,Doors,yes,,,service page,/services/custom-doors.html,,,,no,,,,,,,,,,,,,
renovation-keyword-list,B,1,3,custom doors services,hiring,Commercial,custom-doors,Custom Doors,tier-2,Doors,yes,,,service page,/services/custom-doors.html,,,,no,,,,,,,,,,,,,
renovation-keyword-list,B,1,3,deck building contractors,hiring,Commercial,deck-building,Deck Building,tier-2,Decks,yes,,,service page,/services/deck-building.html,,,,no,,,,,,,,,,,,,
renovation-keyword-list,B,1,3,deck building near me,near-me,Transactional,deck-building,Deck Building,tier-2,Decks,yes,,,service page,/services/deck-building.html,,,,no,,,,,,,,,,,,,
renovation-keyword-list,B,1,3,deck building services,hiring,Commercial,deck-building,Deck Building,tier-2,Decks,yes,,,service page,/services/deck-building.html,,,,no,,,,,,,,,,,,,
renovation-keyword-list,B,1,3,deck repair contractors,hiring,Commercial,deck-repair,Deck Repair,tier-2,Decks,no,,,service page,/services/deck-repair.html,,,,no,,,,,,,,,,,,,
renovation-keyword-list,B,1,3,deck repair near me,near-me,Transactional,deck-repair,Deck Repair,tier-2,Decks,no,,,service page,/services/deck-repair.html,,,,no,,,,,,,,,,,,,
renovation-keyword-list,B,1,3,deck repair services,hiring,Commercial,deck-repair,Deck Repair,tier-2,Decks,no,,,service page,/services/deck-repair.html,,,,no,,,,,,,,,,,,,
renovation-keyword-list,B,1,3,door replacement contractors,hiring,Commercial,door-replacement,Door Replacement,tier-2,Doors,no,,,service page,/services/door-replacement.html,,,,no,,,,,,,,,,,,,
renovation-keyword-list,B,1,3,door replacement near me,near-me,Transactional,door-replacement,Door Replacement,tier-2,Doors,no,,,service page,/services/door-replacement.html,,,,no,,,,,,,,,,,,,
renovation-keyword-list,B,1,3,door replacement services,hiring,Commercial,door-replacement,Door Replacement,tier-2,Doors,no,,,service page,/services/door-replacement.html,,,,no,,,,,,,,,,,,,
renovation-keyword-list,B,1,3,drywall repair contractors,hiring,Commercial,drywall-installation-repair,Drywall Installation & Repair,tier-3,,no,,,service page,/services/drywall-installation-repair.html,,,,no,,,,,,,,,,,,,
renovation-keyword-list,B,1,3,drywall repair near me,near-me,Transactional,drywall-installation-repair,Drywall Installation & Repair,tier-3,,no,,,service page,/services/drywall-installation-repair.html,,,,no,,,,,,,,,,,,,
renovation-keyword-list,B,1,3,drywall repair services,hiring,Commercial,drywall-installation-repair,Drywall Installation & Repair,tier-3,,no,,,service page,/services/drywall-installation-repair.html,,,,no,,,,,,,,,,,,,
renovation-keyword-list,B,1,3,exterior door installation contractors,hiring,Commercial,exterior-door-installation,Exterior Door Installation,tier-2,Doors,no,,,service page,/services/exterior-door-installation.html,,,,no,,,,,,,,,,,,,
renovation-keyword-list,B,1,3,exterior door installation near me,near-me,Transactional,exterior-door-installation,Exterior Door Installation,tier-2,Doors,no,,,service page,/services/exterior-door-installation.html,,,,no,,,,,,,,,,,,,
renovation-keyword-list,B,1,3,exterior door installation services,hiring,Commercial,exterior-door-installation,Exterior Door Installation,tier-2,Doors,no,,,service page,/services/exterior-door-installation.html,,,,no,,,,,,,,,,,,,
renovation-keyword-list,B,1,3,exterior painting contractors,hiring,Commercial,exterior-painting,Exterior Painting,tier-3,,no,,,service page,/services/exterior-painting.html,,,,no,,,,,,,,,,,,,
renovation-keyword-list,B,1,3,exterior painting near me,near-me,Transactional,exterior-painting,Exterior Painting,tier-3,,no,,,service page,/services/exterior-painting.html,,,,no,,,,,,,,,,,,,
renovation-keyword-list,B,1,3,exterior painting services,hiring,Commercial,exterior-painting,Exterior Painting,tier-3,,no,,,service page,/services/exterior-painting.html,,,,no,,,,,,,,,,,,,
renovation-keyword-list,B,1,3,exterior renovation contractors,hiring,Commercial,exterior-remodeling,Exterior Remodeling,tier-1,,no,,,service page,/services/exterior-remodeling.html,,,,no,,,,,,,,,,,,,
renovation-keyword-list,B,1,3,exterior renovation near me,near-me,Transactional,exterior-remodeling,Exterior Remodeling,tier-1,,no,,,service page,/services/exterior-remodeling.html,,,,no,,,,,,,,,,,,,
renovation-keyword-list,B,1,3,exterior renovation services,hiring,Commercial,exterior-remodeling,Exterior Remodeling,tier-1,,no,,,service page,/services/exterior-remodeling.html,,,,no,,,,,,,,,,,,,
renovation-keyword-list,B,1,3,fence installation contractors,hiring,Commercial,fence-installation,Fence Installation,tier-2,Fences,yes,,,service page,/services/fence-installation.html,,,,no,,,,,,,,,,,,,
renovation-keyword-list,B,1,3,fence installation near me,near-me,Transactional,fence-installation,Fence Installation,tier-2,Fences,yes,,,service page,/services/fence-installation.html,,,,no,,,,,,,,,,,,,
renovation-keyword-list,B,1,3,fence installation services,hiring,Commercial,fence-installation,Fence Installation,tier-2,Fences,yes,,,service page,/services/fence-installation.html,,,,no,,,,,,,,,,,,,
renovation-keyword-list,B,1,3,fence repair contractors,hiring,Commercial,fence-repair,Fence Repair,tier-2,Fences,no,,,service page,/services/fence-repair.html,,,,no,,,,,,,,,,,,,
renovation-keyword-list,B,1,3,fence repair near me,near-me,Transactional,fence-repair,Fence Repair,tier-2,Fences,no,,,service page,/services/fence-repair.html,,,,no,,,,,,,,,,,,,
renovation-keyword-list,B,1,3,fence repair services,hiring,Commercial,fence-repair,Fence Repair,tier-2,Fences,no,,,service page,/services/fence-repair.html,,,,no,,,,,,,,,,,,,
renovation-keyword-list,B,1,3,floor repair contractors,hiring,Commercial,flooring-repair,Flooring Repair,tier-2,Flooring,no,,,service page,/services/flooring-repair.html,,,,no,,,,,,,,,,,,,
renovation-keyword-list,B,1,3,floor repair near me,near-me,Transactional,flooring-repair,Flooring Repair,tier-2,Flooring,no,,,service page,/services/flooring-repair.html,,,,no,,,,,,,,,,,,,
renovation-keyword-list,B,1,3,floor repair services,hiring,Commercial,flooring-repair,Flooring Repair,tier-2,Flooring,no,,,service page,/services/flooring-repair.html,,,,no,,,,,,,,,,,,,
renovation-keyword-list,B,1,3,home renovation contractors,hiring,Commercial,full-home-renovations,Full Home Renovations,tier-1,,no,,,service page,/services/full-home-renovations.html,,,,no,,,,,,,,,,,,,
renovation-keyword-list,B,1,3,home renovation near me,near-me,Transactional,full-home-renovations,Full Home Renovations,tier-1,,no,,,service page,/services/full-home-renovations.html,,,,no,,,,,,,,,,,,,
renovation-keyword-list,B,1,3,home renovation services,hiring,Commercial,full-home-renovations,Full Home Renovations,tier-1,,no,,,service page,/services/full-home-renovations.html,,,,no,,,,,,,,,,,,,
renovation-keyword-list,B,1,3,garage renovation contractors,hiring,Commercial,garage-renovation,Garage Renovation,tier-4,,no,,,service page,/services/garage-renovation.html,,,,no,,,,,,,,,,,,,
renovation-keyword-list,B,1,3,garage renovation near me,near-me,Transactional,garage-renovation,Garage Renovation,tier-4,,no,,,service page,/services/garage-renovation.html,,,,no,,,,,,,,,,,,,
renovation-keyword-list,B,1,3,garage renovation services,hiring,Commercial,garage-renovation,Garage Renovation,tier-4,,no,,,service page,/services/garage-renovation.html,,,,no,,,,,,,,,,,,,
renovation-keyword-list,B,1,3,hardwood flooring contractors,hiring,Commercial,hardwood-flooring,Hardwood Flooring,tier-2,Flooring,no,,,service page,/services/hardwood-flooring.html,,,,no,,,,,,,,,,,,,
renovation-keyword-list,B,1,3,hardwood flooring near me,near-me,Transactional,hardwood-flooring,Hardwood Flooring,tier-2,Flooring,no,,,service page,/services/hardwood-flooring.html,,,,no,,,,,,,,,,,,,
renovation-keyword-list,B,1,3,hardwood flooring services,hiring,Commercial,hardwood-flooring,Hardwood Flooring,tier-2,Flooring,no,,,service page,/services/hardwood-flooring.html,,,,no,,,,,,,,,,,,,
renovation-keyword-list,B,1,3,home additions contractors,hiring,Commercial,home-additions,Home Additions,tier-1,,no,,,service page,/services/home-additions.html,,,,no,,,,,,,,,,,,,
renovation-keyword-list,B,1,3,home additions near me,near-me,Transactional,home-additions,Home Additions,tier-1,,no,,,service page,/services/home-additions.html,,,,no,,,,,,,,,,,,,
renovation-keyword-list,B,1,3,home additions services,hiring,Commercial,home-additions,Home Additions,tier-1,,no,,,service page,/services/home-additions.html,,,,no,,,,,,,,,,,,,
renovation-keyword-list,B,1,3,interior door installation contractors,hiring,Commercial,interior-door-installation,Interior Door Installation,tier-2,Doors,no,,,service page,/services/interior-door-installation.html,,,,no,,,,,,,,,,,,,
renovation-keyword-list,B,1,3,interior door installation near me,near-me,Transactional,interior-door-installation,Interior Door Installation,tier-2,Doors,no,,,service page,/services/interior-door-installation.html,,,,no,,,,,,,,,,,,,
renovation-keyword-list,B,1,3,interior door installation services,hiring,Commercial,interior-door-installation,Interior Door Installation,tier-2,Doors,no,,,service page,/services/interior-door-installation.html,,,,no,,,,,,,,,,,,,
renovation-keyword-list,B,1,3,interior renovation contractors,hiring,Commercial,interior-remodeling,Interior Remodeling,tier-1,,no,,,service page,/services/interior-remodeling.html,,,,no,,,,,,,,,,,,,
renovation-keyword-list,B,1,3,interior renovation near me,near-me,Transactional,interior-remodeling,Interior Remodeling,tier-1,,no,,,service page,/services/interior-remodeling.html,,,,no,,,,,,,,,,,,,
renovation-keyword-list,B,1,3,interior renovation services,hiring,Commercial,interior-remodeling,Interior Remodeling,tier-1,,no,,,service page,/services/interior-remodeling.html,,,,no,,,,,,,,,,,,,
renovation-keyword-list,B,1,3,kitchen renovations contractors,hiring,Commercial,kitchen-renovations,Kitchen Renovations,tier-1,,yes,,,service page,/services/kitchen-renovations.html,,,,no,,,,,,,,,,,,,
renovation-keyword-list,B,1,3,kitchen renovations near me,near-me,Transactional,kitchen-renovations,Kitchen Renovations,tier-1,,yes,,,service page,/services/kitchen-renovations.html,,,,no,,,,,,,,,,,,,
renovation-keyword-list,B,1,3,kitchen renovations services,hiring,Commercial,kitchen-renovations,Kitchen Renovations,tier-1,,yes,,,service page,/services/kitchen-renovations.html,,,,no,,,,,,,,,,,,,
renovation-keyword-list,B,1,3,laminate flooring contractors,hiring,Commercial,laminate-flooring,Laminate Flooring,tier-2,Flooring,no,,,service page,/services/laminate-flooring.html,,,,no,,,,,,,,,,,,,
renovation-keyword-list,B,1,3,laminate flooring near me,near-me,Transactional,laminate-flooring,Laminate Flooring,tier-2,Flooring,no,,,service page,/services/laminate-flooring.html,,,,no,,,,,,,,,,,,,
renovation-keyword-list,B,1,3,laminate flooring services,hiring,Commercial,laminate-flooring,Laminate Flooring,tier-2,Flooring,no,,,service page,/services/laminate-flooring.html,,,,no,,,,,,,,,,,,,
renovation-keyword-list,B,1,3,laundry room renovation contractors,hiring,Commercial,laundry-room-renovation,Laundry Room Renovation,tier-4,,no,,,service page,/services/laundry-room-renovation.html,,,,no,,,,,,,,,,,,,
renovation-keyword-list,B,1,3,laundry room renovation near me,near-me,Transactional,laundry-room-renovation,Laundry Room Renovation,tier-4,,no,,,service page,/services/laundry-room-renovation.html,,,,no,,,,,,,,,,,,,
renovation-keyword-list,B,1,3,laundry room renovation services,hiring,Commercial,laundry-room-renovation,Laundry Room Renovation,tier-4,,no,,,service page,/services/laundry-room-renovation.html,,,,no,,,,,,,,,,,,,
renovation-keyword-list,B,1,3,painting contractors,hiring,Commercial,painting,Painting,tier-3,,no,,,service page,/services/painting.html,,,,no,,,,,,,,,,,,,
renovation-keyword-list,B,1,3,painting near me,near-me,Transactional,painting,Painting,tier-3,,no,,,service page,/services/painting.html,,,,no,,,,,,,,,,,,,
renovation-keyword-list,B,1,3,painting services,hiring,Commercial,painting,Painting,tier-3,,no,,,service page,/services/painting.html,,,,no,,,,,,,,,,,,,
renovation-keyword-list,B,1,3,patio door installation contractors,hiring,Commercial,patio-door-installation,Patio Door Installation,tier-2,Doors,no,,,service page,/services/patio-door-installation.html,,,,no,,,,,,,,,,,,,
renovation-keyword-list,B,1,3,patio door installation near me,near-me,Transactional,patio-door-installation,Patio Door Installation,tier-2,Doors,no,,,service page,/services/patio-door-installation.html,,,,no,,,,,,,,,,,,,
renovation-keyword-list,B,1,3,patio door installation services,hiring,Commercial,patio-door-installation,Patio Door Installation,tier-2,Doors,no,,,service page,/services/patio-door-installation.html,,,,no,,,,,,,,,,,,,
renovation-keyword-list,B,1,3,porch renovation contractors,hiring,Commercial,porch-renovation,Porch Renovation,tier-3,,no,,,service page,/services/porch-renovation.html,,,,no,,,,,,,,,,,,,
renovation-keyword-list,B,1,3,porch renovation near me,near-me,Transactional,porch-renovation,Porch Renovation,tier-3,,no,,,service page,/services/porch-renovation.html,,,,no,,,,,,,,,,,,,
renovation-keyword-list,B,1,3,porch renovation services,hiring,Commercial,porch-renovation,Porch Renovation,tier-3,,no,,,service page,/services/porch-renovation.html,,,,no,,,,,,,,,,,,,
renovation-keyword-list,B,1,3,privacy fence contractors,hiring,Commercial,privacy-fences,Privacy Fences,tier-2,Fences,no,,,service page,/services/privacy-fences.html,,,,no,,,,,,,,,,,,,
renovation-keyword-list,B,1,3,privacy fence near me,near-me,Transactional,privacy-fences,Privacy Fences,tier-2,Fences,no,,,service page,/services/privacy-fences.html,,,,no,,,,,,,,,,,,,
renovation-keyword-list,B,1,3,privacy fence services,hiring,Commercial,privacy-fences,Privacy Fences,tier-2,Fences,no,,,service page,/services/privacy-fences.html,,,,no,,,,,,,,,,,,,
renovation-keyword-list,B,1,3,siding repair contractors,hiring,Commercial,siding-repair,Siding Repair,tier-3,,no,,,service page,/services/siding-repair.html,,,,no,,,,,,,,,,,,,
renovation-keyword-list,B,1,3,siding repair near me,near-me,Transactional,siding-repair,Siding Repair,tier-3,,no,,,service page,/services/siding-repair.html,,,,no,,,,,,,,,,,,,
renovation-keyword-list,B,1,3,siding repair services,hiring,Commercial,siding-repair,Siding Repair,tier-3,,no,,,service page,/services/siding-repair.html,,,,no,,,,,,,,,,,,,
renovation-keyword-list,B,1,3,sliding door installation contractors,hiring,Commercial,sliding-door-installation,Sliding Door Installation,tier-2,Doors,no,,,service page,/services/sliding-door-installation.html,,,,no,,,,,,,,,,,,,
renovation-keyword-list,B,1,3,sliding door installation near me,near-me,Transactional,sliding-door-installation,Sliding Door Installation,tier-2,Doors,no,,,service page,/services/sliding-door-installation.html,,,,no,,,,,,,,,,,,,
renovation-keyword-list,B,1,3,sliding door installation services,hiring,Commercial,sliding-door-installation,Sliding Door Installation,tier-2,Doors,no,,,service page,/services/sliding-door-installation.html,,,,no,,,,,,,,,,,,,
renovation-keyword-list,B,1,3,stair renovation contractors,hiring,Commercial,staircase-renovation,Staircase Renovation,tier-3,,no,,,service page,/services/staircase-renovation.html,,,,no,,,,,,,,,,,,,
renovation-keyword-list,B,1,3,stair renovation near me,near-me,Transactional,staircase-renovation,Staircase Renovation,tier-3,,no,,,service page,/services/staircase-renovation.html,,,,no,,,,,,,,,,,,,
renovation-keyword-list,B,1,3,stair renovation services,hiring,Commercial,staircase-renovation,Staircase Renovation,tier-3,,no,,,service page,/services/staircase-renovation.html,,,,no,,,,,,,,,,,,,
renovation-keyword-list,B,1,3,tile flooring contractors,hiring,Commercial,tile-flooring,Tile Flooring,tier-2,Flooring,no,,,service page,/services/tile-flooring.html,,,,no,,,,,,,,,,,,,
renovation-keyword-list,B,1,3,tile flooring near me,near-me,Transactional,tile-flooring,Tile Flooring,tier-2,Flooring,no,,,service page,/services/tile-flooring.html,,,,no,,,,,,,,,,,,,
renovation-keyword-list,B,1,3,tile flooring services,hiring,Commercial,tile-flooring,Tile Flooring,tier-2,Flooring,no,,,service page,/services/tile-flooring.html,,,,no,,,,,,,,,,,,,
renovation-keyword-list,B,1,3,tile installation contractors,hiring,Commercial,tile-installation,Tile Installation,tier-3,,yes,,,service page,/services/tile-installation.html,,,,no,,,,,,,,,,,,,
renovation-keyword-list,B,1,3,tile installation near me,near-me,Transactional,tile-installation,Tile Installation,tier-3,,yes,,,service page,/services/tile-installation.html,,,,no,,,,,,,,,,,,,
renovation-keyword-list,B,1,3,tile installation services,hiring,Commercial,tile-installation,Tile Installation,tier-3,,yes,,,service page,/services/tile-installation.html,,,,no,,,,,,,,,,,,,
renovation-keyword-list,B,1,3,baseboard installation contractors,hiring,Commercial,trim-baseboards,Trim & Baseboards,tier-3,,no,,,service page,/services/trim-baseboards.html,,,,no,,,,,,,,,,,,,
renovation-keyword-list,B,1,3,baseboard installation near me,near-me,Transactional,trim-baseboards,Trim & Baseboards,tier-3,,no,,,service page,/services/trim-baseboards.html,,,,no,,,,,,,,,,,,,
renovation-keyword-list,B,1,3,baseboard installation services,hiring,Commercial,trim-baseboards,Trim & Baseboards,tier-3,,no,,,service page,/services/trim-baseboards.html,,,,no,,,,,,,,,,,,,
renovation-keyword-list,B,1,3,vinyl fence contractors,hiring,Commercial,vinyl-fences,Vinyl Fences,tier-2,Fences,no,,,service page,/services/vinyl-fences.html,,,,no,,,,,,,,,,,,,
renovation-keyword-list,B,1,3,vinyl fence near me,near-me,Transactional,vinyl-fences,Vinyl Fences,tier-2,Fences,no,,,service page,/services/vinyl-fences.html,,,,no,,,,,,,,,,,,,
renovation-keyword-list,B,1,3,vinyl fence services,hiring,Commercial,vinyl-fences,Vinyl Fences,tier-2,Fences,no,,,service page,/services/vinyl-fences.html,,,,no,,,,,,,,,,,,,
renovation-keyword-list,B,1,3,vinyl plank flooring contractors,hiring,Commercial,vinyl-flooring,Vinyl Flooring,tier-2,Flooring,no,,,service page,/services/vinyl-flooring.html,,,,no,,,,,,,,,,,,,
renovation-keyword-list,B,1,3,vinyl plank flooring near me,near-me,Transactional,vinyl-flooring,Vinyl Flooring,tier-2,Flooring,no,,,service page,/services/vinyl-flooring.html,,,,no,,,,,,,,,,,,,
renovation-keyword-list,B,1,3,vinyl plank flooring services,hiring,Commercial,vinyl-flooring,Vinyl Flooring,tier-2,Flooring,no,,,service page,/services/vinyl-flooring.html,,,,no,,,,,,,,,,,,,
renovation-keyword-list,B,1,3,window replacement contractors,hiring,Commercial,window-replacement,Window Replacement,tier-4,,no,,,service page,/services/window-replacement.html,,,,no,,,,,,,,,,,,,
renovation-keyword-list,B,1,4,window replacement near me,near-me,Transactional,window-replacement,Window Replacement,tier-4,,no,,,service page,/services/window-replacement.html,,,,no,,,,,,,,,,,,,
renovation-keyword-list,B,1,4,window replacement services,hiring,Commercial,window-replacement,Window Replacement,tier-4,,no,,,service page,/services/window-replacement.html,,,,no,,,,,,,,,,,,,
renovation-keyword-list,B,1,4,wood deck contractors,hiring,Commercial,wood-decks,Wood Decks,tier-2,Decks,no,,,service page,/services/wood-decks.html,,,,no,,,,,,,,,,,,,
renovation-keyword-list,B,1,4,wood deck near me,near-me,Transactional,wood-decks,Wood Decks,tier-2,Decks,no,,,service page,/services/wood-decks.html,,,,no,,,,,,,,,,,,,
renovation-keyword-list,B,1,4,wood deck services,hiring,Commercial,wood-decks,Wood Decks,tier-2,Decks,no,,,service page,/services/wood-decks.html,,,,no,,,,,,,,,,,,,
renovation-keyword-list,B,1,4,wood fence contractors,hiring,Commercial,wood-fences,Wood Fences,tier-2,Fences,no,,,service page,/services/wood-fences.html,,,,no,,,,,,,,,,,,,
renovation-keyword-list,B,1,4,wood fence near me,near-me,Transactional,wood-fences,Wood Fences,tier-2,Fences,no,,,service page,/services/wood-fences.html,,,,no,,,,,,,,,,,,,
renovation-keyword-list,B,1,4,wood fence services,hiring,Commercial,wood-fences,Wood Fences,tier-2,Fences,no,,,service page,/services/wood-fences.html,,,,no,,,,,,,,,,,,,
renovation-keyword-list,B,2,4,backsplash installation companies,hiring,Commercial,backsplash-installation,Backsplash Installation,tier-3,,no,,,service page,/services/backsplash-installation.html,,,,no,,,,,,,,,,,,,
renovation-keyword-list,B,2,4,backsplash installation contractor,hiring,Commercial,backsplash-installation,Backsplash Installation,tier-3,,no,,,service page,/services/backsplash-installation.html,,,,no,,,,,,,,,,,,,
renovation-keyword-list,B,2,4,backsplash installation ideas,ideas,Informational,backsplash-installation,Backsplash Installation,tier-3,,no,,,blog post,/blog/,,,,no,,,,,,,,,,,,,
renovation-keyword-list,B,2,4,backsplash installation permit ontario,permit,Informational,backsplash-installation,Backsplash Installation,tier-3,,no,,,blog post,/blog/,,,,no,,,,,,,,,,,,,
renovation-keyword-list,B,2,4,backsplash installation quote,quote,Transactional,backsplash-installation,Backsplash Installation,tier-3,,no,,,service page,/services/backsplash-installation.html,,,,no,,,,,,,,,,,,,
renovation-keyword-list,B,2,4,best backsplash installation,comparison,Commercial,backsplash-installation,Backsplash Installation,tier-3,,no,,,service page,/services/backsplash-installation.html,,,,no,,,,,,,,,,,,,
renovation-keyword-list,B,2,4,basement renovation contractor,hiring,Commercial,basement-renovations,Basement Renovations,tier-1,,yes,,,service page,/services/basement-renovations.html,,,,no,,,,,,,,,,,,,
renovation-keyword-list,B,2,4,basement renovation permit ontario,permit,Informational,basement-renovations,Basement Renovations,tier-1,,yes,,,blog post,/blog/,,,,no,,,,,,,,,,,,,
renovation-keyword-list,B,2,4,basement renovation quote,quote,Transactional,basement-renovations,Basement Renovations,tier-1,,yes,,,service page,/services/basement-renovations.html,,,,no,,,,,,,,,,,,,
renovation-keyword-list,B,2,4,basement renovations companies,hiring,Commercial,basement-renovations,Basement Renovations,tier-1,,yes,,,service page,/services/basement-renovations.html,,,,no,,,,,,,,,,,,,
renovation-keyword-list,B,2,4,basement renovations ideas,ideas,Informational,basement-renovations,Basement Renovations,tier-1,,yes,,,blog post,/blog/,,,,no,,,,,,,,,,,,,
renovation-keyword-list,B,2,4,best basement renovations,comparison,Commercial,basement-renovations,Basement Renovations,tier-1,,yes,,,service page,/services/basement-renovations.html,,,,no,,,,,,,,,,,,,
renovation-keyword-list,B,2,4,bathroom renovation contractor,hiring,Commercial,bathroom-renovations,Bathroom Renovations,tier-1,,yes,,,service page,/services/bathroom-renovations.html,,,,no,,,,,,,,,,,,,
renovation-keyword-list,B,2,4,bathroom renovation permit ontario,permit,Informational,bathroom-renovations,Bathroom Renovations,tier-1,,yes,,,blog post,/blog/,,,,no,,,,,,,,,,,,,
renovation-keyword-list,B,2,4,bathroom renovation quote,quote,Transactional,bathroom-renovations,Bathroom Renovations,tier-1,,yes,,,service page,/services/bathroom-renovations.html,,,,no,,,,,,,,,,,,,
renovation-keyword-list,B,2,4,bathroom renovations companies,hiring,Commercial,bathroom-renovations,Bathroom Renovations,tier-1,,yes,,,service page,/services/bathroom-renovations.html,,,,no,,,,,,,,,,,,,
renovation-keyword-list,B,2,4,bathroom renovations ideas,ideas,Informational,bathroom-renovations,Bathroom Renovations,tier-1,,yes,,,blog post,/blog/,,,,no,,,,,,,,,,,,,
renovation-keyword-list,B,2,4,best bathroom renovations,comparison,Commercial,bathroom-renovations,Bathroom Renovations,tier-1,,yes,,,service page,/services/bathroom-renovations.html,,,,no,,,,,,,,,,,,,
renovation-keyword-list,B,2,4,best closet renovation,comparison,Commercial,closet-renovation,Closet Renovation,tier-4,,no,,,service page,/services/closet-renovation.html,,,,no,,,,,,,,,,,,,
renovation-keyword-list,B,2,4,closet renovation companies,hiring,Commercial,closet-renovation,Closet Renovation,tier-4,,no,,,service page,/services/closet-renovation.html,,,,no,,,,,,,,,,,,,
renovation-keyword-list,B,2,4,closet renovation contractor,hiring,Commercial,closet-renovation,Closet Renovation,tier-4,,no,,,service page,/services/closet-renovation.html,,,,no,,,,,,,,,,,,,
renovation-keyword-list,B,2,4,closet renovation ideas,ideas,Informational,closet-renovation,Closet Renovation,tier-4,,no,,,blog post,/blog/,,,,no,,,,,,,,,,,,,
renovation-keyword-list,B,2,4,closet renovation permit ontario,permit,Informational,closet-renovation,Closet Renovation,tier-4,,no,,,blog post,/blog/,,,,no,,,,,,,,,,,,,
renovation-keyword-list,B,2,4,closet renovation quote,quote,Transactional,closet-renovation,Closet Renovation,tier-4,,no,,,service page,/services/closet-renovation.html,,,,no,,,,,,,,,,,,,
renovation-keyword-list,B,2,4,best composite deck,comparison,Commercial,composite-decks,Composite Decks,tier-2,Decks,no,,,service page,/services/composite-decks.html,,,,no,,,,,,,,,,,,,
renovation-keyword-list,B,2,4,composite deck companies,hiring,Commercial,composite-decks,Composite Decks,tier-2,Decks,no,,,service page,/services/composite-decks.html,,,,no,,,,,,,,,,,,,
renovation-keyword-list,B,2,4,composite deck contractor,hiring,Commercial,composite-decks,Composite Decks,tier-2,Decks,no,,,service page,/services/composite-decks.html,,,,no,,,,,,,,,,,,,
renovation-keyword-list,B,2,4,composite deck ideas,ideas,Informational,composite-decks,Composite Decks,tier-2,Decks,no,,,blog post,/blog/,,,,no,,,,,,,,,,,,,
renovation-keyword-list,B,2,4,composite deck permit ontario,permit,Informational,composite-decks,Composite Decks,tier-2,Decks,no,,,blog post,/blog/,,,,no,,,,,,,,,,,,,
renovation-keyword-list,B,2,4,composite deck quote,quote,Transactional,composite-decks,Composite Decks,tier-2,Decks,no,,,service page,/services/composite-decks.html,,,,no,,,,,,,,,,,,,
renovation-keyword-list,B,2,4,best condo renovations,comparison,Commercial,condo-renovations,Condo Renovations,tier-1,,no,,,service page,/services/condo-renovations.html,,,,no,,,,,,,,,,,,,
renovation-keyword-list,B,2,4,condo renovation contractor,hiring,Commercial,condo-renovations,Condo Renovations,tier-1,,no,,,service page,/services/condo-renovations.html,,,,no,,,,,,,,,,,,,
renovation-keyword-list,B,2,4,condo renovation permit ontario,permit,Informational,condo-renovations,Condo Renovations,tier-1,,no,,,blog post,/blog/,,,,no,,,,,,,,,,,,,
renovation-keyword-list,B,2,4,condo renovation quote,quote,Transactional,condo-renovations,Condo Renovations,tier-1,,no,,,service page,/services/condo-renovations.html,,,,no,,,,,,,,,,,,,
renovation-keyword-list,B,2,4,condo renovations companies,hiring,Commercial,condo-renovations,Condo Renovations,tier-1,,no,,,service page,/services/condo-renovations.html,,,,no,,,,,,,,,,,,,
renovation-keyword-list,B,2,4,condo renovations ideas,ideas,Informational,condo-renovations,Condo Renovations,tier-1,,no,,,blog post,/blog/,,,,no,,,,,,,,,,,,,
renovation-keyword-list,B,2,4,best countertop installation,comparison,Commercial,countertop-installation,Countertop Installation,tier-4,,no,,,service page,/services/countertop-installation.html,,,,no,,,,,,,,,,,,,
renovation-keyword-list,B,2,4,countertop installation companies,hiring,Commercial,countertop-installation,Countertop Installation,tier-4,,no,,,service page,/services/countertop-installation.html,,,,no,,,,,,,,,,,,,
renovation-keyword-list,B,2,4,countertop installation contractor,hiring,Commercial,countertop-installation,Countertop Installation,tier-4,,no,,,service page,/services/countertop-installation.html,,,,no,,,,,,,,,,,,,
renovation-keyword-list,B,2,4,countertop installation ideas,ideas,Informational,countertop-installation,Countertop Installation,tier-4,,no,,,blog post,/blog/,,,,no,,,,,,,,,,,,,
renovation-keyword-list,B,2,4,countertop installation permit ontario,permit,Informational,countertop-installation,Countertop Installation,tier-4,,no,,,blog post,/blog/,,,,no,,,,,,,,,,,,,
renovation-keyword-list,B,2,4,countertop installation quote,quote,Transactional,countertop-installation,Countertop Installation,tier-4,,no,,,service page,/services/countertop-installation.html,,,,no,,,,,,,,,,,,,
renovation-keyword-list,B,2,4,best crown moulding,comparison,Commercial,crown-molding,Crown Molding,tier-3,,no,,,service page,/services/crown-molding.html,,,,no,,,,,,,,,,,,,
renovation-keyword-list,B,2,4,crown moulding companies,hiring,Commercial,crown-molding,Crown Molding,tier-3,,no,,,service page,/services/crown-molding.html,,,,no,,,,,,,,,,,,,
renovation-keyword-list,B,2,4,crown moulding contractor,hiring,Commercial,crown-molding,Crown Molding,tier-3,,no,,,service page,/services/crown-molding.html,,,,no,,,,,,,,,,,,,
renovation-keyword-list,B,2,4,crown moulding ideas,ideas,Informational,crown-molding,Crown Molding,tier-3,,no,,,blog post,/blog/,,,,no,,,,,,,,,,,,,
renovation-keyword-list,B,2,4,crown moulding permit ontario,permit,Informational,crown-molding,Crown Molding,tier-3,,no,,,blog post,/blog/,,,,no,,,,,,,,,,,,,
renovation-keyword-list,B,2,4,crown moulding quote,quote,Transactional,crown-molding,Crown Molding,tier-3,,no,,,service page,/services/crown-molding.html,,,,no,,,,,,,,,,,,,
renovation-keyword-list,B,2,4,best custom cabinetry,comparison,Commercial,custom-cabinetry,Custom Cabinetry,tier-4,,no,,,service page,/services/custom-cabinetry.html,,,,no,,,,,,,,,,,,,
renovation-keyword-list,B,2,4,custom cabinetry companies,hiring,Commercial,custom-cabinetry,Custom Cabinetry,tier-4,,no,,,service page,/services/custom-cabinetry.html,,,,no,,,,,,,,,,,,,
renovation-keyword-list,B,2,4,custom cabinetry contractor,hiring,Commercial,custom-cabinetry,Custom Cabinetry,tier-4,,no,,,service page,/services/custom-cabinetry.html,,,,no,,,,,,,,,,,,,
renovation-keyword-list,B,2,4,custom cabinetry ideas,ideas,Informational,custom-cabinetry,Custom Cabinetry,tier-4,,no,,,blog post,/blog/,,,,no,,,,,,,,,,,,,
renovation-keyword-list,B,2,4,custom cabinetry permit ontario,permit,Informational,custom-cabinetry,Custom Cabinetry,tier-4,,no,,,blog post,/blog/,,,,no,,,,,,,,,,,,,
renovation-keyword-list,B,2,4,custom cabinetry quote,quote,Transactional,custom-cabinetry,Custom Cabinetry,tier-4,,no,,,service page,/services/custom-cabinetry.html,,,,no,,,,,,,,,,,,,
renovation-keyword-list,B,2,4,best custom doors,comparison,Commercial,custom-doors,Custom Doors,tier-2,Doors,yes,,,service page,/services/custom-doors.html,,,,no,,,,,,,,,,,,,
renovation-keyword-list,B,2,4,custom door contractor,hiring,Commercial,custom-doors,Custom Doors,tier-2,Doors,yes,,,service page,/services/custom-doors.html,,,,no,,,,,,,,,,,,,
renovation-keyword-list,B,2,4,custom door permit ontario,permit,Informational,custom-doors,Custom Doors,tier-2,Doors,yes,,,blog post,/blog/,,,,no,,,,,,,,,,,,,
renovation-keyword-list,B,2,4,custom door quote,quote,Transactional,custom-doors,Custom Doors,tier-2,Doors,yes,,,service page,/services/custom-doors.html,,,,no,,,,,,,,,,,,,
renovation-keyword-list,B,2,4,custom doors companies,hiring,Commercial,custom-doors,Custom Doors,tier-2,Doors,yes,,,service page,/services/custom-doors.html,,,,no,,,,,,,,,,,,,
renovation-keyword-list,B,2,4,custom doors ideas,ideas,Informational,custom-doors,Custom Doors,tier-2,Doors,yes,,,blog post,/blog/,,,,no,,,,,,,,,,,,,
renovation-keyword-list,B,2,4,best deck building,comparison,Commercial,deck-building,Deck Building,tier-2,Decks,yes,,,service page,/services/deck-building.html,,,,no,,,,,,,,,,,,,
renovation-keyword-list,B,2,4,deck building companies,hiring,Commercial,deck-building,Deck Building,tier-2,Decks,yes,,,service page,/services/deck-building.html,,,,no,,,,,,,,,,,,,
renovation-keyword-list,B,2,4,deck building contractor,hiring,Commercial,deck-building,Deck Building,tier-2,Decks,yes,,,service page,/services/deck-building.html,,,,no,,,,,,,,,,,,,
renovation-keyword-list,B,2,4,deck building ideas,ideas,Informational,deck-building,Deck Building,tier-2,Decks,yes,,,blog post,/blog/,,,,no,,,,,,,,,,,,,
renovation-keyword-list,B,2,4,deck building permit ontario,permit,Informational,deck-building,Deck Building,tier-2,Decks,yes,,,blog post,/blog/,,,,no,,,,,,,,,,,,,
renovation-keyword-list,B,2,4,deck building quote,quote,Transactional,deck-building,Deck Building,tier-2,Decks,yes,,,service page,/services/deck-building.html,,,,no,,,,,,,,,,,,,
renovation-keyword-list,B,2,4,best deck repair,comparison,Commercial,deck-repair,Deck Repair,tier-2,Decks,no,,,service page,/services/deck-repair.html,,,,no,,,,,,,,,,,,,
renovation-keyword-list,B,2,4,deck repair companies,hiring,Commercial,deck-repair,Deck Repair,tier-2,Decks,no,,,service page,/services/deck-repair.html,,,,no,,,,,,,,,,,,,
renovation-keyword-list,B,2,4,deck repair contractor,hiring,Commercial,deck-repair,Deck Repair,tier-2,Decks,no,,,service page,/services/deck-repair.html,,,,no,,,,,,,,,,,,,
renovation-keyword-list,B,2,4,deck repair ideas,ideas,Informational,deck-repair,Deck Repair,tier-2,Decks,no,,,blog post,/blog/,,,,no,,,,,,,,,,,,,
renovation-keyword-list,B,2,4,deck repair permit ontario,permit,Informational,deck-repair,Deck Repair,tier-2,Decks,no,,,blog post,/blog/,,,,no,,,,,,,,,,,,,
renovation-keyword-list,B,2,4,deck repair quote,quote,Transactional,deck-repair,Deck Repair,tier-2,Decks,no,,,service page,/services/deck-repair.html,,,,no,,,,,,,,,,,,,
renovation-keyword-list,B,2,4,best door replacement,comparison,Commercial,door-replacement,Door Replacement,tier-2,Doors,no,,,service page,/services/door-replacement.html,,,,no,,,,,,,,,,,,,
renovation-keyword-list,B,2,4,door replacement companies,hiring,Commercial,door-replacement,Door Replacement,tier-2,Doors,no,,,service page,/services/door-replacement.html,,,,no,,,,,,,,,,,,,
renovation-keyword-list,B,2,4,door replacement contractor,hiring,Commercial,door-replacement,Door Replacement,tier-2,Doors,no,,,service page,/services/door-replacement.html,,,,no,,,,,,,,,,,,,
renovation-keyword-list,B,2,4,door replacement ideas,ideas,Informational,door-replacement,Door Replacement,tier-2,Doors,no,,,blog post,/blog/,,,,no,,,,,,,,,,,,,
renovation-keyword-list,B,2,4,door replacement permit ontario,permit,Informational,door-replacement,Door Replacement,tier-2,Doors,no,,,blog post,/blog/,,,,no,,,,,,,,,,,,,
renovation-keyword-list,B,2,4,door replacement quote,quote,Transactional,door-replacement,Door Replacement,tier-2,Doors,no,,,service page,/services/door-replacement.html,,,,no,,,,,,,,,,,,,
renovation-keyword-list,B,2,4,best drywall repair,comparison,Commercial,drywall-installation-repair,Drywall Installation & Repair,tier-3,,no,,,service page,/services/drywall-installation-repair.html,,,,no,,,,,,,,,,,,,
renovation-keyword-list,B,2,4,drywall repair companies,hiring,Commercial,drywall-installation-repair,Drywall Installation & Repair,tier-3,,no,,,service page,/services/drywall-installation-repair.html,,,,no,,,,,,,,,,,,,
renovation-keyword-list,B,2,4,drywall repair contractor,hiring,Commercial,drywall-installation-repair,Drywall Installation & Repair,tier-3,,no,,,service page,/services/drywall-installation-repair.html,,,,no,,,,,,,,,,,,,
renovation-keyword-list,B,2,4,drywall repair ideas,ideas,Informational,drywall-installation-repair,Drywall Installation & Repair,tier-3,,no,,,blog post,/blog/,,,,no,,,,,,,,,,,,,
renovation-keyword-list,B,2,4,drywall repair permit ontario,permit,Informational,drywall-installation-repair,Drywall Installation & Repair,tier-3,,no,,,blog post,/blog/,,,,no,,,,,,,,,,,,,
renovation-keyword-list,B,2,4,drywall repair quote,quote,Transactional,drywall-installation-repair,Drywall Installation & Repair,tier-3,,no,,,service page,/services/drywall-installation-repair.html,,,,no,,,,,,,,,,,,,
renovation-keyword-list,B,2,4,best exterior door installation,comparison,Commercial,exterior-door-installation,Exterior Door Installation,tier-2,Doors,no,,,service page,/services/exterior-door-installation.html,,,,no,,,,,,,,,,,,,
renovation-keyword-list,B,2,4,exterior door installation companies,hiring,Commercial,exterior-door-installation,Exterior Door Installation,tier-2,Doors,no,,,service page,/services/exterior-door-installation.html,,,,no,,,,,,,,,,,,,
renovation-keyword-list,B,2,4,exterior door installation contractor,hiring,Commercial,exterior-door-installation,Exterior Door Installation,tier-2,Doors,no,,,service page,/services/exterior-door-installation.html,,,,no,,,,,,,,,,,,,
renovation-keyword-list,B,2,4,exterior door installation ideas,ideas,Informational,exterior-door-installation,Exterior Door Installation,tier-2,Doors,no,,,blog post,/blog/,,,,no,,,,,,,,,,,,,
renovation-keyword-list,B,2,4,exterior door installation permit ontario,permit,Informational,exterior-door-installation,Exterior Door Installation,tier-2,Doors,no,,,blog post,/blog/,,,,no,,,,,,,,,,,,,
renovation-keyword-list,B,2,4,exterior door installation quote,quote,Transactional,exterior-door-installation,Exterior Door Installation,tier-2,Doors,no,,,service page,/services/exterior-door-installation.html,,,,no,,,,,,,,,,,,,
renovation-keyword-list,B,2,4,best exterior painting,comparison,Commercial,exterior-painting,Exterior Painting,tier-3,,no,,,service page,/services/exterior-painting.html,,,,no,,,,,,,,,,,,,
renovation-keyword-list,B,2,4,exterior painting companies,hiring,Commercial,exterior-painting,Exterior Painting,tier-3,,no,,,service page,/services/exterior-painting.html,,,,no,,,,,,,,,,,,,
renovation-keyword-list,B,2,5,exterior painting contractor,hiring,Commercial,exterior-painting,Exterior Painting,tier-3,,no,,,service page,/services/exterior-painting.html,,,,no,,,,,,,,,,,,,
renovation-keyword-list,B,2,5,exterior painting ideas,ideas,Informational,exterior-painting,Exterior Painting,tier-3,,no,,,blog post,/blog/,,,,no,,,,,,,,,,,,,
renovation-keyword-list,B,2,5,exterior painting permit ontario,permit,Informational,exterior-painting,Exterior Painting,tier-3,,no,,,blog post,/blog/,,,,no,,,,,,,,,,,,,
renovation-keyword-list,B,2,5,exterior painting quote,quote,Transactional,exterior-painting,Exterior Painting,tier-3,,no,,,service page,/services/exterior-painting.html,,,,no,,,,,,,,,,,,,
renovation-keyword-list,B,2,5,best exterior renovation,comparison,Commercial,exterior-remodeling,Exterior Remodeling,tier-1,,no,,,service page,/services/exterior-remodeling.html,,,,no,,,,,,,,,,,,,
renovation-keyword-list,B,2,5,exterior renovation companies,hiring,Commercial,exterior-remodeling,Exterior Remodeling,tier-1,,no,,,service page,/services/exterior-remodeling.html,,,,no,,,,,,,,,,,,,
renovation-keyword-list,B,2,5,exterior renovation contractor,hiring,Commercial,exterior-remodeling,Exterior Remodeling,tier-1,,no,,,service page,/services/exterior-remodeling.html,,,,no,,,,,,,,,,,,,
renovation-keyword-list,B,2,5,exterior renovation ideas,ideas,Informational,exterior-remodeling,Exterior Remodeling,tier-1,,no,,,blog post,/blog/,,,,no,,,,,,,,,,,,,
renovation-keyword-list,B,2,5,exterior renovation permit ontario,permit,Informational,exterior-remodeling,Exterior Remodeling,tier-1,,no,,,blog post,/blog/,,,,no,,,,,,,,,,,,,
renovation-keyword-list,B,2,5,exterior renovation quote,quote,Transactional,exterior-remodeling,Exterior Remodeling,tier-1,,no,,,service page,/services/exterior-remodeling.html,,,,no,,,,,,,,,,,,,
renovation-keyword-list,B,2,5,best fence installation,comparison,Commercial,fence-installation,Fence Installation,tier-2,Fences,yes,,,service page,/services/fence-installation.html,,,,no,,,,,,,,,,,,,
renovation-keyword-list,B,2,5,fence installation companies,hiring,Commercial,fence-installation,Fence Installation,tier-2,Fences,yes,,,service page,/services/fence-installation.html,,,,no,,,,,,,,,,,,,
renovation-keyword-list,B,2,5,fence installation contractor,hiring,Commercial,fence-installation,Fence Installation,tier-2,Fences,yes,,,service page,/services/fence-installation.html,,,,no,,,,,,,,,,,,,
renovation-keyword-list,B,2,5,fence installation ideas,ideas,Informational,fence-installation,Fence Installation,tier-2,Fences,yes,,,blog post,/blog/,,,,no,,,,,,,,,,,,,
renovation-keyword-list,B,2,5,fence installation permit ontario,permit,Informational,fence-installation,Fence Installation,tier-2,Fences,yes,,,blog post,/blog/,,,,no,,,,,,,,,,,,,
renovation-keyword-list,B,2,5,fence installation quote,quote,Transactional,fence-installation,Fence Installation,tier-2,Fences,yes,,,service page,/services/fence-installation.html,,,,no,,,,,,,,,,,,,
renovation-keyword-list,B,2,5,best fence repair,comparison,Commercial,fence-repair,Fence Repair,tier-2,Fences,no,,,service page,/services/fence-repair.html,,,,no,,,,,,,,,,,,,
renovation-keyword-list,B,2,5,fence repair companies,hiring,Commercial,fence-repair,Fence Repair,tier-2,Fences,no,,,service page,/services/fence-repair.html,,,,no,,,,,,,,,,,,,
renovation-keyword-list,B,2,5,fence repair contractor,hiring,Commercial,fence-repair,Fence Repair,tier-2,Fences,no,,,service page,/services/fence-repair.html,,,,no,,,,,,,,,,,,,
renovation-keyword-list,B,2,5,fence repair ideas,ideas,Informational,fence-repair,Fence Repair,tier-2,Fences,no,,,blog post,/blog/,,,,no,,,,,,,,,,,,,
renovation-keyword-list,B,2,5,fence repair permit ontario,permit,Informational,fence-repair,Fence Repair,tier-2,Fences,no,,,blog post,/blog/,,,,no,,,,,,,,,,,,,
renovation-keyword-list,B,2,5,fence repair quote,quote,Transactional,fence-repair,Fence Repair,tier-2,Fences,no,,,service page,/services/fence-repair.html,,,,no,,,,,,,,,,,,,
renovation-keyword-list,B,2,5,best floor repair,comparison,Commercial,flooring-repair,Flooring Repair,tier-2,Flooring,no,,,service page,/services/flooring-repair.html,,,,no,,,,,,,,,,,,,
renovation-keyword-list,B,2,5,floor repair companies,hiring,Commercial,flooring-repair,Flooring Repair,tier-2,Flooring,no,,,service page,/services/flooring-repair.html,,,,no,,,,,,,,,,,,,
renovation-keyword-list,B,2,5,floor repair contractor,hiring,Commercial,flooring-repair,Flooring Repair,tier-2,Flooring,no,,,service page,/services/flooring-repair.html,,,,no,,,,,,,,,,,,,
renovation-keyword-list,B,2,5,floor repair ideas,ideas,Informational,flooring-repair,Flooring Repair,tier-2,Flooring,no,,,blog post,/blog/,,,,no,,,,,,,,,,,,,
renovation-keyword-list,B,2,5,floor repair permit ontario,permit,Informational,flooring-repair,Flooring Repair,tier-2,Flooring,no,,,blog post,/blog/,,,,no,,,,,,,,,,,,,
renovation-keyword-list,B,2,5,floor repair quote,quote,Transactional,flooring-repair,Flooring Repair,tier-2,Flooring,no,,,service page,/services/flooring-repair.html,,,,no,,,,,,,,,,,,,
renovation-keyword-list,B,2,5,best home renovation,comparison,Commercial,full-home-renovations,Full Home Renovations,tier-1,,no,,,service page,/services/full-home-renovations.html,,,,no,,,,,,,,,,,,,
renovation-keyword-list,B,2,5,home renovation companies,hiring,Commercial,full-home-renovations,Full Home Renovations,tier-1,,no,,,service page,/services/full-home-renovations.html,,,,no,,,,,,,,,,,,,
renovation-keyword-list,B,2,5,home renovation contractor,hiring,Commercial,full-home-renovations,Full Home Renovations,tier-1,,no,,,service page,/services/full-home-renovations.html,,,,no,,,,,,,,,,,,,
renovation-keyword-list,B,2,5,home renovation ideas,ideas,Informational,full-home-renovations,Full Home Renovations,tier-1,,no,,,blog post,/blog/,,,,no,,,,,,,,,,,,,
renovation-keyword-list,B,2,5,home renovation permit ontario,permit,Informational,full-home-renovations,Full Home Renovations,tier-1,,no,,,blog post,/blog/,,,,no,,,,,,,,,,,,,
renovation-keyword-list,B,2,5,home renovation quote,quote,Transactional,full-home-renovations,Full Home Renovations,tier-1,,no,,,service page,/services/full-home-renovations.html,,,,no,,,,,,,,,,,,,
renovation-keyword-list,B,2,5,best garage renovation,comparison,Commercial,garage-renovation,Garage Renovation,tier-4,,no,,,service page,/services/garage-renovation.html,,,,no,,,,,,,,,,,,,
renovation-keyword-list,B,2,5,garage renovation companies,hiring,Commercial,garage-renovation,Garage Renovation,tier-4,,no,,,service page,/services/garage-renovation.html,,,,no,,,,,,,,,,,,,
renovation-keyword-list,B,2,5,garage renovation contractor,hiring,Commercial,garage-renovation,Garage Renovation,tier-4,,no,,,service page,/services/garage-renovation.html,,,,no,,,,,,,,,,,,,
renovation-keyword-list,B,2,5,garage renovation ideas,ideas,Informational,garage-renovation,Garage Renovation,tier-4,,no,,,blog post,/blog/,,,,no,,,,,,,,,,,,,
renovation-keyword-list,B,2,5,garage renovation permit ontario,permit,Informational,garage-renovation,Garage Renovation,tier-4,,no,,,blog post,/blog/,,,,no,,,,,,,,,,,,,
renovation-keyword-list,B,2,5,garage renovation quote,quote,Transactional,garage-renovation,Garage Renovation,tier-4,,no,,,service page,/services/garage-renovation.html,,,,no,,,,,,,,,,,,,
renovation-keyword-list,B,2,5,best hardwood flooring,comparison,Commercial,hardwood-flooring,Hardwood Flooring,tier-2,Flooring,no,,,service page,/services/hardwood-flooring.html,,,,no,,,,,,,,,,,,,
renovation-keyword-list,B,2,5,hardwood flooring companies,hiring,Commercial,hardwood-flooring,Hardwood Flooring,tier-2,Flooring,no,,,service page,/services/hardwood-flooring.html,,,,no,,,,,,,,,,,,,
renovation-keyword-list,B,2,5,hardwood flooring contractor,hiring,Commercial,hardwood-flooring,Hardwood Flooring,tier-2,Flooring,no,,,service page,/services/hardwood-flooring.html,,,,no,,,,,,,,,,,,,
renovation-keyword-list,B,2,5,hardwood flooring ideas,ideas,Informational,hardwood-flooring,Hardwood Flooring,tier-2,Flooring,no,,,blog post,/blog/,,,,no,,,,,,,,,,,,,
renovation-keyword-list,B,2,5,hardwood flooring permit ontario,permit,Informational,hardwood-flooring,Hardwood Flooring,tier-2,Flooring,no,,,blog post,/blog/,,,,no,,,,,,,,,,,,,
renovation-keyword-list,B,2,5,hardwood flooring quote,quote,Transactional,hardwood-flooring,Hardwood Flooring,tier-2,Flooring,no,,,service page,/services/hardwood-flooring.html,,,,no,,,,,,,,,,,,,
renovation-keyword-list,B,2,5,best home additions,comparison,Commercial,home-additions,Home Additions,tier-1,,no,,,service page,/services/home-additions.html,,,,no,,,,,,,,,,,,,
renovation-keyword-list,B,2,5,home addition contractor,hiring,Commercial,home-additions,Home Additions,tier-1,,no,,,service page,/services/home-additions.html,,,,no,,,,,,,,,,,,,
renovation-keyword-list,B,2,5,home addition permit ontario,permit,Informational,home-additions,Home Additions,tier-1,,no,,,blog post,/blog/,,,,no,,,,,,,,,,,,,
renovation-keyword-list,B,2,5,home addition quote,quote,Transactional,home-additions,Home Additions,tier-1,,no,,,service page,/services/home-additions.html,,,,no,,,,,,,,,,,,,
renovation-keyword-list,B,2,5,home additions companies,hiring,Commercial,home-additions,Home Additions,tier-1,,no,,,service page,/services/home-additions.html,,,,no,,,,,,,,,,,,,
renovation-keyword-list,B,2,5,home additions ideas,ideas,Informational,home-additions,Home Additions,tier-1,,no,,,blog post,/blog/,,,,no,,,,,,,,,,,,,
renovation-keyword-list,B,2,5,best interior door installation,comparison,Commercial,interior-door-installation,Interior Door Installation,tier-2,Doors,no,,,service page,/services/interior-door-installation.html,,,,no,,,,,,,,,,,,,
renovation-keyword-list,B,2,5,interior door installation companies,hiring,Commercial,interior-door-installation,Interior Door Installation,tier-2,Doors,no,,,service page,/services/interior-door-installation.html,,,,no,,,,,,,,,,,,,
renovation-keyword-list,B,2,5,interior door installation contractor,hiring,Commercial,interior-door-installation,Interior Door Installation,tier-2,Doors,no,,,service page,/services/interior-door-installation.html,,,,no,,,,,,,,,,,,,
renovation-keyword-list,B,2,5,interior door installation ideas,ideas,Informational,interior-door-installation,Interior Door Installation,tier-2,Doors,no,,,blog post,/blog/,,,,no,,,,,,,,,,,,,
renovation-keyword-list,B,2,5,interior door installation permit ontario,permit,Informational,interior-door-installation,Interior Door Installation,tier-2,Doors,no,,,blog post,/blog/,,,,no,,,,,,,,,,,,,
renovation-keyword-list,B,2,5,interior door installation quote,quote,Transactional,interior-door-installation,Interior Door Installation,tier-2,Doors,no,,,service page,/services/interior-door-installation.html,,,,no,,,,,,,,,,,,,
renovation-keyword-list,B,2,5,best interior renovation,comparison,Commercial,interior-remodeling,Interior Remodeling,tier-1,,no,,,service page,/services/interior-remodeling.html,,,,no,,,,,,,,,,,,,
renovation-keyword-list,B,2,5,interior renovation companies,hiring,Commercial,interior-remodeling,Interior Remodeling,tier-1,,no,,,service page,/services/interior-remodeling.html,,,,no,,,,,,,,,,,,,
renovation-keyword-list,B,2,5,interior renovation contractor,hiring,Commercial,interior-remodeling,Interior Remodeling,tier-1,,no,,,service page,/services/interior-remodeling.html,,,,no,,,,,,,,,,,,,
renovation-keyword-list,B,2,5,interior renovation ideas,ideas,Informational,interior-remodeling,Interior Remodeling,tier-1,,no,,,blog post,/blog/,,,,no,,,,,,,,,,,,,
renovation-keyword-list,B,2,5,interior renovation permit ontario,permit,Informational,interior-remodeling,Interior Remodeling,tier-1,,no,,,blog post,/blog/,,,,no,,,,,,,,,,,,,
renovation-keyword-list,B,2,5,interior renovation quote,quote,Transactional,interior-remodeling,Interior Remodeling,tier-1,,no,,,service page,/services/interior-remodeling.html,,,,no,,,,,,,,,,,,,
renovation-keyword-list,B,2,5,best kitchen renovations,comparison,Commercial,kitchen-renovations,Kitchen Renovations,tier-1,,yes,,,service page,/services/kitchen-renovations.html,,,,no,,,,,,,,,,,,,
renovation-keyword-list,B,2,5,kitchen renovation contractor,hiring,Commercial,kitchen-renovations,Kitchen Renovations,tier-1,,yes,,,service page,/services/kitchen-renovations.html,,,,no,,,,,,,,,,,,,
renovation-keyword-list,B,2,5,kitchen renovation permit ontario,permit,Informational,kitchen-renovations,Kitchen Renovations,tier-1,,yes,,,blog post,/blog/,,,,no,,,,,,,,,,,,,
renovation-keyword-list,B,2,5,kitchen renovation quote,quote,Transactional,kitchen-renovations,Kitchen Renovations,tier-1,,yes,,,service page,/services/kitchen-renovations.html,,,,no,,,,,,,,,,,,,
renovation-keyword-list,B,2,5,kitchen renovations companies,hiring,Commercial,kitchen-renovations,Kitchen Renovations,tier-1,,yes,,,service page,/services/kitchen-renovations.html,,,,no,,,,,,,,,,,,,
renovation-keyword-list,B,2,5,kitchen renovations ideas,ideas,Informational,kitchen-renovations,Kitchen Renovations,tier-1,,yes,,,blog post,/blog/,,,,no,,,,,,,,,,,,,
renovation-keyword-list,B,2,5,best laminate flooring,comparison,Commercial,laminate-flooring,Laminate Flooring,tier-2,Flooring,no,,,service page,/services/laminate-flooring.html,,,,no,,,,,,,,,,,,,
renovation-keyword-list,B,2,5,laminate flooring companies,hiring,Commercial,laminate-flooring,Laminate Flooring,tier-2,Flooring,no,,,service page,/services/laminate-flooring.html,,,,no,,,,,,,,,,,,,
renovation-keyword-list,B,2,5,laminate flooring contractor,hiring,Commercial,laminate-flooring,Laminate Flooring,tier-2,Flooring,no,,,service page,/services/laminate-flooring.html,,,,no,,,,,,,,,,,,,
renovation-keyword-list,B,2,5,laminate flooring ideas,ideas,Informational,laminate-flooring,Laminate Flooring,tier-2,Flooring,no,,,blog post,/blog/,,,,no,,,,,,,,,,,,,
renovation-keyword-list,B,2,5,laminate flooring permit ontario,permit,Informational,laminate-flooring,Laminate Flooring,tier-2,Flooring,no,,,blog post,/blog/,,,,no,,,,,,,,,,,,,
renovation-keyword-list,B,2,5,laminate flooring quote,quote,Transactional,laminate-flooring,Laminate Flooring,tier-2,Flooring,no,,,service page,/services/laminate-flooring.html,,,,no,,,,,,,,,,,,,
renovation-keyword-list,B,2,5,best laundry room renovation,comparison,Commercial,laundry-room-renovation,Laundry Room Renovation,tier-4,,no,,,service page,/services/laundry-room-renovation.html,,,,no,,,,,,,,,,,,,
renovation-keyword-list,B,2,5,laundry room renovation companies,hiring,Commercial,laundry-room-renovation,Laundry Room Renovation,tier-4,,no,,,service page,/services/laundry-room-renovation.html,,,,no,,,,,,,,,,,,,
renovation-keyword-list,B,2,5,laundry room renovation contractor,hiring,Commercial,laundry-room-renovation,Laundry Room Renovation,tier-4,,no,,,service page,/services/laundry-room-renovation.html,,,,no,,,,,,,,,,,,,
renovation-keyword-list,B,2,5,laundry room renovation ideas,ideas,Informational,laundry-room-renovation,Laundry Room Renovation,tier-4,,no,,,blog post,/blog/,,,,no,,,,,,,,,,,,,
renovation-keyword-list,B,2,5,laundry room renovation permit ontario,permit,Informational,laundry-room-renovation,Laundry Room Renovation,tier-4,,no,,,blog post,/blog/,,,,no,,,,,,,,,,,,,
renovation-keyword-list,B,2,5,laundry room renovation quote,quote,Transactional,laundry-room-renovation,Laundry Room Renovation,tier-4,,no,,,service page,/services/laundry-room-renovation.html,,,,no,,,,,,,,,,,,,
renovation-keyword-list,B,2,5,best painting,comparison,Commercial,painting,Painting,tier-3,,no,,,service page,/services/painting.html,,,,no,,,,,,,,,,,,,
renovation-keyword-list,B,2,5,painting companies,hiring,Commercial,painting,Painting,tier-3,,no,,,service page,/services/painting.html,,,,no,,,,,,,,,,,,,
renovation-keyword-list,B,2,5,painting contractor,hiring,Commercial,painting,Painting,tier-3,,no,,,service page,/services/painting.html,,,,no,,,,,,,,,,,,,
renovation-keyword-list,B,2,5,painting ideas,ideas,Informational,painting,Painting,tier-3,,no,,,blog post,/blog/,,,,no,,,,,,,,,,,,,
renovation-keyword-list,B,2,5,painting permit ontario,permit,Informational,painting,Painting,tier-3,,no,,,blog post,/blog/,,,,no,,,,,,,,,,,,,
renovation-keyword-list,B,2,5,painting quote,quote,Transactional,painting,Painting,tier-3,,no,,,service page,/services/painting.html,,,,no,,,,,,,,,,,,,
renovation-keyword-list,B,2,5,best patio door installation,comparison,Commercial,patio-door-installation,Patio Door Installation,tier-2,Doors,no,,,service page,/services/patio-door-installation.html,,,,no,,,,,,,,,,,,,
renovation-keyword-list,B,2,5,patio door installation companies,hiring,Commercial,patio-door-installation,Patio Door Installation,tier-2,Doors,no,,,service page,/services/patio-door-installation.html,,,,no,,,,,,,,,,,,,
renovation-keyword-list,B,2,5,patio door installation contractor,hiring,Commercial,patio-door-installation,Patio Door Installation,tier-2,Doors,no,,,service page,/services/patio-door-installation.html,,,,no,,,,,,,,,,,,,
renovation-keyword-list,B,2,5,patio door installation ideas,ideas,Informational,patio-door-installation,Patio Door Installation,tier-2,Doors,no,,,blog post,/blog/,,,,no,,,,,,,,,,,,,
renovation-keyword-list,B,2,5,patio door installation permit ontario,permit,Informational,patio-door-installation,Patio Door Installation,tier-2,Doors,no,,,blog post,/blog/,,,,no,,,,,,,,,,,,,
renovation-keyword-list,B,2,5,patio door installation quote,quote,Transactional,patio-door-installation,Patio Door Installation,tier-2,Doors,no,,,service page,/services/patio-door-installation.html,,,,no,,,,,,,,,,,,,
renovation-keyword-list,B,2,5,best porch renovation,comparison,Commercial,porch-renovation,Porch Renovation,tier-3,,no,,,service page,/services/porch-renovation.html,,,,no,,,,,,,,,,,,,
renovation-keyword-list,B,2,5,porch renovation companies,hiring,Commercial,porch-renovation,Porch Renovation,tier-3,,no,,,service page,/services/porch-renovation.html,,,,no,,,,,,,,,,,,,
renovation-keyword-list,B,2,5,porch renovation contractor,hiring,Commercial,porch-renovation,Porch Renovation,tier-3,,no,,,service page,/services/porch-renovation.html,,,,no,,,,,,,,,,,,,
renovation-keyword-list,B,2,5,porch renovation ideas,ideas,Informational,porch-renovation,Porch Renovation,tier-3,,no,,,blog post,/blog/,,,,no,,,,,,,,,,,,,
renovation-keyword-list,B,2,5,porch renovation permit ontario,permit,Informational,porch-renovation,Porch Renovation,tier-3,,no,,,blog post,/blog/,,,,no,,,,,,,,,,,,,
renovation-keyword-list,B,2,5,porch renovation quote,quote,Transactional,porch-renovation,Porch Renovation,tier-3,,no,,,service page,/services/porch-renovation.html,,,,no,,,,,,,,,,,,,
renovation-keyword-list,B,2,6,best privacy fence,comparison,Commercial,privacy-fences,Privacy Fences,tier-2,Fences,no,,,service page,/services/privacy-fences.html,,,,no,,,,,,,,,,,,,
renovation-keyword-list,B,2,6,privacy fence companies,hiring,Commercial,privacy-fences,Privacy Fences,tier-2,Fences,no,,,service page,/services/privacy-fences.html,,,,no,,,,,,,,,,,,,
renovation-keyword-list,B,2,6,privacy fence contractor,hiring,Commercial,privacy-fences,Privacy Fences,tier-2,Fences,no,,,service page,/services/privacy-fences.html,,,,no,,,,,,,,,,,,,
renovation-keyword-list,B,2,6,privacy fence ideas,ideas,Informational,privacy-fences,Privacy Fences,tier-2,Fences,no,,,blog post,/blog/,,,,no,,,,,,,,,,,,,
renovation-keyword-list,B,2,6,privacy fence permit ontario,permit,Informational,privacy-fences,Privacy Fences,tier-2,Fences,no,,,blog post,/blog/,,,,no,,,,,,,,,,,,,
renovation-keyword-list,B,2,6,privacy fence quote,quote,Transactional,privacy-fences,Privacy Fences,tier-2,Fences,no,,,service page,/services/privacy-fences.html,,,,no,,,,,,,,,,,,,
renovation-keyword-list,B,2,6,best siding repair,comparison,Commercial,siding-repair,Siding Repair,tier-3,,no,,,service page,/services/siding-repair.html,,,,no,,,,,,,,,,,,,
renovation-keyword-list,B,2,6,siding repair companies,hiring,Commercial,siding-repair,Siding Repair,tier-3,,no,,,service page,/services/siding-repair.html,,,,no,,,,,,,,,,,,,
renovation-keyword-list,B,2,6,siding repair contractor,hiring,Commercial,siding-repair,Siding Repair,tier-3,,no,,,service page,/services/siding-repair.html,,,,no,,,,,,,,,,,,,
renovation-keyword-list,B,2,6,siding repair ideas,ideas,Informational,siding-repair,Siding Repair,tier-3,,no,,,blog post,/blog/,,,,no,,,,,,,,,,,,,
renovation-keyword-list,B,2,6,siding repair permit ontario,permit,Informational,siding-repair,Siding Repair,tier-3,,no,,,blog post,/blog/,,,,no,,,,,,,,,,,,,
renovation-keyword-list,B,2,6,siding repair quote,quote,Transactional,siding-repair,Siding Repair,tier-3,,no,,,service page,/services/siding-repair.html,,,,no,,,,,,,,,,,,,
renovation-keyword-list,B,2,6,best sliding door installation,comparison,Commercial,sliding-door-installation,Sliding Door Installation,tier-2,Doors,no,,,service page,/services/sliding-door-installation.html,,,,no,,,,,,,,,,,,,
renovation-keyword-list,B,2,6,sliding door installation companies,hiring,Commercial,sliding-door-installation,Sliding Door Installation,tier-2,Doors,no,,,service page,/services/sliding-door-installation.html,,,,no,,,,,,,,,,,,,
renovation-keyword-list,B,2,6,sliding door installation contractor,hiring,Commercial,sliding-door-installation,Sliding Door Installation,tier-2,Doors,no,,,service page,/services/sliding-door-installation.html,,,,no,,,,,,,,,,,,,
renovation-keyword-list,B,2,6,sliding door installation ideas,ideas,Informational,sliding-door-installation,Sliding Door Installation,tier-2,Doors,no,,,blog post,/blog/,,,,no,,,,,,,,,,,,,
renovation-keyword-list,B,2,6,sliding door installation permit ontario,permit,Informational,sliding-door-installation,Sliding Door Installation,tier-2,Doors,no,,,blog post,/blog/,,,,no,,,,,,,,,,,,,
renovation-keyword-list,B,2,6,sliding door installation quote,quote,Transactional,sliding-door-installation,Sliding Door Installation,tier-2,Doors,no,,,service page,/services/sliding-door-installation.html,,,,no,,,,,,,,,,,,,
renovation-keyword-list,B,2,6,best stair renovation,comparison,Commercial,staircase-renovation,Staircase Renovation,tier-3,,no,,,service page,/services/staircase-renovation.html,,,,no,,,,,,,,,,,,,
renovation-keyword-list,B,2,6,stair renovation companies,hiring,Commercial,staircase-renovation,Staircase Renovation,tier-3,,no,,,service page,/services/staircase-renovation.html,,,,no,,,,,,,,,,,,,
renovation-keyword-list,B,2,6,stair renovation contractor,hiring,Commercial,staircase-renovation,Staircase Renovation,tier-3,,no,,,service page,/services/staircase-renovation.html,,,,no,,,,,,,,,,,,,
renovation-keyword-list,B,2,6,stair renovation ideas,ideas,Informational,staircase-renovation,Staircase Renovation,tier-3,,no,,,blog post,/blog/,,,,no,,,,,,,,,,,,,
renovation-keyword-list,B,2,6,stair renovation permit ontario,permit,Informational,staircase-renovation,Staircase Renovation,tier-3,,no,,,blog post,/blog/,,,,no,,,,,,,,,,,,,
renovation-keyword-list,B,2,6,stair renovation quote,quote,Transactional,staircase-renovation,Staircase Renovation,tier-3,,no,,,service page,/services/staircase-renovation.html,,,,no,,,,,,,,,,,,,
renovation-keyword-list,B,2,6,best tile flooring,comparison,Commercial,tile-flooring,Tile Flooring,tier-2,Flooring,no,,,service page,/services/tile-flooring.html,,,,no,,,,,,,,,,,,,
renovation-keyword-list,B,2,6,tile flooring companies,hiring,Commercial,tile-flooring,Tile Flooring,tier-2,Flooring,no,,,service page,/services/tile-flooring.html,,,,no,,,,,,,,,,,,,
renovation-keyword-list,B,2,6,tile flooring contractor,hiring,Commercial,tile-flooring,Tile Flooring,tier-2,Flooring,no,,,service page,/services/tile-flooring.html,,,,no,,,,,,,,,,,,,
renovation-keyword-list,B,2,6,tile flooring ideas,ideas,Informational,tile-flooring,Tile Flooring,tier-2,Flooring,no,,,blog post,/blog/,,,,no,,,,,,,,,,,,,
renovation-keyword-list,B,2,6,tile flooring permit ontario,permit,Informational,tile-flooring,Tile Flooring,tier-2,Flooring,no,,,blog post,/blog/,,,,no,,,,,,,,,,,,,
renovation-keyword-list,B,2,6,tile flooring quote,quote,Transactional,tile-flooring,Tile Flooring,tier-2,Flooring,no,,,service page,/services/tile-flooring.html,,,,no,,,,,,,,,,,,,
renovation-keyword-list,B,2,6,best tile installation,comparison,Commercial,tile-installation,Tile Installation,tier-3,,yes,,,service page,/services/tile-installation.html,,,,no,,,,,,,,,,,,,
renovation-keyword-list,B,2,6,tile installation companies,hiring,Commercial,tile-installation,Tile Installation,tier-3,,yes,,,service page,/services/tile-installation.html,,,,no,,,,,,,,,,,,,
renovation-keyword-list,B,2,6,tile installation contractor,hiring,Commercial,tile-installation,Tile Installation,tier-3,,yes,,,service page,/services/tile-installation.html,,,,no,,,,,,,,,,,,,
renovation-keyword-list,B,2,6,tile installation ideas,ideas,Informational,tile-installation,Tile Installation,tier-3,,yes,,,blog post,/blog/,,,,no,,,,,,,,,,,,,
renovation-keyword-list,B,2,6,tile installation permit ontario,permit,Informational,tile-installation,Tile Installation,tier-3,,yes,,,blog post,/blog/,,,,no,,,,,,,,,,,,,
renovation-keyword-list,B,2,6,tile installation quote,quote,Transactional,tile-installation,Tile Installation,tier-3,,yes,,,service page,/services/tile-installation.html,,,,no,,,,,,,,,,,,,
renovation-keyword-list,B,2,6,baseboard installation companies,hiring,Commercial,trim-baseboards,Trim & Baseboards,tier-3,,no,,,service page,/services/trim-baseboards.html,,,,no,,,,,,,,,,,,,
renovation-keyword-list,B,2,6,baseboard installation contractor,hiring,Commercial,trim-baseboards,Trim & Baseboards,tier-3,,no,,,service page,/services/trim-baseboards.html,,,,no,,,,,,,,,,,,,
renovation-keyword-list,B,2,6,baseboard installation ideas,ideas,Informational,trim-baseboards,Trim & Baseboards,tier-3,,no,,,blog post,/blog/,,,,no,,,,,,,,,,,,,
renovation-keyword-list,B,2,6,baseboard installation permit ontario,permit,Informational,trim-baseboards,Trim & Baseboards,tier-3,,no,,,blog post,/blog/,,,,no,,,,,,,,,,,,,
renovation-keyword-list,B,2,6,baseboard installation quote,quote,Transactional,trim-baseboards,Trim & Baseboards,tier-3,,no,,,service page,/services/trim-baseboards.html,,,,no,,,,,,,,,,,,,
renovation-keyword-list,B,2,6,best baseboard installation,comparison,Commercial,trim-baseboards,Trim & Baseboards,tier-3,,no,,,service page,/services/trim-baseboards.html,,,,no,,,,,,,,,,,,,
renovation-keyword-list,B,2,6,best vinyl fence,comparison,Commercial,vinyl-fences,Vinyl Fences,tier-2,Fences,no,,,service page,/services/vinyl-fences.html,,,,no,,,,,,,,,,,,,
renovation-keyword-list,B,2,6,vinyl fence companies,hiring,Commercial,vinyl-fences,Vinyl Fences,tier-2,Fences,no,,,service page,/services/vinyl-fences.html,,,,no,,,,,,,,,,,,,
renovation-keyword-list,B,2,6,vinyl fence contractor,hiring,Commercial,vinyl-fences,Vinyl Fences,tier-2,Fences,no,,,service page,/services/vinyl-fences.html,,,,no,,,,,,,,,,,,,
renovation-keyword-list,B,2,6,vinyl fence ideas,ideas,Informational,vinyl-fences,Vinyl Fences,tier-2,Fences,no,,,blog post,/blog/,,,,no,,,,,,,,,,,,,
renovation-keyword-list,B,2,6,vinyl fence permit ontario,permit,Informational,vinyl-fences,Vinyl Fences,tier-2,Fences,no,,,blog post,/blog/,,,,no,,,,,,,,,,,,,
renovation-keyword-list,B,2,6,vinyl fence quote,quote,Transactional,vinyl-fences,Vinyl Fences,tier-2,Fences,no,,,service page,/services/vinyl-fences.html,,,,no,,,,,,,,,,,,,
renovation-keyword-list,B,2,6,best vinyl plank flooring,comparison,Commercial,vinyl-flooring,Vinyl Flooring,tier-2,Flooring,no,,,service page,/services/vinyl-flooring.html,,,,no,,,,,,,,,,,,,
renovation-keyword-list,B,2,6,vinyl plank flooring companies,hiring,Commercial,vinyl-flooring,Vinyl Flooring,tier-2,Flooring,no,,,service page,/services/vinyl-flooring.html,,,,no,,,,,,,,,,,,,
renovation-keyword-list,B,2,6,vinyl plank flooring contractor,hiring,Commercial,vinyl-flooring,Vinyl Flooring,tier-2,Flooring,no,,,service page,/services/vinyl-flooring.html,,,,no,,,,,,,,,,,,,
renovation-keyword-list,B,2,6,vinyl plank flooring ideas,ideas,Informational,vinyl-flooring,Vinyl Flooring,tier-2,Flooring,no,,,blog post,/blog/,,,,no,,,,,,,,,,,,,
renovation-keyword-list,B,2,6,vinyl plank flooring permit ontario,permit,Informational,vinyl-flooring,Vinyl Flooring,tier-2,Flooring,no,,,blog post,/blog/,,,,no,,,,,,,,,,,,,
renovation-keyword-list,B,2,6,vinyl plank flooring quote,quote,Transactional,vinyl-flooring,Vinyl Flooring,tier-2,Flooring,no,,,service page,/services/vinyl-flooring.html,,,,no,,,,,,,,,,,,,
renovation-keyword-list,B,2,6,best window replacement,comparison,Commercial,window-replacement,Window Replacement,tier-4,,no,,,service page,/services/window-replacement.html,,,,no,,,,,,,,,,,,,
renovation-keyword-list,B,2,6,window replacement companies,hiring,Commercial,window-replacement,Window Replacement,tier-4,,no,,,service page,/services/window-replacement.html,,,,no,,,,,,,,,,,,,
renovation-keyword-list,B,2,6,window replacement contractor,hiring,Commercial,window-replacement,Window Replacement,tier-4,,no,,,service page,/services/window-replacement.html,,,,no,,,,,,,,,,,,,
renovation-keyword-list,B,2,6,window replacement ideas,ideas,Informational,window-replacement,Window Replacement,tier-4,,no,,,blog post,/blog/,,,,no,,,,,,,,,,,,,
renovation-keyword-list,B,2,6,window replacement permit ontario,permit,Informational,window-replacement,Window Replacement,tier-4,,no,,,blog post,/blog/,,,,no,,,,,,,,,,,,,
renovation-keyword-list,B,2,6,window replacement quote,quote,Transactional,window-replacement,Window Replacement,tier-4,,no,,,service page,/services/window-replacement.html,,,,no,,,,,,,,,,,,,
renovation-keyword-list,B,2,6,best wood deck,comparison,Commercial,wood-decks,Wood Decks,tier-2,Decks,no,,,service page,/services/wood-decks.html,,,,no,,,,,,,,,,,,,
renovation-keyword-list,B,2,6,wood deck companies,hiring,Commercial,wood-decks,Wood Decks,tier-2,Decks,no,,,service page,/services/wood-decks.html,,,,no,,,,,,,,,,,,,
renovation-keyword-list,B,2,6,wood deck contractor,hiring,Commercial,wood-decks,Wood Decks,tier-2,Decks,no,,,service page,/services/wood-decks.html,,,,no,,,,,,,,,,,,,
renovation-keyword-list,B,2,6,wood deck ideas,ideas,Informational,wood-decks,Wood Decks,tier-2,Decks,no,,,blog post,/blog/,,,,no,,,,,,,,,,,,,
renovation-keyword-list,B,2,6,wood deck permit ontario,permit,Informational,wood-decks,Wood Decks,tier-2,Decks,no,,,blog post,/blog/,,,,no,,,,,,,,,,,,,
renovation-keyword-list,B,2,6,wood deck quote,quote,Transactional,wood-decks,Wood Decks,tier-2,Decks,no,,,service page,/services/wood-decks.html,,,,no,,,,,,,,,,,,,
renovation-keyword-list,B,2,6,best wood fence,comparison,Commercial,wood-fences,Wood Fences,tier-2,Fences,no,,,service page,/services/wood-fences.html,,,,no,,,,,,,,,,,,,
renovation-keyword-list,B,2,6,wood fence companies,hiring,Commercial,wood-fences,Wood Fences,tier-2,Fences,no,,,service page,/services/wood-fences.html,,,,no,,,,,,,,,,,,,
renovation-keyword-list,B,2,6,wood fence contractor,hiring,Commercial,wood-fences,Wood Fences,tier-2,Fences,no,,,service page,/services/wood-fences.html,,,,no,,,,,,,,,,,,,
renovation-keyword-list,B,2,6,wood fence ideas,ideas,Informational,wood-fences,Wood Fences,tier-2,Fences,no,,,blog post,/blog/,,,,no,,,,,,,,,,,,,
renovation-keyword-list,B,2,6,wood fence permit ontario,permit,Informational,wood-fences,Wood Fences,tier-2,Fences,no,,,blog post,/blog/,,,,no,,,,,,,,,,,,,
renovation-keyword-list,B,2,6,wood fence quote,quote,Transactional,wood-fences,Wood Fences,tier-2,Fences,no,,,service page,/services/wood-fences.html,,,,no,,,,,,,,,,,,,
renovation-keyword-list,B,3,6,affordable backsplash installation,price,Commercial,backsplash-installation,Backsplash Installation,tier-3,,no,,,service page,/services/backsplash-installation.html,,,,no,,,,,,,,,,,,,
renovation-keyword-list,B,3,6,backsplash installation before and after,ideas,Informational,backsplash-installation,Backsplash Installation,tier-3,,no,,,blog post,/blog/,,,,no,,,,,,,,,,,,,
renovation-keyword-list,B,3,6,backsplash installation estimate,quote,Transactional,backsplash-installation,Backsplash Installation,tier-3,,no,,,service page,/services/backsplash-installation.html,,,,no,,,,,,,,,,,,,
renovation-keyword-list,B,3,6,how to backsplash installation,how-to,Informational,backsplash-installation,Backsplash Installation,tier-3,,no,,,blog post,/blog/,,,,no,,,,,,,,,,,,,
renovation-keyword-list,B,3,6,affordable basement renovations,price,Commercial,basement-renovations,Basement Renovations,tier-1,,yes,,,service page,/services/basement-renovations.html,,,,no,,,,,,,,,,,,,
renovation-keyword-list,B,3,6,basement renovation estimate,quote,Transactional,basement-renovations,Basement Renovations,tier-1,,yes,,,service page,/services/basement-renovations.html,,,,no,,,,,,,,,,,,,
renovation-keyword-list,B,3,6,basement renovations before and after,ideas,Informational,basement-renovations,Basement Renovations,tier-1,,yes,,,blog post,/blog/,,,,no,,,,,,,,,,,,,
renovation-keyword-list,B,3,6,how to basement renovation,how-to,Informational,basement-renovations,Basement Renovations,tier-1,,yes,,,blog post,/blog/,,,,no,,,,,,,,,,,,,
renovation-keyword-list,B,3,6,affordable bathroom renovations,price,Commercial,bathroom-renovations,Bathroom Renovations,tier-1,,yes,,,service page,/services/bathroom-renovations.html,,,,no,,,,,,,,,,,,,
renovation-keyword-list,B,3,6,bathroom renovation estimate,quote,Transactional,bathroom-renovations,Bathroom Renovations,tier-1,,yes,,,service page,/services/bathroom-renovations.html,,,,no,,,,,,,,,,,,,
renovation-keyword-list,B,3,6,bathroom renovations before and after,ideas,Informational,bathroom-renovations,Bathroom Renovations,tier-1,,yes,,,blog post,/blog/,,,,no,,,,,,,,,,,,,
renovation-keyword-list,B,3,6,how to bathroom renovation,how-to,Informational,bathroom-renovations,Bathroom Renovations,tier-1,,yes,,,blog post,/blog/,,,,no,,,,,,,,,,,,,
renovation-keyword-list,B,3,6,affordable closet renovation,price,Commercial,closet-renovation,Closet Renovation,tier-4,,no,,,service page,/services/closet-renovation.html,,,,no,,,,,,,,,,,,,
renovation-keyword-list,B,3,6,closet renovation before and after,ideas,Informational,closet-renovation,Closet Renovation,tier-4,,no,,,blog post,/blog/,,,,no,,,,,,,,,,,,,
renovation-keyword-list,B,3,6,closet renovation estimate,quote,Transactional,closet-renovation,Closet Renovation,tier-4,,no,,,service page,/services/closet-renovation.html,,,,no,,,,,,,,,,,,,
renovation-keyword-list,B,3,6,how to closet renovation,how-to,Informational,closet-renovation,Closet Renovation,tier-4,,no,,,blog post,/blog/,,,,no,,,,,,,,,,,,,
renovation-keyword-list,B,3,6,affordable composite deck,price,Commercial,composite-decks,Composite Decks,tier-2,Decks,no,,,service page,/services/composite-decks.html,,,,no,,,,,,,,,,,,,
renovation-keyword-list,B,3,6,composite deck before and after,ideas,Informational,composite-decks,Composite Decks,tier-2,Decks,no,,,blog post,/blog/,,,,no,,,,,,,,,,,,,
renovation-keyword-list,B,3,6,composite deck estimate,quote,Transactional,composite-decks,Composite Decks,tier-2,Decks,no,,,service page,/services/composite-decks.html,,,,no,,,,,,,,,,,,,
renovation-keyword-list,B,3,6,how to composite deck,how-to,Informational,composite-decks,Composite Decks,tier-2,Decks,no,,,blog post,/blog/,,,,no,,,,,,,,,,,,,
renovation-keyword-list,B,3,6,affordable condo renovations,price,Commercial,condo-renovations,Condo Renovations,tier-1,,no,,,service page,/services/condo-renovations.html,,,,no,,,,,,,,,,,,,
renovation-keyword-list,B,3,6,condo renovation estimate,quote,Transactional,condo-renovations,Condo Renovations,tier-1,,no,,,service page,/services/condo-renovations.html,,,,no,,,,,,,,,,,,,
renovation-keyword-list,B,3,6,condo renovations before and after,ideas,Informational,condo-renovations,Condo Renovations,tier-1,,no,,,blog post,/blog/,,,,no,,,,,,,,,,,,,
renovation-keyword-list,B,3,6,how to condo renovation,how-to,Informational,condo-renovations,Condo Renovations,tier-1,,no,,,blog post,/blog/,,,,no,,,,,,,,,,,,,
renovation-keyword-list,B,3,6,affordable countertop installation,price,Commercial,countertop-installation,Countertop Installation,tier-4,,no,,,service page,/services/countertop-installation.html,,,,no,,,,,,,,,,,,,
renovation-keyword-list,B,3,6,countertop installation before and after,ideas,Informational,countertop-installation,Countertop Installation,tier-4,,no,,,blog post,/blog/,,,,no,,,,,,,,,,,,,
renovation-keyword-list,B,3,6,countertop installation estimate,quote,Transactional,countertop-installation,Countertop Installation,tier-4,,no,,,service page,/services/countertop-installation.html,,,,no,,,,,,,,,,,,,
renovation-keyword-list,B,3,6,how to countertop installation,how-to,Informational,countertop-installation,Countertop Installation,tier-4,,no,,,blog post,/blog/,,,,no,,,,,,,,,,,,,
renovation-keyword-list,B,3,7,affordable crown moulding,price,Commercial,crown-molding,Crown Molding,tier-3,,no,,,service page,/services/crown-molding.html,,,,no,,,,,,,,,,,,,
renovation-keyword-list,B,3,7,crown moulding before and after,ideas,Informational,crown-molding,Crown Molding,tier-3,,no,,,blog post,/blog/,,,,no,,,,,,,,,,,,,
renovation-keyword-list,B,3,7,crown moulding estimate,quote,Transactional,crown-molding,Crown Molding,tier-3,,no,,,service page,/services/crown-molding.html,,,,no,,,,,,,,,,,,,
renovation-keyword-list,B,3,7,how to crown moulding,how-to,Informational,crown-molding,Crown Molding,tier-3,,no,,,blog post,/blog/,,,,no,,,,,,,,,,,,,
renovation-keyword-list,B,3,7,affordable custom cabinetry,price,Commercial,custom-cabinetry,Custom Cabinetry,tier-4,,no,,,service page,/services/custom-cabinetry.html,,,,no,,,,,,,,,,,,,
renovation-keyword-list,B,3,7,custom cabinetry before and after,ideas,Informational,custom-cabinetry,Custom Cabinetry,tier-4,,no,,,blog post,/blog/,,,,no,,,,,,,,,,,,,
renovation-keyword-list,B,3,7,custom cabinetry estimate,quote,Transactional,custom-cabinetry,Custom Cabinetry,tier-4,,no,,,service page,/services/custom-cabinetry.html,,,,no,,,,,,,,,,,,,
renovation-keyword-list,B,3,7,how to custom cabinetry,how-to,Informational,custom-cabinetry,Custom Cabinetry,tier-4,,no,,,blog post,/blog/,,,,no,,,,,,,,,,,,,
renovation-keyword-list,B,3,7,affordable custom doors,price,Commercial,custom-doors,Custom Doors,tier-2,Doors,yes,,,service page,/services/custom-doors.html,,,,no,,,,,,,,,,,,,
renovation-keyword-list,B,3,7,custom door estimate,quote,Transactional,custom-doors,Custom Doors,tier-2,Doors,yes,,,service page,/services/custom-doors.html,,,,no,,,,,,,,,,,,,
renovation-keyword-list,B,3,7,custom doors before and after,ideas,Informational,custom-doors,Custom Doors,tier-2,Doors,yes,,,blog post,/blog/,,,,no,,,,,,,,,,,,,
renovation-keyword-list,B,3,7,how to custom door,how-to,Informational,custom-doors,Custom Doors,tier-2,Doors,yes,,,blog post,/blog/,,,,no,,,,,,,,,,,,,
renovation-keyword-list,B,3,7,affordable deck building,price,Commercial,deck-building,Deck Building,tier-2,Decks,yes,,,service page,/services/deck-building.html,,,,no,,,,,,,,,,,,,
renovation-keyword-list,B,3,7,deck building before and after,ideas,Informational,deck-building,Deck Building,tier-2,Decks,yes,,,blog post,/blog/,,,,no,,,,,,,,,,,,,
renovation-keyword-list,B,3,7,deck building estimate,quote,Transactional,deck-building,Deck Building,tier-2,Decks,yes,,,service page,/services/deck-building.html,,,,no,,,,,,,,,,,,,
renovation-keyword-list,B,3,7,how to deck building,how-to,Informational,deck-building,Deck Building,tier-2,Decks,yes,,,blog post,/blog/,,,,no,,,,,,,,,,,,,
renovation-keyword-list,B,3,7,affordable deck repair,price,Commercial,deck-repair,Deck Repair,tier-2,Decks,no,,,service page,/services/deck-repair.html,,,,no,,,,,,,,,,,,,
renovation-keyword-list,B,3,7,deck repair before and after,ideas,Informational,deck-repair,Deck Repair,tier-2,Decks,no,,,blog post,/blog/,,,,no,,,,,,,,,,,,,
renovation-keyword-list,B,3,7,deck repair estimate,quote,Transactional,deck-repair,Deck Repair,tier-2,Decks,no,,,service page,/services/deck-repair.html,,,,no,,,,,,,,,,,,,
renovation-keyword-list,B,3,7,how to deck repair,how-to,Informational,deck-repair,Deck Repair,tier-2,Decks,no,,,blog post,/blog/,,,,no,,,,,,,,,,,,,
renovation-keyword-list,B,3,7,affordable door replacement,price,Commercial,door-replacement,Door Replacement,tier-2,Doors,no,,,service page,/services/door-replacement.html,,,,no,,,,,,,,,,,,,
renovation-keyword-list,B,3,7,door replacement before and after,ideas,Informational,door-replacement,Door Replacement,tier-2,Doors,no,,,blog post,/blog/,,,,no,,,,,,,,,,,,,
renovation-keyword-list,B,3,7,door replacement estimate,quote,Transactional,door-replacement,Door Replacement,tier-2,Doors,no,,,service page,/services/door-replacement.html,,,,no,,,,,,,,,,,,,
renovation-keyword-list,B,3,7,how to door replacement,how-to,Informational,door-replacement,Door Replacement,tier-2,Doors,no,,,blog post,/blog/,,,,no,,,,,,,,,,,,,
renovation-keyword-list,B,3,7,affordable drywall repair,price,Commercial,drywall-installation-repair,Drywall Installation & Repair,tier-3,,no,,,service page,/services/drywall-installation-repair.html,,,,no,,,,,,,,,,,,,
renovation-keyword-list,B,3,7,drywall repair before and after,ideas,Informational,drywall-installation-repair,Drywall Installation & Repair,tier-3,,no,,,blog post,/blog/,,,,no,,,,,,,,,,,,,
renovation-keyword-list,B,3,7,drywall repair estimate,quote,Transactional,drywall-installation-repair,Drywall Installation & Repair,tier-3,,no,,,service page,/services/drywall-installation-repair.html,,,,no,,,,,,,,,,,,,
renovation-keyword-list,B,3,7,how to drywall repair,how-to,Informational,drywall-installation-repair,Drywall Installation & Repair,tier-3,,no,,,blog post,/blog/,,,,no,,,,,,,,,,,,,
renovation-keyword-list,B,3,7,affordable exterior door installation,price,Commercial,exterior-door-installation,Exterior Door Installation,tier-2,Doors,no,,,service page,/services/exterior-door-installation.html,,,,no,,,,,,,,,,,,,
renovation-keyword-list,B,3,7,exterior door installation before and after,ideas,Informational,exterior-door-installation,Exterior Door Installation,tier-2,Doors,no,,,blog post,/blog/,,,,no,,,,,,,,,,,,,
renovation-keyword-list,B,3,7,exterior door installation estimate,quote,Transactional,exterior-door-installation,Exterior Door Installation,tier-2,Doors,no,,,service page,/services/exterior-door-installation.html,,,,no,,,,,,,,,,,,,
renovation-keyword-list,B,3,7,how to exterior door installation,how-to,Informational,exterior-door-installation,Exterior Door Installation,tier-2,Doors,no,,,blog post,/blog/,,,,no,,,,,,,,,,,,,
renovation-keyword-list,B,3,7,affordable exterior painting,price,Commercial,exterior-painting,Exterior Painting,tier-3,,no,,,service page,/services/exterior-painting.html,,,,no,,,,,,,,,,,,,
renovation-keyword-list,B,3,7,exterior painting before and after,ideas,Informational,exterior-painting,Exterior Painting,tier-3,,no,,,blog post,/blog/,,,,no,,,,,,,,,,,,,
renovation-keyword-list,B,3,7,exterior painting estimate,quote,Transactional,exterior-painting,Exterior Painting,tier-3,,no,,,service page,/services/exterior-painting.html,,,,no,,,,,,,,,,,,,
renovation-keyword-list,B,3,7,how to exterior painting,how-to,Informational,exterior-painting,Exterior Painting,tier-3,,no,,,blog post,/blog/,,,,no,,,,,,,,,,,,,
renovation-keyword-list,B,3,7,affordable exterior renovation,price,Commercial,exterior-remodeling,Exterior Remodeling,tier-1,,no,,,service page,/services/exterior-remodeling.html,,,,no,,,,,,,,,,,,,
renovation-keyword-list,B,3,7,exterior renovation before and after,ideas,Informational,exterior-remodeling,Exterior Remodeling,tier-1,,no,,,blog post,/blog/,,,,no,,,,,,,,,,,,,
renovation-keyword-list,B,3,7,exterior renovation estimate,quote,Transactional,exterior-remodeling,Exterior Remodeling,tier-1,,no,,,service page,/services/exterior-remodeling.html,,,,no,,,,,,,,,,,,,
renovation-keyword-list,B,3,7,how to exterior renovation,how-to,Informational,exterior-remodeling,Exterior Remodeling,tier-1,,no,,,blog post,/blog/,,,,no,,,,,,,,,,,,,
renovation-keyword-list,B,3,7,affordable fence installation,price,Commercial,fence-installation,Fence Installation,tier-2,Fences,yes,,,service page,/services/fence-installation.html,,,,no,,,,,,,,,,,,,
renovation-keyword-list,B,3,7,fence installation before and after,ideas,Informational,fence-installation,Fence Installation,tier-2,Fences,yes,,,blog post,/blog/,,,,no,,,,,,,,,,,,,
renovation-keyword-list,B,3,7,fence installation estimate,quote,Transactional,fence-installation,Fence Installation,tier-2,Fences,yes,,,service page,/services/fence-installation.html,,,,no,,,,,,,,,,,,,
renovation-keyword-list,B,3,7,how to fence installation,how-to,Informational,fence-installation,Fence Installation,tier-2,Fences,yes,,,blog post,/blog/,,,,no,,,,,,,,,,,,,
renovation-keyword-list,B,3,7,affordable fence repair,price,Commercial,fence-repair,Fence Repair,tier-2,Fences,no,,,service page,/services/fence-repair.html,,,,no,,,,,,,,,,,,,
renovation-keyword-list,B,3,7,fence repair before and after,ideas,Informational,fence-repair,Fence Repair,tier-2,Fences,no,,,blog post,/blog/,,,,no,,,,,,,,,,,,,
renovation-keyword-list,B,3,7,fence repair estimate,quote,Transactional,fence-repair,Fence Repair,tier-2,Fences,no,,,service page,/services/fence-repair.html,,,,no,,,,,,,,,,,,,
renovation-keyword-list,B,3,7,how to fence repair,how-to,Informational,fence-repair,Fence Repair,tier-2,Fences,no,,,blog post,/blog/,,,,no,,,,,,,,,,,,,
renovation-keyword-list,B,3,7,affordable floor repair,price,Commercial,flooring-repair,Flooring Repair,tier-2,Flooring,no,,,service page,/services/flooring-repair.html,,,,no,,,,,,,,,,,,,
renovation-keyword-list,B,3,7,floor repair before and after,ideas,Informational,flooring-repair,Flooring Repair,tier-2,Flooring,no,,,blog post,/blog/,,,,no,,,,,,,,,,,,,
renovation-keyword-list,B,3,7,floor repair estimate,quote,Transactional,flooring-repair,Flooring Repair,tier-2,Flooring,no,,,service page,/services/flooring-repair.html,,,,no,,,,,,,,,,,,,
renovation-keyword-list,B,3,7,how to floor repair,how-to,Informational,flooring-repair,Flooring Repair,tier-2,Flooring,no,,,blog post,/blog/,,,,no,,,,,,,,,,,,,
renovation-keyword-list,B,3,7,affordable home renovation,price,Commercial,full-home-renovations,Full Home Renovations,tier-1,,no,,,service page,/services/full-home-renovations.html,,,,no,,,,,,,,,,,,,
renovation-keyword-list,B,3,7,home renovation before and after,ideas,Informational,full-home-renovations,Full Home Renovations,tier-1,,no,,,blog post,/blog/,,,,no,,,,,,,,,,,,,
renovation-keyword-list,B,3,7,home renovation estimate,quote,Transactional,full-home-renovations,Full Home Renovations,tier-1,,no,,,service page,/services/full-home-renovations.html,,,,no,,,,,,,,,,,,,
renovation-keyword-list,B,3,7,how to home renovation,how-to,Informational,full-home-renovations,Full Home Renovations,tier-1,,no,,,blog post,/blog/,,,,no,,,,,,,,,,,,,
renovation-keyword-list,B,3,7,affordable garage renovation,price,Commercial,garage-renovation,Garage Renovation,tier-4,,no,,,service page,/services/garage-renovation.html,,,,no,,,,,,,,,,,,,
renovation-keyword-list,B,3,7,garage renovation before and after,ideas,Informational,garage-renovation,Garage Renovation,tier-4,,no,,,blog post,/blog/,,,,no,,,,,,,,,,,,,
renovation-keyword-list,B,3,7,garage renovation estimate,quote,Transactional,garage-renovation,Garage Renovation,tier-4,,no,,,service page,/services/garage-renovation.html,,,,no,,,,,,,,,,,,,
renovation-keyword-list,B,3,7,how to garage renovation,how-to,Informational,garage-renovation,Garage Renovation,tier-4,,no,,,blog post,/blog/,,,,no,,,,,,,,,,,,,
renovation-keyword-list,B,3,7,affordable hardwood flooring,price,Commercial,hardwood-flooring,Hardwood Flooring,tier-2,Flooring,no,,,service page,/services/hardwood-flooring.html,,,,no,,,,,,,,,,,,,
renovation-keyword-list,B,3,7,hardwood flooring before and after,ideas,Informational,hardwood-flooring,Hardwood Flooring,tier-2,Flooring,no,,,blog post,/blog/,,,,no,,,,,,,,,,,,,
renovation-keyword-list,B,3,7,hardwood flooring estimate,quote,Transactional,hardwood-flooring,Hardwood Flooring,tier-2,Flooring,no,,,service page,/services/hardwood-flooring.html,,,,no,,,,,,,,,,,,,
renovation-keyword-list,B,3,7,how to hardwood flooring,how-to,Informational,hardwood-flooring,Hardwood Flooring,tier-2,Flooring,no,,,blog post,/blog/,,,,no,,,,,,,,,,,,,
renovation-keyword-list,B,3,7,affordable home additions,price,Commercial,home-additions,Home Additions,tier-1,,no,,,service page,/services/home-additions.html,,,,no,,,,,,,,,,,,,
renovation-keyword-list,B,3,7,home addition estimate,quote,Transactional,home-additions,Home Additions,tier-1,,no,,,service page,/services/home-additions.html,,,,no,,,,,,,,,,,,,
renovation-keyword-list,B,3,7,home additions before and after,ideas,Informational,home-additions,Home Additions,tier-1,,no,,,blog post,/blog/,,,,no,,,,,,,,,,,,,
renovation-keyword-list,B,3,7,how to home addition,how-to,Informational,home-additions,Home Additions,tier-1,,no,,,blog post,/blog/,,,,no,,,,,,,,,,,,,
renovation-keyword-list,B,3,7,affordable interior door installation,price,Commercial,interior-door-installation,Interior Door Installation,tier-2,Doors,no,,,service page,/services/interior-door-installation.html,,,,no,,,,,,,,,,,,,
renovation-keyword-list,B,3,7,how to interior door installation,how-to,Informational,interior-door-installation,Interior Door Installation,tier-2,Doors,no,,,blog post,/blog/,,,,no,,,,,,,,,,,,,
renovation-keyword-list,B,3,7,interior door installation before and after,ideas,Informational,interior-door-installation,Interior Door Installation,tier-2,Doors,no,,,blog post,/blog/,,,,no,,,,,,,,,,,,,
renovation-keyword-list,B,3,7,interior door installation estimate,quote,Transactional,interior-door-installation,Interior Door Installation,tier-2,Doors,no,,,service page,/services/interior-door-installation.html,,,,no,,,,,,,,,,,,,
renovation-keyword-list,B,3,7,affordable interior renovation,price,Commercial,interior-remodeling,Interior Remodeling,tier-1,,no,,,service page,/services/interior-remodeling.html,,,,no,,,,,,,,,,,,,
renovation-keyword-list,B,3,7,how to interior renovation,how-to,Informational,interior-remodeling,Interior Remodeling,tier-1,,no,,,blog post,/blog/,,,,no,,,,,,,,,,,,,
renovation-keyword-list,B,3,7,interior renovation before and after,ideas,Informational,interior-remodeling,Interior Remodeling,tier-1,,no,,,blog post,/blog/,,,,no,,,,,,,,,,,,,
renovation-keyword-list,B,3,7,interior renovation estimate,quote,Transactional,interior-remodeling,Interior Remodeling,tier-1,,no,,,service page,/services/interior-remodeling.html,,,,no,,,,,,,,,,,,,
renovation-keyword-list,B,3,7,affordable kitchen renovations,price,Commercial,kitchen-renovations,Kitchen Renovations,tier-1,,yes,,,service page,/services/kitchen-renovations.html,,,,no,,,,,,,,,,,,,
renovation-keyword-list,B,3,7,how to kitchen renovation,how-to,Informational,kitchen-renovations,Kitchen Renovations,tier-1,,yes,,,blog post,/blog/,,,,no,,,,,,,,,,,,,
renovation-keyword-list,B,3,7,kitchen renovation estimate,quote,Transactional,kitchen-renovations,Kitchen Renovations,tier-1,,yes,,,service page,/services/kitchen-renovations.html,,,,no,,,,,,,,,,,,,
renovation-keyword-list,B,3,7,kitchen renovations before and after,ideas,Informational,kitchen-renovations,Kitchen Renovations,tier-1,,yes,,,blog post,/blog/,,,,no,,,,,,,,,,,,,
renovation-keyword-list,B,3,7,affordable laminate flooring,price,Commercial,laminate-flooring,Laminate Flooring,tier-2,Flooring,no,,,service page,/services/laminate-flooring.html,,,,no,,,,,,,,,,,,,
renovation-keyword-list,B,3,7,how to laminate flooring,how-to,Informational,laminate-flooring,Laminate Flooring,tier-2,Flooring,no,,,blog post,/blog/,,,,no,,,,,,,,,,,,,
renovation-keyword-list,B,3,7,laminate flooring before and after,ideas,Informational,laminate-flooring,Laminate Flooring,tier-2,Flooring,no,,,blog post,/blog/,,,,no,,,,,,,,,,,,,
renovation-keyword-list,B,3,7,laminate flooring estimate,quote,Transactional,laminate-flooring,Laminate Flooring,tier-2,Flooring,no,,,service page,/services/laminate-flooring.html,,,,no,,,,,,,,,,,,,
renovation-keyword-list,B,3,7,affordable laundry room renovation,price,Commercial,laundry-room-renovation,Laundry Room Renovation,tier-4,,no,,,service page,/services/laundry-room-renovation.html,,,,no,,,,,,,,,,,,,
renovation-keyword-list,B,3,7,how to laundry room renovation,how-to,Informational,laundry-room-renovation,Laundry Room Renovation,tier-4,,no,,,blog post,/blog/,,,,no,,,,,,,,,,,,,
renovation-keyword-list,B,3,7,laundry room renovation before and after,ideas,Informational,laundry-room-renovation,Laundry Room Renovation,tier-4,,no,,,blog post,/blog/,,,,no,,,,,,,,,,,,,
renovation-keyword-list,B,3,7,laundry room renovation estimate,quote,Transactional,laundry-room-renovation,Laundry Room Renovation,tier-4,,no,,,service page,/services/laundry-room-renovation.html,,,,no,,,,,,,,,,,,,
renovation-keyword-list,B,3,7,affordable painting,price,Commercial,painting,Painting,tier-3,,no,,,service page,/services/painting.html,,,,no,,,,,,,,,,,,,
renovation-keyword-list,B,3,7,how to painting,how-to,Informational,painting,Painting,tier-3,,no,,,blog post,/blog/,,,,no,,,,,,,,,,,,,
renovation-keyword-list,B,3,7,painting before and after,ideas,Informational,painting,Painting,tier-3,,no,,,blog post,/blog/,,,,no,,,,,,,,,,,,,
renovation-keyword-list,B,3,7,painting estimate,quote,Transactional,painting,Painting,tier-3,,no,,,service page,/services/painting.html,,,,no,,,,,,,,,,,,,
renovation-keyword-list,B,3,7,affordable patio door installation,price,Commercial,patio-door-installation,Patio Door Installation,tier-2,Doors,no,,,service page,/services/patio-door-installation.html,,,,no,,,,,,,,,,,,,
renovation-keyword-list,B,3,7,how to patio door installation,how-to,Informational,patio-door-installation,Patio Door Installation,tier-2,Doors,no,,,blog post,/blog/,,,,no,,,,,,,,,,,,,
renovation-keyword-list,B,3,7,patio door installation before and after,ideas,Informational,patio-door-installation,Patio Door Installation,tier-2,Doors,no,,,blog post,/blog/,,,,no,,,,,,,,,,,,,
renovation-keyword-list,B,3,7,patio door installation estimate,quote,Transactional,patio-door-installation,Patio Door Installation,tier-2,Doors,no,,,service page,/services/patio-door-installation.html,,,,no,,,,,,,,,,,,,
renovation-keyword-list,B,3,7,affordable porch renovation,price,Commercial,porch-renovation,Porch Renovation,tier-3,,no,,,service page,/services/porch-renovation.html,,,,no,,,,,,,,,,,,,
renovation-keyword-list,B,3,7,how to porch renovation,how-to,Informational,porch-renovation,Porch Renovation,tier-3,,no,,,blog post,/blog/,,,,no,,,,,,,,,,,,,
renovation-keyword-list,B,3,7,porch renovation before and after,ideas,Informational,porch-renovation,Porch Renovation,tier-3,,no,,,blog post,/blog/,,,,no,,,,,,,,,,,,,
renovation-keyword-list,B,3,7,porch renovation estimate,quote,Transactional,porch-renovation,Porch Renovation,tier-3,,no,,,service page,/services/porch-renovation.html,,,,no,,,,,,,,,,,,,
renovation-keyword-list,B,3,8,affordable privacy fence,price,Commercial,privacy-fences,Privacy Fences,tier-2,Fences,no,,,service page,/services/privacy-fences.html,,,,no,,,,,,,,,,,,,
renovation-keyword-list,B,3,8,how to privacy fence,how-to,Informational,privacy-fences,Privacy Fences,tier-2,Fences,no,,,blog post,/blog/,,,,no,,,,,,,,,,,,,
renovation-keyword-list,B,3,8,privacy fence before and after,ideas,Informational,privacy-fences,Privacy Fences,tier-2,Fences,no,,,blog post,/blog/,,,,no,,,,,,,,,,,,,
renovation-keyword-list,B,3,8,privacy fence estimate,quote,Transactional,privacy-fences,Privacy Fences,tier-2,Fences,no,,,service page,/services/privacy-fences.html,,,,no,,,,,,,,,,,,,
renovation-keyword-list,B,3,8,affordable siding repair,price,Commercial,siding-repair,Siding Repair,tier-3,,no,,,service page,/services/siding-repair.html,,,,no,,,,,,,,,,,,,
renovation-keyword-list,B,3,8,how to siding repair,how-to,Informational,siding-repair,Siding Repair,tier-3,,no,,,blog post,/blog/,,,,no,,,,,,,,,,,,,
renovation-keyword-list,B,3,8,siding repair before and after,ideas,Informational,siding-repair,Siding Repair,tier-3,,no,,,blog post,/blog/,,,,no,,,,,,,,,,,,,
renovation-keyword-list,B,3,8,siding repair estimate,quote,Transactional,siding-repair,Siding Repair,tier-3,,no,,,service page,/services/siding-repair.html,,,,no,,,,,,,,,,,,,
renovation-keyword-list,B,3,8,affordable sliding door installation,price,Commercial,sliding-door-installation,Sliding Door Installation,tier-2,Doors,no,,,service page,/services/sliding-door-installation.html,,,,no,,,,,,,,,,,,,
renovation-keyword-list,B,3,8,how to sliding door installation,how-to,Informational,sliding-door-installation,Sliding Door Installation,tier-2,Doors,no,,,blog post,/blog/,,,,no,,,,,,,,,,,,,
renovation-keyword-list,B,3,8,sliding door installation before and after,ideas,Informational,sliding-door-installation,Sliding Door Installation,tier-2,Doors,no,,,blog post,/blog/,,,,no,,,,,,,,,,,,,
renovation-keyword-list,B,3,8,sliding door installation estimate,quote,Transactional,sliding-door-installation,Sliding Door Installation,tier-2,Doors,no,,,service page,/services/sliding-door-installation.html,,,,no,,,,,,,,,,,,,
renovation-keyword-list,B,3,8,affordable stair renovation,price,Commercial,staircase-renovation,Staircase Renovation,tier-3,,no,,,service page,/services/staircase-renovation.html,,,,no,,,,,,,,,,,,,
renovation-keyword-list,B,3,8,how to stair renovation,how-to,Informational,staircase-renovation,Staircase Renovation,tier-3,,no,,,blog post,/blog/,,,,no,,,,,,,,,,,,,
renovation-keyword-list,B,3,8,stair renovation before and after,ideas,Informational,staircase-renovation,Staircase Renovation,tier-3,,no,,,blog post,/blog/,,,,no,,,,,,,,,,,,,
renovation-keyword-list,B,3,8,stair renovation estimate,quote,Transactional,staircase-renovation,Staircase Renovation,tier-3,,no,,,service page,/services/staircase-renovation.html,,,,no,,,,,,,,,,,,,
renovation-keyword-list,B,3,8,affordable tile flooring,price,Commercial,tile-flooring,Tile Flooring,tier-2,Flooring,no,,,service page,/services/tile-flooring.html,,,,no,,,,,,,,,,,,,
renovation-keyword-list,B,3,8,how to tile flooring,how-to,Informational,tile-flooring,Tile Flooring,tier-2,Flooring,no,,,blog post,/blog/,,,,no,,,,,,,,,,,,,
renovation-keyword-list,B,3,8,tile flooring before and after,ideas,Informational,tile-flooring,Tile Flooring,tier-2,Flooring,no,,,blog post,/blog/,,,,no,,,,,,,,,,,,,
renovation-keyword-list,B,3,8,tile flooring estimate,quote,Transactional,tile-flooring,Tile Flooring,tier-2,Flooring,no,,,service page,/services/tile-flooring.html,,,,no,,,,,,,,,,,,,
renovation-keyword-list,B,3,8,affordable tile installation,price,Commercial,tile-installation,Tile Installation,tier-3,,yes,,,service page,/services/tile-installation.html,,,,no,,,,,,,,,,,,,
renovation-keyword-list,B,3,8,how to tile installation,how-to,Informational,tile-installation,Tile Installation,tier-3,,yes,,,blog post,/blog/,,,,no,,,,,,,,,,,,,
renovation-keyword-list,B,3,8,tile installation before and after,ideas,Informational,tile-installation,Tile Installation,tier-3,,yes,,,blog post,/blog/,,,,no,,,,,,,,,,,,,
renovation-keyword-list,B,3,8,tile installation estimate,quote,Transactional,tile-installation,Tile Installation,tier-3,,yes,,,service page,/services/tile-installation.html,,,,no,,,,,,,,,,,,,
renovation-keyword-list,B,3,8,affordable baseboard installation,price,Commercial,trim-baseboards,Trim & Baseboards,tier-3,,no,,,service page,/services/trim-baseboards.html,,,,no,,,,,,,,,,,,,
renovation-keyword-list,B,3,8,baseboard installation before and after,ideas,Informational,trim-baseboards,Trim & Baseboards,tier-3,,no,,,blog post,/blog/,,,,no,,,,,,,,,,,,,
renovation-keyword-list,B,3,8,baseboard installation estimate,quote,Transactional,trim-baseboards,Trim & Baseboards,tier-3,,no,,,service page,/services/trim-baseboards.html,,,,no,,,,,,,,,,,,,
renovation-keyword-list,B,3,8,how to baseboard installation,how-to,Informational,trim-baseboards,Trim & Baseboards,tier-3,,no,,,blog post,/blog/,,,,no,,,,,,,,,,,,,
renovation-keyword-list,B,3,8,affordable vinyl fence,price,Commercial,vinyl-fences,Vinyl Fences,tier-2,Fences,no,,,service page,/services/vinyl-fences.html,,,,no,,,,,,,,,,,,,
renovation-keyword-list,B,3,8,how to vinyl fence,how-to,Informational,vinyl-fences,Vinyl Fences,tier-2,Fences,no,,,blog post,/blog/,,,,no,,,,,,,,,,,,,
renovation-keyword-list,B,3,8,vinyl fence before and after,ideas,Informational,vinyl-fences,Vinyl Fences,tier-2,Fences,no,,,blog post,/blog/,,,,no,,,,,,,,,,,,,
renovation-keyword-list,B,3,8,vinyl fence estimate,quote,Transactional,vinyl-fences,Vinyl Fences,tier-2,Fences,no,,,service page,/services/vinyl-fences.html,,,,no,,,,,,,,,,,,,
renovation-keyword-list,B,3,8,affordable vinyl plank flooring,price,Commercial,vinyl-flooring,Vinyl Flooring,tier-2,Flooring,no,,,service page,/services/vinyl-flooring.html,,,,no,,,,,,,,,,,,,
renovation-keyword-list,B,3,8,how to vinyl plank flooring,how-to,Informational,vinyl-flooring,Vinyl Flooring,tier-2,Flooring,no,,,blog post,/blog/,,,,no,,,,,,,,,,,,,
renovation-keyword-list,B,3,8,vinyl plank flooring before and after,ideas,Informational,vinyl-flooring,Vinyl Flooring,tier-2,Flooring,no,,,blog post,/blog/,,,,no,,,,,,,,,,,,,
renovation-keyword-list,B,3,8,vinyl plank flooring estimate,quote,Transactional,vinyl-flooring,Vinyl Flooring,tier-2,Flooring,no,,,service page,/services/vinyl-flooring.html,,,,no,,,,,,,,,,,,,
renovation-keyword-list,B,3,8,affordable window replacement,price,Commercial,window-replacement,Window Replacement,tier-4,,no,,,service page,/services/window-replacement.html,,,,no,,,,,,,,,,,,,
renovation-keyword-list,B,3,8,how to window replacement,how-to,Informational,window-replacement,Window Replacement,tier-4,,no,,,blog post,/blog/,,,,no,,,,,,,,,,,,,
renovation-keyword-list,B,3,8,window replacement before and after,ideas,Informational,window-replacement,Window Replacement,tier-4,,no,,,blog post,/blog/,,,,no,,,,,,,,,,,,,
renovation-keyword-list,B,3,8,window replacement estimate,quote,Transactional,window-replacement,Window Replacement,tier-4,,no,,,service page,/services/window-replacement.html,,,,no,,,,,,,,,,,,,
renovation-keyword-list,B,3,8,affordable wood deck,price,Commercial,wood-decks,Wood Decks,tier-2,Decks,no,,,service page,/services/wood-decks.html,,,,no,,,,,,,,,,,,,
renovation-keyword-list,B,3,8,how to wood deck,how-to,Informational,wood-decks,Wood Decks,tier-2,Decks,no,,,blog post,/blog/,,,,no,,,,,,,,,,,,,
renovation-keyword-list,B,3,8,wood deck before and after,ideas,Informational,wood-decks,Wood Decks,tier-2,Decks,no,,,blog post,/blog/,,,,no,,,,,,,,,,,,,
renovation-keyword-list,B,3,8,wood deck estimate,quote,Transactional,wood-decks,Wood Decks,tier-2,Decks,no,,,service page,/services/wood-decks.html,,,,no,,,,,,,,,,,,,
renovation-keyword-list,B,3,8,affordable wood fence,price,Commercial,wood-fences,Wood Fences,tier-2,Fences,no,,,service page,/services/wood-fences.html,,,,no,,,,,,,,,,,,,
renovation-keyword-list,B,3,8,how to wood fence,how-to,Informational,wood-fences,Wood Fences,tier-2,Fences,no,,,blog post,/blog/,,,,no,,,,,,,,,,,,,
renovation-keyword-list,B,3,8,wood fence before and after,ideas,Informational,wood-fences,Wood Fences,tier-2,Fences,no,,,blog post,/blog/,,,,no,,,,,,,,,,,,,
renovation-keyword-list,B,3,8,wood fence estimate,quote,Transactional,wood-fences,Wood Fences,tier-2,Fences,no,,,service page,/services/wood-fences.html,,,,no,,,,,,,,,,,,,
semrush-export,,,,how much are renovations,,Informational,,,,,,,,,,210,11,3.27,yes,ca,renovation,0.20,201,"People Also Ask, Related Searches, Discussions And Forums, AI Overview, Site Links, Reviews, Video","0.66,0.66,0.81,0.66,0.29,0.29,0.29,0.29,0.43,0.35,0.29,0.14",20,,,,,,
semrush-export,,,,how much basement renovation cost,,Informational,,,,,,,,,,260,15,2.38,yes,ca,renovation,0.29,43,"AI Overview, Site Links, Reviews, Video, People Also Ask, Related Searches","0.10,0.10,0.08,1.00,0.10,0.13,0.13,0.13,0.13,0.13,0.13,0.10",20,,,,,,
semrush-export,,,,how much to redo a basement,,Informational,,,,,,,,,,170,25,2.38,yes,ca,renovation,0.29,137,"Related Searches, Discussions And Forums, AI Overview, Site Links, Reviews, Video, Video Carousel, People Also Ask","0.15,0.18,0.15,1.00,0.35,0.15,0.15,0.23,0.18,0.23,0.23,0.18",20,,,,,,
semrush-export,,,,how much cost to renovate basement,,Informational,,,,,,,,,,170,17,2.38,yes,ca,renovation,0.29,77,"Site Links, Reviews, Video, People Also Ask, Related Searches, Discussions And Forums, AI Overview","0.15,0.18,0.15,1.00,0.35,0.15,0.15,0.23,0.15,0.23,0.18,0.18",20,,,,,,
semrush-export,,,,is it cheaper to build a house,,Informational,,,,,,,,,,110,19,2.27,yes,ca,renovation,0.03,134,"Related Searches, AI Overview, Site Links, Reviews, Video, Video Carousel, People Also Ask","0.06,0.05,0.06,0.08,0.08,0.06,0.08,0.08,0.06,0.06,0.10,0.04",20,,,,,,
semrush-export,,,,how long does a kitchen renovation take,,Informational,,,,,,,,,,140,21,2.20,yes,ca,renovation,0.12,120,"Reviews, Video, People Also Ask, Related Searches, Discussions And Forums, AI Overview, Site Links","0.07,0.53,0.65,0.34,0.42,1.00,0.53,0.65,0.65,0.65,0.53,0.42",20,,,,,,
semrush-export,,,,how much to renovate a bathroom,,Informational,,,,,,,,,,390,16,1.95,yes,ca,renovation,0.41,135,"Adwords Bottom, People Also Ask, Related Searches, Discussions And Forums, Site Links, Reviews, Video, Video Carousel, AI Overview","0.66,0.81,0.81,0.81,0.54,0.66,0.44,0.81,0.66,0.81,0.66,0.54",20,,,,,,
semrush-export,,,,how much is a bathroom reno,,Informational,,,,,,,,,,170,18,1.92,yes,ca,renovation,0.34,126,"Adwords Bottom, Short Videos, AI Overview, Reviews, Video, People Also Ask, Related Searches, Discussions And Forums, Site Links","0.35,0.28,0.81,0.35,0.23,0.35,0.44,0.05,0.05,0.06,0.03,0.03",20,,,,,,
semrush-export,,,,how much cost to remodel a basement,,Informational,,,,,,,,,,210,29,1.82,yes,ca,renovation,0.23,133,"People Also Ask, Related Searches, Discussions And Forums, AI Overview, Site Links, Reviews, Video","0.10,0.10,0.08,1.00,0.10,0.06,0.06,0.13,0.08,0.13,0.10,0.08",20,,,,,,
semrush-export,,,,how much to remodel a basement,,Informational,,,,,,,,,,210,22,1.82,yes,ca,renovation,0.23,132,"Site Links, Reviews, Video Carousel, People Also Ask, Short Videos, Discussions And Forums, AI Overview, Video, Related Searches","0.10,0.10,0.08,1.00,0.10,0.06,0.06,0.13,0.08,0.13,0.10,0.08",20,,,,,,
semrush-export,,,,how much to renovate a basement,,Informational,,,,,,,,,,170,6,1.82,yes,ca,renovation,0.23,138,"Site Links, Video, Video Carousel, Related Searches, Discussions And Forums, Reviews, People Also Ask, Short Videos, AI Overview","0.53,0.65,0.65,0.80,0.65,0.65,0.80,0.53,0.65,0.65,0.65,0.65",20,,,,,,
semrush-export,,,,how much to renovate a kitchen,,Informational,,,,,,,,,,260,6,1.65,yes,ca,renovation,0.32,137,"Site Links, Reviews, Video, Video Carousel, People Also Ask, Related Searches, Discussions And Forums, AI Overview","0.81,0.81,0.54,0.54,0.43,0.35,0.43,0.54,0.43,0.54,0.54,0.54",20,,,,,,
semrush-export,,,,how much does it cost to finish a basement,,Informational,,,,,,,,,,480,24,1.62,yes,ca,renovation,0.19,43,"Related Searches, Discussions And Forums, AI Overview, Site Links, Reviews, Video, People Also Ask","0.54,0.81,0.66,0.66,0.66,0.66,0.54,0.54,0.54,0.66,0.44,0.54",20,,,,,,
semrush-export,,,,how much does cost to finish a basement,,Informational,,,,,,,,,,390,24,1.62,yes,ca,renovation,0.19,127,"Discussions And Forums, AI Overview, Site Links, Reviews, Video, People Also Ask, Related Searches","0.44,0.54,0.44,1.00,0.54,0.44,0.44,0.66,0.54,0.81,0.66,0.54",20,,,,,,
semrush-export,,,,how much does it cost to renovate a basement,,Informational,,,,,,,,,,390,14,1.62,yes,ca,renovation,0.19,134,"Reviews, Video, People Also Ask, Related Searches, Short Videos, Discussions And Forums, AI Overview, Site Links","0.54,0.66,0.54,0.81,0.66,0.54,0.44,0.66,0.54,0.81,0.66,0.66",20,,,,,,
semrush-export,,,,how much would it cost to renovate a basement,,Informational,,,,,,,,,,390,24,1.62,yes,ca,renovation,0.19,135,"Related Searches, Short Videos, Discussions And Forums, AI Overview, Site Links, Reviews, Video, People Also Ask","0.44,0.54,0.44,1.00,0.54,0.44,0.44,0.66,0.54,0.81,0.66,0.54",20,,,,,,
semrush-export,,,,how much does a basement finish cost,,Informational,,,,,,,,,,260,14,1.62,yes,ca,renovation,0.19,191,"Short Videos, Discussions And Forums, AI Overview, Site Links, Reviews, Video, People Also Ask","0.00,0.54,0.44,1.00,0.54,0.44,0.00,0.66,0.01,0.81,0.66,0.54",20,,,,,,
semrush-export,,,,how much does it cost to complete a basement,,Informational,,,,,,,,,,260,17,1.62,yes,ca,renovation,0.19,134,"Related Searches, Short Videos, Discussions And Forums, AI Overview, Site Links, Reviews, Video, People Also Ask","0.29,0.66,0.35,0.81,0.66,0.54,0.43,0.43,0.54,0.81,0.54,0.54",20,,,,,,
semrush-export,,,,how much would it cost to finish a basement,,Informational,,,,,,,,,,260,25,1.62,yes,ca,renovation,0.19,47,"Site Links, Reviews, Video, People Also Ask, Related Searches, Discussions And Forums, AI Overview","0.29,0.66,0.35,0.81,0.66,0.54,0.43,0.66,0.35,0.54,0.54,0.54",20,,,,,,
semrush-export,,,,how much does a finished basement cost,,Informational,,,,,,,,,,110,30,1.62,yes,ca,renovation,0.19,189,"Related Searches, Discussions And Forums, AI Overview, Site Links, Reviews, Video, People Also Ask","0.33,0.33,0.33,1.00,1.00,0.42,0.23,0.80,0.23,1.00,0.80,0.23",20,,,,,,
semrush-export,,,,how much does it cost to remodel a house,,Informational,,,,,,,,,,110,15,1.58,yes,ca,renovation,0.21,133,"Reviews, Video, People Also Ask, Related Searches, Discussions And Forums, AI Overview, Site Links","0.52,0.52,0.42,1.00,0.42,0.33,0.33,0.52,0.33,0.52,0.66,0.42",20,,,,,,
semrush-export,,,,how much would it cost to renovate a house,,Informational,,,,,,,,,,110,9,1.58,yes,ca,renovation,0.21,133,"People Also Ask, Related Searches, Discussions And Forums, AI Overview, Site Links, Reviews, Video","0.42,0.66,0.42,1.00,0.52,0.33,0.33,0.52,0.33,0.52,0.52,0.33",20,,,,,,
semrush-export,,,,how much bathroom renovation cost,,Informational,,,,,,,,,,390,15,1.47,yes,ca,renovation,0.40,138,"Discussions And Forums, AI Overview, Reviews, Video, Video Carousel, People Also Ask, Related Searches","0.13,0.13,0.16,0.16,0.13,0.16,0.08,0.20,0.10,0.20,0.16,0.13",90,,,,,,
semrush-export,,,,how much is it to remodel a bathroom,,Informational,,,,,,,,,,390,20,1.47,yes,ca,renovation,0.40,139,"Discussions And Forums, AI Overview, Site Links, Reviews, Video, People Also Ask, Related Searches","0.01,0.54,0.81,1.00,0.54,0.54,0.44,1.00,0.66,0.81,0.81,0.54",20,,,,,,
semrush-export,,,,how much to redo a bathroom,,Informational,,,,,,,,,,390,18,1.47,yes,ca,renovation,0.40,140,"Site Links, Video Carousel, People Also Ask, Short Videos, Discussions And Forums, Reviews, Video, Related Searches, AI Overview","0.20,0.25,0.20,0.25,0.16,0.16,0.13,0.16,0.16,0.20,0.13,0.20",20,,,,,,
semrush-export,,,,how much is it to redo a bathroom,,Informational,,,,,,,,,,320,12,1.47,yes,ca,renovation,0.40,139,"Related Searches, Discussions And Forums, Site Links, Reviews, Video, People Also Ask","0.29,0.66,0.43,0.81,0.66,0.54,0.54,0.66,0.54,0.81,0.66,0.54",20,,,,,,
semrush-export,,,,how much is it to renovate a bathroom,,Informational,,,,,,,,,,320,17,1.47,yes,ca,renovation,0.40,134,"People Also Ask, Related Searches, Short Videos, Discussions And Forums, AI Overview, Site Links, Reviews, Video","0.44,0.54,0.54,0.81,0.54,0.54,0.11,0.54,0.44,0.66,0.54,0.44",20,,,,,,
semrush-export,,,,how much it cost to renovate a bathroom,,Informational,,,,,,,,,,320,10,1.47,yes,ca,renovation,0.40,138,"Site Links, Reviews, Video, People Also Ask, Related Searches, Discussions And Forums, AI Overview","0.29,0.66,0.43,0.81,0.66,0.54,0.54,0.66,0.54,0.81,0.66,0.54",20,,,,,,
semrush-export,,,,how much to remodel a bathroom,,Informational,,,,,,,,,,260,17,1.47,yes,ca,renovation,0.40,139,"Video Carousel, Related Searches, AI Overview, Site Links, Video, People Also Ask, Short Videos, Discussions And Forums, Reviews","0.53,0.82,1.00,1.00,0.82,1.00,0.53,0.17,0.66,1.00,0.53,0.82",20,,,,,,
semrush-export,,,,how much bathroom renovation,,Informational,,,,,,,,,,110,23,1.47,yes,ca,renovation,0.40,141,"AI Overview, Site Links, Reviews, Video, People Also Ask, Related Searches, Discussions And Forums","0.34,0.34,0.34,0.34,0.28,0.28,0.28,0.34,0.34,0.34,0.65,0.43",20,,,,,,
semrush-export,,,,how much is a bathroom renovation,,"Informational, Commercial",,,,,,,,,,110,13,1.47,yes,ca,renovation,0.40,95,"People Also Ask, Popular Products, Related Searches, AI Overview, Site Links, Reviews","0.12,0.23,0.23,0.23,0.28,0.28,0.17,0.23,0.17,0.23,1.00,1.00",20,,,,,,
semrush-export,,,,how much to finish a basement,,Informational,,,,,,,,,,260,19,1.46,yes,ca,renovation,0.20,133,"People Also Ask, Related Searches, Short Videos, Discussions And Forums, AI Overview, Site Links, Video, Video Carousel","0.54,0.66,0.66,0.81,0.54,0.43,0.22,0.29,0.29,0.43,0.43,0.43",20,,,,,,
semrush-export,,,,how much does a home remodel cost,,Informational,,,,,,,,,,140,15,1.44,yes,ca,renovation,0.13,196,"Related Searches, Discussions And Forums, AI Overview, Site Links, Reviews, Video, People Also Ask","0.43,0.43,0.28,1.00,0.34,0.28,0.21,0.34,0.21,0.34,0.43,0.21",20,,,,,,
semrush-export,,,,how much does it cost to redo a house,,Informational,,,,,,,,,,140,14,1.44,yes,ca,renovation,0.13,135,"People Also Ask, Related Searches, Discussions And Forums, AI Overview, Site Links, Reviews, Video","0.43,0.43,0.28,1.00,0.34,0.28,0.21,0.34,0.21,0.34,0.43,0.21",20,,,,,,
semrush-export,,,,how much does it cost to renovate a house,,Informational,,,,,,,,,,140,18,1.44,yes,ca,renovation,0.13,137,"Site Links, Reviews, Video, People Also Ask, Related Searches, Discussions And Forums, AI Overview","0.35,0.53,0.43,1.00,0.35,0.23,0.23,0.28,0.17,0.28,0.35,0.23",20,,,,,,
semrush-export,,,,how much will it cost to renovate a house,,Informational,,,,,,,,,,140,28,1.44,yes,ca,renovation,0.13,62,"Video, People Also Ask, Related Searches, AI Overview, Site Links, Reviews","0.43,0.43,0.28,1.00,0.34,0.28,0.21,0.34,0.21,0.34,0.43,0.21",20,,,,,,
semrush-export,,,,how much does a house renovation cost,,Informational,,,,,,,,,,110,16,1.44,yes,ca,renovation,0.13,133,"People Also Ask, Related Searches, Discussions And Forums, AI Overview, Site Links, Reviews, Video","0.42,0.66,0.66,1.00,0.52,0.33,0.33,0.52,0.33,0.52,0.52,0.33",20,,,,,,
semrush-export,,,,how much is a basement remodel,,Informational,,,,,,,,,,390,14,1.42,yes,ca,renovation,0.22,205,"Reviews, Video, Video Carousel, People Also Ask, Short Videos, Discussions And Forums, Site Links, Related Searches, AI Overview","0.11,0.11,0.11,1.00,0.08,0.11,0.07,0.08,0.08,0.11,0.11,0.08",20,,,,,,
semrush-export,,,,how much cost to finish basement,,Informational,,,,,,,,,,210,25,1.42,yes,ca,renovation,0.22,132,"People Also Ask, Related Searches, Short Videos, Discussions And Forums, AI Overview, Site Links, Reviews, Video","0.53,0.53,0.53,1.00,0.66,0.53,0.28,0.35,0.35,0.53,0.43,0.53",20,,,,,,
semrush-export,,,,how much does a bathroom renovation cost,,Informational,,,,,,,,,,390,4,1.41,yes,ca,renovation,0.35,196,"Reviews, Video, People Also Ask, Related Searches, Discussions And Forums, AI Overview, Site Links","0.44,0.54,0.66,1.00,0.54,0.44,0.36,0.66,0.54,0.81,0.54,0.66",20,,,,,,
semrush-export,,,,how much does it cost to do a bathroom renovation,,Informational,,,,,,,,,,390,23,1.41,yes,ca,renovation,0.35,137,"Video, Adwords Bottom, People Also Ask, Related Searches, Discussions And Forums, AI Overview, Site Links, Reviews","0.36,0.36,0.36,1.00,0.44,0.36,0.36,0.54,0.54,0.81,0.54,0.44",20,,,,,,
semrush-export,,,,how much does it cost to renovate a bathroom,,Informational,,,,,,,,,,390,18,1.41,yes,ca,renovation,0.35,139,"Discussions And Forums, AI Overview, Site Links, Reviews, Video, People Also Ask, Related Searches","0.54,0.66,0.66,0.81,0.66,0.54,0.44,0.54,0.54,1.00,0.54,0.66",20,,,,,,
semrush-export,,,,how much will it cost to redo a bathroom,,Informational,,,,,,,,,,390,27,1.41,yes,ca,renovation,0.35,136,"Short Videos, Discussions And Forums, AI Overview, Site Links, Reviews, Video, People Also Ask, Related Searches","0.36,0.36,0.36,1.00,0.44,0.36,0.36,0.54,0.54,0.81,0.54,0.44",20,,,,,,
semrush-export,,,,how much will it cost to renovate a bathroom,,Informational,,,,,,,,,,390,15,1.41,yes,ca,renovation,0.35,137,"Site Links, Reviews, Video, Related Searches, Discussions And Forums, Adwords Bottom, People Also Ask, Short Videos, AI Overview","0.36,0.36,0.36,1.00,0.44,0.36,0.36,0.54,0.54,0.81,0.54,0.44",20,,,,,,
semrush-export,,,,how much would it cost to remodel a bathroom,,Informational,,,,,,,,,,390,26,1.41,yes,ca,renovation,0.35,136,"Video, People Also Ask, Related Searches, Discussions And Forums, AI Overview, Site Links, Reviews","0.36,0.36,0.36,1.00,0.44,0.36,0.36,0.54,0.54,0.81,0.54,0.44",20,,,,,,
semrush-export,,,,how much does a bathroom remodel cost,,Informational,,,,,,,,,,320,22,1.41,yes,ca,renovation,0.35,197,"Site Links, Reviews, Video Carousel, People Also Ask, Related Searches, Short Videos, Discussions And Forums, AI Overview, Video","0.66,0.66,0.54,1.00,0.66,0.54,0.43,0.66,0.54,0.81,0.43,0.54",20,,,,,,
semrush-export,,,,how much does it cost to redo a bathroom,,Informational,,,,,,,,,,320,23,1.41,yes,ca,renovation,0.35,138,"Video, People Also Ask, Related Searches, Discussions And Forums, AI Overview, Site Links, Reviews","0.23,0.44,0.36,0.66,0.44,0.36,0.29,0.44,0.36,0.66,0.29,0.36",20,,,,,,
semrush-export,,,,how much would it cost to renovate a bathroom,,Informational,,,,,,,,,,260,14,1.41,yes,ca,renovation,0.35,137,"Reviews, Video, People Also Ask, Related Searches, Discussions And Forums, AI Overview, Site Links","0.35,0.54,0.54,0.22,0.29,0.35,0.43,0.54,0.54,1.00,0.54,0.54",20,,,,,,
semrush-export,,,,how much does it cost for bathroom remodel,,Informational,,,,,,,,,,140,26,1.41,yes,ca,renovation,0.35,203,"AI Overview, Site Links, Reviews, Video, People Also Ask, Related Searches, Short Videos, Discussions And Forums","0.65,0.80,0.80,0.65,0.65,0.26,0.00,0.53,0.65,0.80,0.07,1.00",20,,,,,,
semrush-export,,,,how much does it cost to remodel a bathroom,,Informational,,,,,,,,,,140,18,1.41,yes,ca,renovation,0.35,140,"Site Links, Reviews, Video, People Also Ask, Related Searches, Short Videos, Discussions And Forums","0.43,0.43,0.65,0.43,0.21,0.28,0.81,0.53,0.43,0.65,0.65,0.81",20,,,,,,
semrush-export,,,,how much does it cost to renovate a kitchen,,Informational,,,,,,,,,,320,8,1.36,yes,ca,renovation,0.30,137,"Site Links, Reviews, Video, People Also Ask, Related Searches, Short Videos, Discussions And Forums, AI Overview","0.81,0.66,0.44,0.54,0.54,0.54,0.44,0.66,0.44,0.81,0.54,0.54",20,,,,,,
semrush-export,,,,how much does a bathroom reno cost,,Informational,,,,,,,,,,110,15,1.41,yes,ca,renovation,0.32,193,"People Also Ask, Related Searches, Short Videos, Discussions And Forums, AI Overview, Site Links, Reviews, Video","0.34,0.53,0.42,0.53,0.53,0.53,0.42,0.42,0.42,0.42,0.26,0.26",20,,,,,,
semrush-export,,,,how to apply for heat pump rebate,,Informational,,,,,,,,,,170,29,1.35,yes,ca,renovation,0.47,140,"Video Carousel, People Also Ask, Related Searches, Adwords Middle, AI Overview, Reviews, Video, Adwords Bottom","0.22,0.54,0.43,0.43,0.29,0.35,0.43,0.43,0.29,0.29,0.43,0.22",90,,,,,,
semrush-export,,,,how much to redo a kitchen,,Informational,,,,,,,,,,390,4,1.29,yes,ca,renovation,0.36,136,"Reviews, Video, Video Carousel, People Also Ask, Related Searches, Discussions And Forums, AI Overview, Site Links","0.54,0.81,0.66,0.81,0.66,0.54,0.54,0.66,0.54,0.66,0.66,0.66",20,,,,,,
semrush-export,,,,how much is it to renovate a kitchen,,Informational,,,,,,,,,,320,6,1.29,yes,ca,renovation,0.36,134,"Site Links, Video, Short Videos, Discussions And Forums, Reviews, Video Carousel, People Also Ask, Related Searches, AI Overview","0.28,0.54,0.28,0.66,0.54,0.44,0.44,0.81,0.44,0.54,0.54,0.44",20,,,,,,
semrush-export,,,,how much kitchen renovation cost,,Informational,,,,,,,,,,320,7,1.29,yes,ca,renovation,0.36,135,"AI Overview, Site Links, Reviews, Video, People Also Ask, Related Searches, Discussions And Forums","0.54,0.66,0.44,0.54,0.15,0.36,0.36,0.44,0.36,0.44,0.54,0.54",20,,,,,,
semrush-export,,,,how much is it to redo a kitchen,,Informational,,,,,,,,,,260,4,1.29,yes,ca,renovation,0.36,136,"Video, People Also Ask, Related Searches, Short Videos, AI Overview, Reviews, Video Carousel, Discussions And Forums, Site Links","0.35,0.66,0.35,0.81,0.66,0.54,0.54,0.43,0.54,0.66,0.66,0.54",20,,,,,,
semrush-export,,,,how much is it to remodel a kitchen,,Informational,,,,,,,,,,260,8,1.29,yes,ca,renovation,0.36,135,"Reviews, Video, People Also Ask, Related Searches, Short Videos, Discussions And Forums, AI Overview, Site Links","0.43,0.35,0.54,0.54,0.29,0.43,0.54,0.81,0.43,0.66,0.54,0.81",20,,,,,,
semrush-export,,,,how much to remodel a kitchen,,Informational,,,,,,,,,,260,9,1.29,yes,ca,renovation,0.36,134,"Video, Video Carousel, People Also Ask, Discussions And Forums, Reviews, Related Searches, Short Videos, AI Overview, Site Links","0.13,0.16,0.08,0.10,0.08,0.10,0.10,0.10,0.07,0.13,0.13,0.13",20,,,,,,
semrush-export,,,,how much is a kitchen reno,,Informational,,,,,,,,,,210,5,1.29,yes,ca,renovation,0.36,50,"People Also Ask, Related Searches, Site Links, Reviews, Video","0.02,0.66,0.54,0.81,0.66,0.54,0.29,0.29,0.06,0.66,0.43,0.43",20,,,,,,
semrush-export,,,,how much it cost to renovate a kitchen,,Informational,,,,,,,,,,210,11,1.29,yes,ca,renovation,0.36,136,"People Also Ask, Related Searches, Discussions And Forums, AI Overview, Site Links, Reviews, Video, Video Carousel","0.28,0.28,0.44,0.44,0.23,0.28,0.54,0.44,0.44,0.54,0.44,0.23",20,,,,,,
semrush-export,,,,how much is a kitchen renovation,,Informational,,,,,,,,,,110,3,1.29,yes,ca,renovation,0.36,195,"Site Links, Reviews, Video, People Also Ask, Related Searches, Discussions And Forums, AI Overview","0.15,0.43,0.53,0.34,0.12,0.12,1.00,0.21,0.53,0.12,0.06,0.09",20,,,,,,
semrush-export,,,,how much does it cost to do a kitchen remodel,,Informational,,,,,,,,,,390,5,1.24,yes,ca,renovation,0.29,137,"Site Links, Reviews, Video, People Also Ask, Related Searches, Short Videos, Discussions And Forums","0.54,0.44,0.44,0.81,0.54,0.44,0.44,0.66,0.54,0.81,0.66,0.54",20,,,,,,
semrush-export,,,,how much does it cost to redo your kitchen,,Informational,,,,,,,,,,390,19,1.24,yes,ca,renovation,0.29,137,"Site Links, Reviews, Video, People Also Ask, Related Searches, Discussions And Forums, AI Overview","0.54,0.44,0.44,0.81,0.54,0.44,0.44,0.66,0.54,0.81,0.66,0.54",20,,,,,,
semrush-export,,,,how much should a kitchen remodel cost,,Informational,,,,,,,,,,390,21,1.24,yes,ca,renovation,0.29,136,"Discussions And Forums, AI Overview, Site Links, Reviews, Video, People Also Ask, Related Searches, Short Videos","0.54,0.44,0.44,0.81,0.54,0.44,0.44,0.66,0.54,0.81,0.66,0.54",20,,,,,,
semrush-export,,,,how much will a kitchen remodel cost,,Informational,,,,,,,,,,390,17,1.24,yes,ca,renovation,0.29,137,"Site Links, Reviews, Video, People Also Ask, Related Searches, Short Videos, Discussions And Forums","0.54,0.44,0.44,0.81,0.54,0.44,0.44,0.66,0.54,0.81,0.66,0.54",20,,,,,,
semrush-export,,,,how much will a kitchen renovation cost,,Informational,,,,,,,,,,390,8,1.24,yes,ca,renovation,0.29,192,"Site Links, Reviews, Video, Video Carousel, People Also Ask, Related Searches, Discussions And Forums, AI Overview","0.54,0.44,0.44,0.81,0.54,0.44,0.44,0.66,0.54,0.81,0.66,0.54",20,,,,,,
semrush-export,,,,how much would a kitchen remodel cost,,Informational,,,,,,,,,,390,19,1.24,yes,ca,renovation,0.29,193,"Discussions And Forums, AI Overview, Site Links, Reviews, Video, People Also Ask, Related Searches, Short Videos","0.54,0.44,0.44,0.81,0.54,0.44,0.44,0.66,0.54,0.81,0.66,0.54",20,,,,,,
semrush-export,,,,how much would a kitchen renovation cost,,Informational,,,,,,,,,,390,9,1.24,yes,ca,renovation,0.29,193,"Short Videos, Discussions And Forums, AI Overview, Site Links, Reviews, Video, People Also Ask, Related Searches","0.54,0.44,0.44,0.81,0.54,0.44,0.44,0.66,0.54,0.81,0.66,0.54",20,,,,,,
semrush-export,,,,how much does a kitchen renovation cost,,Informational,,,,,,,,,,320,14,1.24,yes,ca,renovation,0.29,200,"AI Overview, Site Links, Reviews, Video, Video Carousel, People Also Ask, Related Searches, Discussions And Forums","0.66,0.81,0.81,0.66,0.54,0.29,0.43,0.43,0.66,0.66,0.54,0.66",20,,,,,,
semrush-export,,,,how much does a kitchen remodel cost,,Informational,,,,,,,,,,260,15,1.24,yes,ca,renovation,0.29,136,"Video, Video Carousel, People Also Ask, Related Searches, Site Links, Reviews, Short Videos, Discussions And Forums, AI Overview","0.43,0.35,0.54,0.54,0.66,0.54,0.43,0.54,0.35,0.54,0.43,0.54",20,,,,,,
semrush-export,,,,how much does a kitchen reno cost,,Informational,,,,,,,,,,260,4,1.24,yes,ca,renovation,0.29,201,"Reviews, Video, Video Carousel, People Also Ask, Short Videos, AI Overview, Site Links, Related Searches, Discussions And Forums","0.54,0.44,0.54,0.44,0.66,0.44,0.06,0.66,0.54,0.66,0.06,0.54",20,,,,,,
semrush-export,,,,how much does it cost to redo a kitchen,,Informational,,,,,,,,,,260,4,1.24,yes,ca,renovation,0.29,137,"Related Searches, Short Videos, Discussions And Forums, AI Overview, Site Links, Reviews, Video, People Also Ask","0.23,0.19,0.29,0.29,0.36,0.29,0.23,0.29,0.19,0.29,0.23,0.29",20,,,,,,
semrush-export,,,,how much does kitchen reno cost,,Informational,,,,,,,,,,210,4,1.24,yes,ca,renovation,0.29,200,"AI Overview, Site Links, Reviews, Video, Video Carousel, People Also Ask, Related Searches, Discussions And Forums","0.02,0.66,0.66,0.66,0.35,0.28,0.66,0.53,0.82,0.66,1.00,0.82",20,,,,,,
semrush-export,,,,how do you refinish a bathtub,,Informational,,,,,,,,,,110,30,1.13,yes,ca,renovation,1.00,102,"Related Searches, Short Videos, AI Overview, Video, Video Carousel, People Also Ask","0.78,0.50,0.78,0.78,0.64,0.78,0.64,0.78,0.64,0.78,0.78,0.50",90,,,,,,
semrush-export,,,,how much should a 10x10 kitchen remodel cost,,Informational,,,,,,,,,,110,29,1.04,yes,ca,renovation,0.48,186,"People Also Ask, Related Searches, Discussions And Forums, AI Overview, Site Links, Reviews, Video","0.53,0.65,0.65,0.53,0.42,0.34,0.34,0.42,0.34,0.34,0.26,0.42",20,,,,,,
semrush-export,,,,how to bathtub refinishing,,Informational,,,,,,,,,,110,30,1.13,yes,ca,renovation,1.00,103,"People Also Ask, Related Searches, Short Videos, AI Overview, Reviews, Video, Video Carousel","0.33,0.42,0.52,0.52,0.33,0.66,1.00,0.52,0.66,0.52,1.00,0.42",90,,,,,,
semrush-export,,,,how much does a new kitchen cost,,Informational,,,,,,,,,,170,16,0.90,yes,ca,renovation,0.66,126,"Site Links, Reviews, Video, Video Carousel, People Also Ask, Popular Products, Discussions And Forums, AI Overview, Related Searches","0.34,1.00,1.00,0.80,0.53,0.26,0.26,0.53,0.65,0.80,0.80,0.42",20,,,,,,
semrush-export,,,,how to renovate a kitchen,,Informational,,,,,,,,,,140,27,0.66,yes,ca,renovation,0.15,125,"People Also Ask, Related Searches, Video, Short Videos, Discussions And Forums, AI Overview, Site Links, Reviews, Video Carousel","0.33,0.52,0.66,0.80,0.80,1.00,0.80,0.80,0.66,0.80,0.80,0.52",20,,,,,,
semrush-export,,,,how to finish a basement,,Informational,,,,,,,,,,260,24,0.64,yes,ca,renovation,0.18,106,"Related Searches, AI Overview, Site Links, Reviews, Video, Video Carousel, People Also Ask","0.35,0.35,0.44,0.44,0.35,0.66,1.00,0.81,0.54,0.44,0.35,0.35",20,,,,,,
semrush-export,,,,how much to build a house ontario,,Informational,,,,,,,,,,210,5,0.64,yes,ca,renovation,0.14,129,"Video, People Also Ask, Related Searches, Discussions And Forums, AI Overview, Site Links, Reviews","0.35,0.43,0.54,0.35,0.43,0.35,0.22,0.35,0.29,0.35,0.35,0.43",20,,,,,,
semrush-export,,,,how to finished basement,,Informational,,,,,,,,,,210,27,0.64,yes,ca,renovation,0.18,102,"Related Searches, Discussions And Forums, AI Overview, Site Links, Reviews, Video, Video Carousel, People Also Ask","0.28,0.53,0.66,0.53,0.28,0.53,1.00,0.53,0.53,0.53,0.53,0.35",20,,,,,,
semrush-export,,,,how do you finish a basement,,Informational,,,,,,,,,,140,27,0.64,yes,ca,renovation,0.18,100,"Site Links, Reviews, Video, Video Carousel, People Also Ask, Related Searches, Discussions And Forums, AI Overview","0.53,0.53,0.65,0.53,0.42,0.65,0.65,0.65,0.53,0.53,0.53,0.42",20,,,,,,
semrush-export,,,,how much per sf to build a house,,Informational,,,,,,,,,,110,14,0.58,yes,ca,renovation,0.04,134,"Video, Video Carousel, People Also Ask, Related Searches, Discussions And Forums, AI Overview, Site Links, Reviews","0.52,0.52,0.82,0.82,0.52,0.52,0.41,0.64,0.64,0.82,1.00,0.82",20,,,,,,
semrush-export,,,,how much does it cost to do an extension,,Informational,,,,,,,,,,140,13,0.39,yes,ca,renovation,0.22,131,"Site Links, Reviews, Video, People Also Ask, Related Searches, Discussions And Forums, AI Overview","0.82,0.82,0.82,0.82,0.82,0.82,0.64,0.64,0.64,0.82,0.82,0.82",20,,,,,,
semrush-export,,,,how much to extend,,Informational,,,,,,,,,,140,14,0.34,yes,ca,renovation,0.34,127,"Site Links, Reviews, Video, People Also Ask, Related Searches, AI Overview","0.82,0.82,0.82,1.00,0.82,0.82,0.64,1.00,0.64,0.82,0.82,0.64",20,,,,,,
semrush-export,,,,how to remodel bedroom,,Informational,,,,,,,,,,720,27,0.00,yes,ca,renovation,0.02,109,"Reviews, Video, Adwords Bottom, Video Carousel, People Also Ask, Related Searches, AI Overview, Site Links","0.00,0.00,0.00,0.00,0.00,0.00,0.00,0.00,0.00,0.00,1.00,0.01",20,,,,,,
semrush-export,,,,how to design a functional entryway,,Informational,,,,,,,,,,590,25,0.00,yes,ca,renovation,0.00,104,"Related Searches, Discussions And Forums, AI Overview, Video, Video Carousel, People Also Ask","0.00,0.00,0.00,0.24,0.05,0.05,0.08,0.13,0.13,1.00,0.41,0.36",90,,,,,,
